id,mw,mw_type
ak000126digo,5.5,mwc
ak0001kedehd,5.6,mwc
ak0006fvclqz,5.9,mwb
ak0008v7ic1n,6.5,mwc
ak0008v7jnot,5.67,mw
ak000eaixc1d,5.8,mwc
ak000fcjnuse,5.8,mwc
ak000gef3jyo,5.6,mwc
ak00115fl54p,5.5,mwc
ak0019727ar1,5.9,mwc
ak0019lroivn,6.7,mww
ak001gswxc7,6.9,mww
ak002dlpsbnr,6.6,mww
ak002e435qpj,7.9,mww
ak002e439z6u,5.76,mw
ak0038vkfa42,6.0,mwb
ak0039vmzlo2,5.6,mwc
ak0041w552xi,5.5,mwc
ak00489udzds,6.7,mww
ak004x7kw4c,5.5,mwc
ak0054jz8chp,5.8,mwc
ak0078jiux5,5.8,mwc
ak0086prvtd2,5.9,mwc
ak00913zo63t,5.8,mwc
ak00943b2pqt,6.0,mwc
ak009697xs3z,5.9,mwc
ak0099gpk89q,5.6,mwc
ak0123800l9g,5.5,mww
ak012fko16th,5.8,mww
ak0131ffc3tc,5.9,mww
ak0138esnzr,7.5,mww
ak013ne6tla,5.5,mww
ak0144yx0r4n,5.6,mww
ak0144yx3dwz,5.6,mww
ak0145nk7efh,5.7,mww
ak0145z8amwh,5.7,mww
ak01479djus2,5.8,mww
ak0147odwe1b,5.7,mww
ak0149guzic1,6.1,mww
ak014cbigci8,6.2,mww
ak0156uj8rk3,6.8,mww
ak01581sc69w,5.8,mww
ak0159nc9dk8,6.3,mww
ak01613v15nv,7.1,mww
ak01649w95tp,6.2,mww
ak0166zpwei8,5.7,mww
ak0169f6vp18,5.5,mww
ak0172sx1gks,5.6,mww
ak017b65zkfy,5.5,mww
ak018aap2cqu,6.4,mww
ak018aasz24z,6.0,mww
ak018exsi6u4,5.5,mww
ak018fcnsk91,7.0,mww
ak018fcntv5m,5.8,mww
ak0196r9o3rq,5.8,mww
ak020dgx8guc,5.9,mww
ak0214icukav,5.5,mww
ak0216xu2rod,6.1,mww
ak0219neiszm,8.2,mww
ak0219nejm3h,6.44,mw
ak0219nekhhk,6.47,mw
ak0219p0hp3k,5.5,mww
ak021bwmmasc,5.6,mww
ak021d1u1nos,6.9,mww
ak021gbh4rso,5.9,mww
ak024jyw3sk,5.9,mww
ak025215oy3m,5.7,mww
ak025b7povrc,5.6,mww
ak2025xjbvhj,6.0,mww
ak9881qzgn36,6.4,mwc
ak988fe64l3g,5.7,mwc
ak9897od09pa,5.6,mwc
ak989bcpkhdo,7.0,mwc
ak99032ynbnj,5.6,mwc
ak9905kdmjlk,6.5,mww
ak9906upz2ax,6.1,mwc
ak9908ts759e,5.5,mwc
ak990achmyk9,5.5,mwc
ak9915k8az9c,6.3,mwc
ak99181hs4fy,5.6,mwc
ak992640hvsx,5.5,mwc
ak9934vdehk5,5.5,mwc
ak9936t0spi3,5.5,mwc
ak993ew5kxsm,5.9,mwc
ak9951zg3gik,5.6,mwc
ak9956mby779,5.5,mwc
ak995cti1ypa,6.0,mwc
ak995gq0uqck,5.7,mwc
ak9961r71dl0,5.51,mw
ak996dlw9hf1,5.7,mwc
ak996frcxrhs,5.5,mwc
ak9988qjnmuz,6.1,mwc
ak998ec5t1ne,5.7,mwc
ak9995qwb5j3,5.7,mwc
ak9995u9o1gr,6.2,mwc
ak9996r8tfqa,5.6,mwc
ak999axmnaue,5.5,mwc
ak999fmohlzt,7.0,mww
ak999fnydiyi,6.4,mwc
aka2026powmkf,5.2,mww
ci1053635,5.7,mwc
ci12456384,5.5,mwc
ci134894,6.0,mwc
ci14565620,5.9,mwc
ci14607652,7.3,mww
ci14745580,5.8,mwc
ci2021449,5.6,mwc
ci2057008,5.26,mw
ci3019681,6.1,mwc
ci3031111,7.3,mww
ci3031425,6.5,mwc
ci3041390,5.43,mw
ci3105173,6.1,mwc
ci3141273,5.8,mwc
ci3144585,6.6,mwc
ci31957759,5.7,mw
ci3231786,5.5,mwc
ci3310205,5.6,mwc
ci3347678,6.6,mw
ci3352060,6.5,mwc
ci38443183,6.5,mww
ci38457511,7.1,mww
ci38457687,5.4,mww
ci39462536,5.5,mww
ci39493944,5.8,mww
ci514869,5.9,mwc
ci628016,6.5,mwc
ci700917,6.0,mwc
ci731691,5.9,mwc
ci9108652,7.1,mww
ci9730174,6.3,mwc
ci9732601,5.8,mwc
gcmtc071203e,5.9,mwc
hv1251379,5.7,mwc
hv19730624,6.38,mw
hv19743383,5.84,mw
hv19744852,5.55,mw
hv19755013,5.89,mw
hv19755025,7.7,mw
hv19793209,5.5,mwc
hv19820171,5.7,mwc
hv19820175,5.6,mwc
hv19832451,5.3,mwc
hv19832953,6.6,mwc
hv311275,6.4,mwc
hv5532127,6.7,mww
hv6000471,6.1,mwc
hv70116411,5.4,mww
hv70116556,6.9,mww
hv70863117,4.9,mww
hv72748782,5.7,mww
hv74103036,5.7,mww
hv74966427,5.9,mww
iscgem16394566,5.78,mw
iscgem17197881,5.8,mww
iscgem17576175,5.67,mw
iscgem227038,5.57,mw
iscgem3265188,5.5,mw
iscgem407189,5.89,mw
iscgem490737,5.53,mw
iscgem511981,5.63,mw
iscgem545335,5.83,mw
iscgem562898,5.84,mw
iscgem562899,6.11,mw
iscgem577797,5.62,mw
iscgem593206,5.5,mw
iscgem597450,7.3,mwc
iscgem600697919,5.99,mw
iscgem615000837,5.6,mw
iscgem619921848,5.5,mw
iscgem623691,5.62,mw
iscgem623712,5.74,mw
iscgem623730,5.56,mw
iscgem631694,5.93,mw
iscgem633220,5.5,mw
iscgem639614,5.69,mw
iscgem642044627,5.68,mw
iscgem677417,5.69,mw
iscgem691017,6.0,mwc
iscgem694739,8.3,mw
iscgem694742,5.52,mw
iscgem701254,5.55,mw
iscgem701256,5.52,mw
iscgem708631,5.7,mw
iscgem708637,5.53,mw
iscgem708639,5.55,mw
iscgem708644,5.56,mw
iscgem719016,6.24,mw
iscgem731814,6.36,mw
iscgem735237,6.32,mw
iscgem7398408,6.51,mw
iscgem7453859,5.95,mw
iscgem753187,6.2,mw
iscgem753910,5.68,mw
iscgem754290,5.7,mw
iscgem754293,5.58,mw
iscgem755470,5.51,mw
iscgem758332,5.51,mw
iscgem765489,5.71,mw
iscgem765494,5.81,mw
iscgem765501,8.0,mw
iscgem765503,5.55,mw
iscgem765504,5.71,mw
iscgem765515,6.05,mw
iscgem765518,5.63,mw
iscgem765522,5.94,mw
iscgem765534,5.62,mw
iscgem765556,6.05,mw
iscgem765596,5.91,mw
iscgem765599,5.85,mw
iscgem765618,7.32,mw
iscgem765638,5.56,mw
iscgem765650,6.0,mw
iscgem765674,5.71,mw
iscgem765703,5.89,mw
iscgem765720,5.99,mw
iscgem765733,5.9,mw
iscgem765745,5.81,mw
iscgem765803,5.87,mw
iscgem765813,5.62,mw
iscgem765821,5.62,mw
iscgem765843,5.9,mw
iscgem765851,5.6,mw
iscgem765872,6.18,mw
iscgem765877,5.5,mw
iscgem765878,5.88,mw
iscgem765901,5.89,mw
iscgem765916,5.55,mw
iscgem765962,6.1,mw
iscgem765985,5.77,mw
iscgem766059,5.85,mw
iscgem766065,5.81,mw
iscgem766079,5.68,mw
iscgem766165,5.66,mw
iscgem766217,5.75,mw
iscgem766232,5.56,mw
iscgem766233,6.27,mw
iscgem766282,5.73,mw
iscgem766294,5.6,mw
iscgem766314,5.62,mw
iscgem766341,6.06,mw
iscgem766360,5.8,mw
iscgem766448,5.5,mw
iscgem766508,5.68,mw
iscgem766527,5.64,mw
iscgem766534,6.56,mw
iscgem766541,6.04,mw
iscgem766571,6.28,mw
iscgem766629,5.74,mw
iscgem766644,5.76,mw
iscgem766673,5.89,mw
iscgem766720,5.55,mw
iscgem766744,5.5,mw
iscgem766752,6.1,mw
iscgem766756,6.02,mw
iscgem766762,5.93,mw
iscgem766774,5.69,mw
iscgem766778,5.6,mw
iscgem766781,5.76,mw
iscgem766799,6.14,mw
iscgem766807,5.63,mw
iscgem766810,5.65,mw
iscgem766822,5.94,mw
iscgem766897,5.51,mw
iscgem766918,5.79,mw
iscgem766936,7.0,mw
iscgem766961,5.55,mw
iscgem766965,5.79,mw
iscgem766971,5.55,mw
iscgem766972,5.52,mw
iscgem766973,5.72,mw
iscgem766980,6.22,mw
iscgem766990,5.75,mw
iscgem767020,6.0,mw
iscgem767054,5.84,mw
iscgem767086,5.62,mw
iscgem767125,5.91,mw
iscgem767147,5.53,mw
iscgem767161,5.77,mw
iscgem767168,6.1,mw
iscgem767196,5.88,mw
iscgem767212,5.67,mw
iscgem767268,5.63,mw
iscgem767271,5.62,mw
iscgem767290,6.2,mw
iscgem767301,6.77,mw
iscgem767307,5.8,mw
iscgem767329,5.93,mw
iscgem767370,5.53,mw
iscgem767401,5.91,mw
iscgem767414,5.81,mw
iscgem767428,5.85,mw
iscgem767450,5.5,mw
iscgem767495,5.68,mw
iscgem767507,5.64,mw
iscgem767511,5.67,mw
iscgem767527,5.55,mw
iscgem767532,5.56,mw
iscgem767540,5.53,mw
iscgem767545,5.8,mw
iscgem767547,6.54,mw
iscgem767558,5.71,mw
iscgem767568,5.62,mw
iscgem767595,5.9,mw
iscgem767601,5.57,mw
iscgem767673,5.61,mw
iscgem767686,5.68,mw
iscgem767712,5.52,mw
iscgem767743,5.58,mw
iscgem767748,5.66,mw
iscgem767767,5.61,mw
iscgem767772,5.6,mw
iscgem767788,6.32,mw
iscgem767845,5.51,mw
iscgem767870,5.5,mw
iscgem767932,5.9,mw
iscgem767972,5.55,mw
iscgem767995,5.52,mw
iscgem768110,5.67,mw
iscgem768118,6.31,mw
iscgem768140,5.74,mw
iscgem768245,5.71,mw
iscgem768303,5.52,mw
iscgem768305,5.8,mw
iscgem768318,5.93,mw
iscgem768339,5.6,mw
iscgem768340,5.62,mw
iscgem768363,5.52,mw
iscgem768375,5.89,mw
iscgem768376,5.51,mw
iscgem768467,5.9,mw
iscgem768494,5.9,mw
iscgem768533,6.22,mw
iscgem768538,6.64,mw
iscgem768559,5.54,mw
iscgem768580,5.5,mw
iscgem768644,5.56,mw
iscgem768683,5.55,mw
iscgem768705,5.54,mw
iscgem768710,5.6,mw
iscgem768719,5.55,mw
iscgem768732,6.27,mw
iscgem768753,5.65,mw
iscgem768757,6.3,mw
iscgem768758,5.9,mw
iscgem768802,5.53,mw
iscgem768814,5.5,mw
iscgem768827,5.5,mw
iscgem768851,6.1,mw
iscgem768886,5.9,mw
iscgem768900,6.02,mw
iscgem768911,6.2,mw
iscgem768932,5.65,mw
iscgem768956,6.22,mw
iscgem768963,5.85,mw
iscgem768987,6.2,mw
iscgem769036,5.51,mw
iscgem769051,5.69,mw
iscgem769065,5.54,mw
iscgem769082,5.92,mw
iscgem769103,6.28,mw
iscgem769104,6.35,mw
iscgem769151,5.57,mw
iscgem769158,5.6,mw
iscgem769181,5.76,mw
iscgem769184,5.66,mw
iscgem769197,5.76,mw
iscgem769213,6.27,mw
iscgem769237,6.28,mw
iscgem769262,6.23,mw
iscgem769268,5.71,mw
iscgem769303,5.63,mw
iscgem769305,5.72,mw
iscgem769309,6.1,mw
iscgem769332,5.62,mw
iscgem769363,5.83,mw
iscgem769369,6.4,mw
iscgem769371,5.66,mw
iscgem769392,5.57,mw
iscgem769415,5.7,mw
iscgem769420,5.84,mw
iscgem769434,5.55,mw
iscgem769443,5.94,mw
iscgem769447,5.67,mw
iscgem769451,5.89,mw
iscgem769461,5.56,mw
iscgem769484,6.16,mw
iscgem769592,5.6,mw
iscgem769608,6.16,mw
iscgem769642,5.84,mw
iscgem769647,5.52,mw
iscgem769666,5.7,mw
iscgem769674,5.58,mw
iscgem769685,5.56,mw
iscgem769687,5.65,mw
iscgem769692,5.6,mw
iscgem769749,5.73,mw
iscgem769763,5.58,mw
iscgem769766,6.3,mw
iscgem769785,5.85,mw
iscgem769882,6.8,mw
iscgem769886,5.54,mw
iscgem769890,5.99,mw
iscgem769955,6.0,mw
iscgem769959,5.75,mw
iscgem769977,6.19,mw
iscgem769994,5.82,mw
iscgem770048,5.95,mw
iscgem770064,5.81,mw
iscgem770073,5.75,mw
iscgem770115,5.62,mw
iscgem770161,5.54,mw
iscgem770163,6.08,mw
iscgem770175,6.33,mw
iscgem770183,5.64,mw
iscgem770184,5.56,mw
iscgem770193,5.65,mw
iscgem770229,6.1,mw
iscgem770242,6.28,mw
iscgem770248,6.07,mw
iscgem770253,6.09,mw
iscgem770271,5.5,mw
iscgem770273,6.05,mw
iscgem770308,6.34,mw
iscgem770325,5.71,mw
iscgem770351,6.09,mw
iscgem770356,5.59,mw
iscgem770384,5.74,mw
iscgem770396,5.9,mw
iscgem770421,5.62,mw
iscgem770453,5.65,mw
iscgem770466,5.62,mw
iscgem770467,5.51,mw
iscgem770502,5.87,mw
iscgem770510,5.86,mw
iscgem770574,5.62,mw
iscgem770580,5.6,mw
iscgem770627,5.81,mw
iscgem770658,5.52,mw
iscgem770672,7.5,mw
iscgem770674,6.09,mw
iscgem770677,5.73,mw
iscgem770751,5.65,mw
iscgem770755,5.65,mw
iscgem770771,6.23,mw
iscgem770773,5.76,mw
iscgem770851,5.65,mw
iscgem771000,5.59,mw
iscgem771053,6.1,mw
iscgem771069,5.68,mw
iscgem771107,6.45,mw
iscgem771120,5.6,mw
iscgem771137,5.81,mw
iscgem771140,5.71,mw
iscgem771213,5.56,mw
iscgem771233,5.73,mw
iscgem771244,5.61,mw
iscgem771270,5.69,mw
iscgem771272,5.74,mw
iscgem771290,5.99,mw
iscgem771324,6.07,mw
iscgem771387,5.75,mw
iscgem771389,5.63,mw
iscgem771410,5.89,mw
iscgem771416,5.58,mw
iscgem771420,5.62,mw
iscgem771492,5.63,mw
iscgem771529,5.69,mw
iscgem771602,5.59,mw
iscgem771609,5.79,mw
iscgem771618,5.84,mw
iscgem771781,5.72,mw
iscgem771798,5.9,mw
iscgem771830,6.57,mw
iscgem771868,5.66,mw
iscgem772000,6.17,mw
iscgem772022,5.74,mw
iscgem772031,5.53,mw
iscgem772048,5.93,mw
iscgem772054,5.98,mw
iscgem772060,7.6,mw
iscgem772073,5.84,mw
iscgem772093,5.86,mw
iscgem772160,5.57,mw
iscgem772212,5.81,mw
iscgem772242,5.53,mw
iscgem772246,5.7,mw
iscgem772276,5.7,mw
iscgem772287,5.76,mw
iscgem772297,5.69,mw
iscgem772319,5.6,mw
iscgem772321,5.63,mw
iscgem772339,5.68,mw
iscgem772340,6.83,mw
iscgem772347,5.7,mw
iscgem772416,7.72,mw
iscgem772418,5.71,mw
iscgem772427,5.54,mw
iscgem772453,5.55,mw
iscgem772465,6.11,mw
iscgem772491,5.73,mw
iscgem772500,5.79,mw
iscgem772520,5.51,mw
iscgem772563,5.67,mw
iscgem772568,5.62,mw
iscgem772632,5.71,mw
iscgem772652,5.51,mw
iscgem772677,5.5,mw
iscgem772696,5.85,mw
iscgem772744,6.01,mw
iscgem772832,6.18,mw
iscgem772849,5.81,mw
iscgem772896,5.5,mw
iscgem772898,5.78,mw
iscgem772903,5.53,mw
iscgem772947,5.53,mw
iscgem772960,5.6,mw
iscgem773005,5.53,mw
iscgem773022,5.53,mw
iscgem773032,5.55,mw
iscgem773057,5.57,mw
iscgem773060,5.56,mw
iscgem773072,5.56,mw
iscgem773076,6.1,mw
iscgem773119,5.63,mw
iscgem773128,6.71,mw
iscgem773147,6.21,mw
iscgem773154,5.77,mw
iscgem773172,6.56,mw
iscgem773228,5.62,mw
iscgem773235,6.27,mw
iscgem773238,5.76,mw
iscgem773250,5.75,mw
iscgem773264,6.06,mw
iscgem773296,5.99,mw
iscgem773323,5.77,mw
iscgem773343,5.81,mw
iscgem773347,5.79,mw
iscgem773377,5.95,mw
iscgem773381,5.83,mw
iscgem773410,5.55,mw
iscgem773429,5.81,mw
iscgem773444,5.61,mw
iscgem773464,5.56,mw
iscgem773472,5.98,mw
iscgem773503,5.81,mw
iscgem773505,5.55,mw
iscgem773549,6.16,mw
iscgem773577,5.78,mw
iscgem773632,5.84,mw
iscgem773679,5.51,mw
iscgem773683,5.71,mw
iscgem773701,6.91,mw
iscgem773704,5.65,mw
iscgem773729,7.05,mw
iscgem773772,6.06,mw
iscgem773833,5.54,mw
iscgem773858,5.88,mw
iscgem773883,6.38,mw
iscgem774029,6.37,mw
iscgem774042,5.71,mw
iscgem774049,6.01,mw
iscgem774054,5.71,mw
iscgem774055,5.61,mw
iscgem774059,6.51,mw
iscgem774085,5.75,mw
iscgem774087,5.7,mw
iscgem774129,6.78,mw
iscgem774175,5.53,mw
iscgem774234,5.63,mw
iscgem774236,5.6,mw
iscgem774291,6.6,mw
iscgem774329,6.65,mw
iscgem774380,5.55,mw
iscgem774445,5.58,mw
iscgem774460,5.72,mw
iscgem774517,5.92,mw
iscgem774536,6.3,mw
iscgem774574,5.63,mw
iscgem774619,5.79,mw
iscgem774628,5.94,mw
iscgem774638,5.98,mw
iscgem774688,5.67,mw
iscgem774701,6.16,mw
iscgem774714,7.0,mw
iscgem774740,5.88,mw
iscgem774772,7.34,mw
iscgem774780,5.83,mw
iscgem774788,5.88,mw
iscgem774810,5.54,mw
iscgem774826,5.93,mw
iscgem774835,5.76,mw
iscgem774852,5.58,mw
iscgem774874,5.5,mw
iscgem774887,7.2,mw
iscgem774907,5.64,mw
iscgem774908,5.52,mw
iscgem774926,5.93,mw
iscgem774945,6.02,mw
iscgem774973,5.73,mw
iscgem774980,5.58,mw
iscgem775013,5.5,mw
iscgem775069,5.62,mw
iscgem775173,5.61,mw
iscgem775188,5.73,mw
iscgem775192,6.64,mw
iscgem775212,5.59,mw
iscgem775213,5.9,mw
iscgem775244,5.58,mw
iscgem775338,5.62,mw
iscgem775356,5.69,mw
iscgem775367,5.55,mw
iscgem775381,5.56,mw
iscgem775410,5.66,mw
iscgem775466,5.85,mw
iscgem775471,5.67,mw
iscgem775484,6.24,mw
iscgem775498,6.4,mw
iscgem775499,5.54,mw
iscgem775512,5.83,mw
iscgem775519,5.79,mw
iscgem775534,5.55,mw
iscgem775569,5.5,mw
iscgem775574,6.8,mw
iscgem775580,5.59,mw
iscgem775584,5.98,mw
iscgem775586,5.52,mw
iscgem775606,5.71,mw
iscgem775639,6.36,mw
iscgem775657,5.76,mw
iscgem775660,5.74,mw
iscgem775662,5.54,mw
iscgem775668,5.88,mw
iscgem775674,5.65,mw
iscgem775684,6.36,mw
iscgem775692,6.19,mw
iscgem775721,5.5,mw
iscgem775750,5.68,mw
iscgem775781,7.25,mw
iscgem775792,5.81,mw
iscgem775818,5.79,mw
iscgem775844,6.1,mw
iscgem775862,5.81,mw
iscgem775921,5.57,mw
iscgem775959,5.56,mw
iscgem776029,5.8,mw
iscgem776035,5.79,mw
iscgem776055,5.79,mw
iscgem776064,5.9,mw
iscgem776099,6.0,mw
iscgem776156,5.92,mw
iscgem776175,5.73,mw
iscgem776186,5.92,mw
iscgem776188,5.83,mw
iscgem776200,7.4,mw
iscgem776227,5.8,mw
iscgem776232,5.57,mw
iscgem776235,5.71,mw
iscgem776261,5.6,mw
iscgem776309,6.09,mw
iscgem776315,5.58,mw
iscgem776334,5.88,mw
iscgem776372,5.79,mw
iscgem776405,5.51,mw
iscgem776417,5.81,mw
iscgem776426,5.51,mw
iscgem776433,5.71,mw
iscgem776454,6.3,mw
iscgem776482,5.51,mw
iscgem776489,5.82,mw
iscgem776553,7.15,mw
iscgem776554,6.05,mw
iscgem776618,6.77,mw
iscgem776638,5.77,mw
iscgem776640,5.6,mw
iscgem776661,5.77,mw
iscgem776670,6.9,mw
iscgem776687,5.62,mw
iscgem776721,6.13,mw
iscgem776734,5.85,mw
iscgem776759,6.0,mw
iscgem776779,5.6,mw
iscgem776783,6.4,mw
iscgem776788,5.84,mw
iscgem776790,5.99,mw
iscgem776874,6.39,mw
iscgem776886,5.68,mw
iscgem776904,5.77,mw
iscgem776936,5.92,mw
iscgem776951,6.2,mw
iscgem776997,5.71,mw
iscgem777003,5.55,mw
iscgem777005,5.71,mw
iscgem777013,6.52,mw
iscgem777014,6.13,mw
iscgem777043,6.36,mw
iscgem777108,6.09,mw
iscgem777120,6.06,mw
iscgem777137,6.3,mw
iscgem777142,5.71,mw
iscgem777160,5.88,mw
iscgem777161,5.95,mw
iscgem777164,6.93,mw
iscgem777165,5.88,mw
iscgem777173,6.1,mw
iscgem777202,5.66,mw
iscgem777208,7.3,mw
iscgem777209,7.11,mw
iscgem777243,5.53,mw
iscgem777250,5.61,mw
iscgem777263,6.53,mw
iscgem777303,6.05,mw
iscgem777336,5.57,mw
iscgem777414,6.56,mw
iscgem777470,5.56,mw
iscgem777492,6.03,mw
iscgem777545,6.16,mw
iscgem777551,5.79,mw
iscgem777559,5.5,mw
iscgem777577,5.69,mw
iscgem777583,5.5,mw
iscgem777588,6.1,mw
iscgem777603,5.88,mw
iscgem777617,6.07,mw
iscgem777656,5.61,mw
iscgem777661,6.35,mw
iscgem777680,5.62,mw
iscgem777750,7.62,mw
iscgem777758,5.57,mw
iscgem777807,5.83,mw
iscgem777845,5.64,mw
iscgem777847,6.3,mw
iscgem777881,5.63,mw
iscgem777891,5.91,mw
iscgem777900,5.53,mw
iscgem777909,5.59,mw
iscgem777910,5.55,mw
iscgem778035,5.63,mw
iscgem778072,5.58,mw
iscgem778073,5.59,mw
iscgem778078,5.91,mw
iscgem778097,5.86,mw
iscgem778120,5.71,mw
iscgem778161,5.63,mw
iscgem778212,5.68,mw
iscgem778319,5.61,mw
iscgem778328,5.63,mw
iscgem778331,5.62,mw
iscgem778373,5.77,mw
iscgem778388,6.04,mw
iscgem778408,5.62,mw
iscgem778432,5.5,mw
iscgem778441,5.59,mw
iscgem778478,5.72,mw
iscgem778645,5.57,mw
iscgem778677,6.47,mw
iscgem778692,5.88,mw
iscgem778697,7.1,mw
iscgem778698,6.08,mw
iscgem778699,5.65,mw
iscgem778718,5.98,mw
iscgem778748,5.57,mw
iscgem778764,5.55,mw
iscgem778801,5.77,mw
iscgem778805,7.3,mw
iscgem778871,6.15,mw
iscgem778892,5.9,mw
iscgem778896,5.53,mw
iscgem778920,5.77,mw
iscgem778929,5.57,mw
iscgem778949,5.92,mw
iscgem779000,5.74,mw
iscgem779005,6.7,mw
iscgem779023,6.71,mw
iscgem779151,5.5,mw
iscgem779153,5.74,mw
iscgem779167,5.5,mw
iscgem779172,5.6,mw
iscgem779208,5.79,mw
iscgem779252,5.65,mw
iscgem779286,5.51,mw
iscgem779299,5.79,mw
iscgem779313,5.91,mw
iscgem779325,6.56,mw
iscgem779337,5.58,mw
iscgem779353,5.64,mw
iscgem779376,5.62,mw
iscgem779394,5.51,mw
iscgem779410,6.13,mw
iscgem779432,5.81,mw
iscgem779458,5.81,mw
iscgem779488,5.53,mw
iscgem779543,6.31,mw
iscgem779563,6.54,mw
iscgem779564,5.73,mw
iscgem779569,6.51,mw
iscgem779574,6.2,mw
iscgem779594,5.67,mw
iscgem779613,6.24,mw
iscgem779630,5.55,mw
iscgem779659,5.63,mw
iscgem779680,5.84,mw
iscgem779689,6.8,mw
iscgem779693,5.53,mw
iscgem779742,6.64,mw
iscgem779780,5.71,mw
iscgem779816,5.7,mw
iscgem779829,6.02,mw
iscgem779845,5.96,mw
iscgem779889,5.54,mw
iscgem779903,5.63,mw
iscgem779944,5.92,mw
iscgem779955,5.68,mw
iscgem779972,7.3,mw
iscgem779973,5.74,mw
iscgem779990,5.55,mw
iscgem779996,5.74,mw
iscgem780012,6.11,mw
iscgem780069,5.93,mw
iscgem780077,6.81,mw
iscgem780102,6.51,mw
iscgem780117,5.66,mw
iscgem780154,5.5,mw
iscgem780161,6.19,mw
iscgem780171,6.04,mw
iscgem780221,6.01,mw
iscgem780264,5.53,mw
iscgem780285,6.11,mw
iscgem780286,6.13,mw
iscgem780288,6.33,mw
iscgem780311,5.83,mw
iscgem780342,6.0,mw
iscgem780383,5.58,mw
iscgem780488,5.54,mw
iscgem780507,5.51,mw
iscgem780523,5.89,mw
iscgem780533,5.5,mw
iscgem780549,5.5,mw
iscgem780560,6.31,mw
iscgem780563,5.81,mw
iscgem780598,5.65,mw
iscgem780625,5.78,mw
iscgem780629,5.61,mw
iscgem780632,5.79,mw
iscgem780659,5.67,mw
iscgem780665,6.51,mw
iscgem780674,6.27,mw
iscgem780694,5.7,mw
iscgem780698,5.75,mw
iscgem780731,6.5,mw
iscgem780737,5.68,mw
iscgem780752,5.8,mw
iscgem780753,6.03,mw
iscgem780765,5.66,mw
iscgem780810,5.65,mw
iscgem780812,5.84,mw
iscgem780829,7.01,mw
iscgem780834,5.62,mw
iscgem780843,5.58,mw
iscgem780929,7.06,mw
iscgem780933,5.52,mw
iscgem780958,5.58,mw
iscgem781004,5.56,mw
iscgem781046,5.65,mw
iscgem781062,5.64,mw
iscgem781078,6.35,mw
iscgem781082,6.27,mw
iscgem781099,5.76,mw
iscgem781111,6.01,mw
iscgem781126,5.71,mw
iscgem781129,5.55,mw
iscgem781143,6.19,mw
iscgem781149,5.84,mw
iscgem781160,5.58,mw
iscgem781171,5.84,mw
iscgem781200,5.67,mw
iscgem781208,6.05,mw
iscgem781224,5.59,mw
iscgem781234,6.49,mw
iscgem781235,6.57,mw
iscgem781247,5.86,mw
iscgem781276,5.5,mw
iscgem781293,5.88,mw
iscgem781294,5.8,mw
iscgem781303,5.78,mw
iscgem781305,5.86,mw
iscgem781312,5.54,mw
iscgem781334,5.58,mw
iscgem781373,6.05,mw
iscgem781377,5.53,mw
iscgem781391,6.35,mw
iscgem781393,5.5,mw
iscgem781421,6.04,mw
iscgem781442,5.64,mw
iscgem781503,6.52,mw
iscgem781506,5.65,mw
iscgem781531,6.13,mw
iscgem781537,5.74,mw
iscgem781556,5.53,mw
iscgem781562,5.88,mw
iscgem781570,5.55,mw
iscgem781625,5.84,mw
iscgem781636,5.75,mw
iscgem781694,5.5,mw
iscgem781715,5.77,mw
iscgem781730,5.5,mw
iscgem781770,5.69,mw
iscgem781837,6.11,mw
iscgem781869,5.59,mw
iscgem781878,5.62,mw
iscgem781910,5.82,mw
iscgem781986,5.53,mw
iscgem782004,6.2,mw
iscgem782010,7.8,mw
iscgem782022,5.75,mw
iscgem782059,5.81,mw
iscgem782093,6.4,mw
iscgem782114,5.79,mw
iscgem782137,5.82,mw
iscgem782142,5.53,mw
iscgem782177,5.55,mw
iscgem782181,8.0,mw
iscgem782183,5.76,mw
iscgem782184,6.01,mw
iscgem782204,5.59,mw
iscgem782231,6.12,mw
iscgem782235,5.53,mw
iscgem782236,6.49,mw
iscgem782253,5.63,mw
iscgem782261,5.75,mw
iscgem782311,5.52,mw
iscgem782364,5.62,mw
iscgem782377,6.16,mw
iscgem782379,5.68,mw
iscgem782391,5.5,mw
iscgem782405,5.6,mw
iscgem782428,6.51,mw
iscgem782440,6.86,mw
iscgem782464,5.78,mw
iscgem782466,6.35,mw
iscgem782501,5.86,mw
iscgem782508,5.76,mw
iscgem782532,5.77,mw
iscgem782623,5.72,mw
iscgem782654,6.48,mw
iscgem782658,5.56,mw
iscgem782660,6.4,mw
iscgem782684,8.1,mw
iscgem782687,5.93,mw
iscgem782703,6.0,mw
iscgem782715,6.04,mw
iscgem782731,5.51,mw
iscgem782735,5.79,mw
iscgem782752,6.27,mw
iscgem782757,5.79,mw
iscgem782764,5.86,mw
iscgem782768,6.04,mw
iscgem782791,5.69,mw
iscgem782797,7.42,mw
iscgem782819,5.86,mw
iscgem782831,5.69,mw
iscgem782847,5.88,mw
iscgem782863,5.68,mw
iscgem782874,6.45,mw
iscgem782884,5.78,mw
iscgem782888,6.43,mw
iscgem782918,5.75,mw
iscgem782989,5.63,mw
iscgem782999,5.57,mw
iscgem783000,5.86,mw
iscgem783013,5.72,mw
iscgem783017,5.64,mw
iscgem783024,5.65,mw
iscgem783067,5.61,mw
iscgem783167,5.65,mw
iscgem783172,5.7,mw
iscgem783214,5.52,mw
iscgem783289,5.9,mw
iscgem783305,5.73,mw
iscgem783330,5.53,mw
iscgem783334,6.05,mw
iscgem783345,5.78,mw
iscgem783356,6.52,mw
iscgem783358,6.66,mw
iscgem783447,6.03,mw
iscgem783466,5.64,mw
iscgem783484,5.96,mw
iscgem783606,5.63,mw
iscgem783695,5.62,mw
iscgem783767,5.76,mw
iscgem783830,5.51,mw
iscgem783841,6.4,mw
iscgem783870,5.52,mw
iscgem783875,5.63,mw
iscgem783913,5.62,mw
iscgem783990,5.83,mw
iscgem784013,6.98,mw
iscgem784033,5.5,mw
iscgem784038,5.84,mw
iscgem784042,6.02,mw
iscgem784056,6.27,mw
iscgem784158,6.11,mw
iscgem784207,6.0,mw
iscgem784250,6.42,mw
iscgem784263,5.64,mw
iscgem784264,5.79,mw
iscgem784274,5.56,mw
iscgem784296,5.77,mw
iscgem784309,5.9,mw
iscgem784333,5.53,mw
iscgem784339,6.34,mw
iscgem784349,5.63,mw
iscgem784350,5.72,mw
iscgem784361,5.53,mw
iscgem784458,5.5,mw
iscgem784463,5.58,mw
iscgem784648,6.69,mw
iscgem784669,5.57,mw
iscgem784679,5.98,mw
iscgem784704,6.94,mw
iscgem784725,5.53,mw
iscgem784752,5.66,mw
iscgem784808,5.68,mw
iscgem784837,6.58,mw
iscgem784847,5.6,mw
iscgem784867,5.5,mw
iscgem784936,5.9,mw
iscgem784960,6.12,mw
iscgem784983,5.63,mw
iscgem784988,5.72,mw
iscgem784996,6.16,mw
iscgem785082,5.57,mw
iscgem785105,6.04,mw
iscgem785143,5.55,mw
iscgem785149,6.18,mw
iscgem785166,5.8,mw
iscgem785173,5.73,mw
iscgem785196,5.86,mw
iscgem785204,5.75,mw
iscgem785218,5.65,mw
iscgem785235,5.51,mw
iscgem785278,5.8,mw
iscgem785279,5.71,mw
iscgem785314,6.5,mw
iscgem785331,6.06,mw
iscgem785347,5.68,mw
iscgem785351,6.06,mw
iscgem785371,5.66,mw
iscgem785383,5.55,mw
iscgem785392,6.12,mw
iscgem785407,5.52,mw
iscgem785417,6.59,mw
iscgem785421,5.62,mw
iscgem785430,5.61,mw
iscgem785458,5.51,mw
iscgem785468,5.65,mw
iscgem785493,5.79,mw
iscgem785559,6.04,mw
iscgem785572,5.68,mw
iscgem785573,5.54,mw
iscgem785584,5.54,mw
iscgem785599,5.83,mw
iscgem785609,5.5,mw
iscgem785612,5.83,mw
iscgem785672,5.93,mw
iscgem785713,5.78,mw
iscgem785766,5.73,mw
iscgem785768,5.66,mw
iscgem785781,5.93,mw
iscgem785789,5.81,mw
iscgem785853,5.58,mw
iscgem785915,5.63,mw
iscgem785990,6.04,mw
iscgem786000,5.5,mw
iscgem786031,6.03,mw
iscgem786033,5.65,mw
iscgem786128,6.0,mw
iscgem786137,5.84,mw
iscgem786141,5.93,mw
iscgem786328,5.68,mw
iscgem786332,5.58,mw
iscgem786342,6.06,mw
iscgem786349,6.15,mw
iscgem786356,5.79,mw
iscgem786381,5.66,mw
iscgem786382,5.63,mw
iscgem786391,5.56,mw
iscgem786399,6.36,mw
iscgem786403,6.04,mw
iscgem786409,5.7,mw
iscgem786459,5.51,mw
iscgem786466,5.51,mw
iscgem786476,5.63,mw
iscgem786489,5.88,mw
iscgem786507,5.57,mw
iscgem786547,6.14,mw
iscgem786548,6.07,mw
iscgem786560,5.8,mw
iscgem786569,5.71,mw
iscgem786580,6.0,mw
iscgem786618,5.69,mw
iscgem786649,5.98,mw
iscgem786658,5.6,mw
iscgem786706,6.28,mw
iscgem786716,5.79,mw
iscgem786728,5.53,mw
iscgem786754,5.77,mw
iscgem786761,5.56,mw
iscgem786765,5.61,mw
iscgem786793,6.05,mw
iscgem786840,5.58,mw
iscgem786869,5.62,mw
iscgem786889,6.97,mw
iscgem786908,5.9,mw
iscgem786911,5.78,mw
iscgem786919,5.71,mw
iscgem786923,5.91,mw
iscgem786926,5.52,mw
iscgem786928,5.89,mw
iscgem786932,5.74,mw
iscgem786954,6.91,mw
iscgem786955,5.86,mw
iscgem786957,5.6,mw
iscgem786964,5.53,mw
iscgem787022,6.99,mw
iscgem787288,5.51,mw
iscgem787339,5.79,mw
iscgem787343,5.56,mw
iscgem787364,5.65,mw
iscgem787393,5.67,mw
iscgem787413,6.54,mw
iscgem787446,5.8,mw
iscgem787461,5.59,mw
iscgem787485,5.72,mw
iscgem787525,5.5,mw
iscgem787582,6.87,mw
iscgem787602,5.56,mw
iscgem787639,5.69,mw
iscgem787680,5.72,mw
iscgem787701,5.77,mw
iscgem787709,5.73,mw
iscgem787713,5.67,mw
iscgem787722,6.06,mw
iscgem787744,5.52,mw
iscgem787771,5.77,mw
iscgem787816,5.92,mw
iscgem787881,5.58,mw
iscgem787884,6.69,mw
iscgem787894,5.68,mw
iscgem787912,5.87,mw
iscgem787963,5.5,mw
iscgem787968,5.79,mw
iscgem787995,6.15,mw
iscgem788036,7.7,mw
iscgem788041,5.5,mw
iscgem788046,5.67,mw
iscgem788047,5.76,mw
iscgem788053,6.61,mw
iscgem788067,6.01,mw
iscgem788076,5.96,mw
iscgem788078,6.06,mw
iscgem788086,5.75,mw
iscgem788088,5.87,mw
iscgem788103,5.86,mw
iscgem788105,5.55,mw
iscgem788179,5.71,mw
iscgem788180,5.91,mw
iscgem788215,5.54,mw
iscgem788247,5.66,mw
iscgem788259,5.78,mw
iscgem788311,5.54,mw
iscgem788340,5.82,mw
iscgem788348,5.52,mw
iscgem788357,5.64,mw
iscgem788372,6.0,mw
iscgem788393,5.81,mw
iscgem788422,5.69,mw
iscgem788434,5.55,mw
iscgem788437,5.62,mw
iscgem788507,5.65,mw
iscgem788524,6.12,mw
iscgem788547,6.4,mw
iscgem788596,5.66,mw
iscgem788618,5.62,mw
iscgem788639,5.63,mw
iscgem788676,5.51,mw
iscgem788703,6.86,mw
iscgem788789,5.61,mw
iscgem788793,6.2,mw
iscgem788799,6.07,mw
iscgem788802,5.6,mw
iscgem788811,5.77,mw
iscgem788836,6.7,mw
iscgem788837,6.97,mw
iscgem788858,5.71,mw
iscgem788860,5.73,mw
iscgem788887,5.52,mw
iscgem788901,6.5,mw
iscgem788926,5.85,mw
iscgem788940,5.63,mw
iscgem788955,6.51,mw
iscgem788974,6.66,mw
iscgem789000,6.39,mw
iscgem789013,5.66,mw
iscgem789028,7.2,mw
iscgem789041,5.69,mw
iscgem789045,5.59,mw
iscgem789056,5.65,mw
iscgem789073,5.73,mw
iscgem789091,5.63,mw
iscgem789154,5.5,mw
iscgem789175,5.85,mw
iscgem789184,5.56,mw
iscgem789190,5.69,mw
iscgem789216,5.71,mw
iscgem789300,5.75,mw
iscgem789314,6.13,mw
iscgem789337,5.55,mw
iscgem789338,5.58,mw
iscgem789364,5.98,mw
iscgem789369,5.59,mw
iscgem789390,5.61,mw
iscgem789399,5.5,mw
iscgem789400,5.55,mw
iscgem789419,5.77,mw
iscgem789422,5.55,mw
iscgem789432,5.62,mw
iscgem789450,5.53,mw
iscgem789478,6.15,mw
iscgem789605,6.56,mw
iscgem789614,6.66,mw
iscgem789621,5.88,mw
iscgem789648,5.53,mw
iscgem789653,5.6,mw
iscgem789656,5.57,mw
iscgem789668,5.52,mw
iscgem789711,5.77,mw
iscgem789730,5.53,mw
iscgem789734,5.87,mw
iscgem789784,6.15,mw
iscgem789808,5.66,mw
iscgem789840,5.64,mw
iscgem789908,5.71,mw
iscgem789983,5.71,mw
iscgem789993,5.71,mw
iscgem789999,6.13,mw
iscgem790008,6.7,mw
iscgem790042,5.5,mw
iscgem790072,5.62,mw
iscgem790102,5.51,mw
iscgem790103,5.74,mw
iscgem790114,6.3,mw
iscgem790149,5.75,mw
iscgem790180,6.58,mw
iscgem790199,5.79,mw
iscgem790201,6.2,mw
iscgem790250,5.65,mw
iscgem790254,5.91,mw
iscgem790274,5.62,mw
iscgem790300,5.6,mw
iscgem790310,6.12,mw
iscgem790313,5.57,mw
iscgem790316,5.71,mw
iscgem790319,6.0,mw
iscgem790396,5.84,mw
iscgem790397,5.81,mw
iscgem790414,5.57,mw
iscgem790430,5.77,mw
iscgem790458,5.62,mw
iscgem790497,5.62,mw
iscgem790538,5.69,mw
iscgem790550,5.96,mw
iscgem790590,5.7,mw
iscgem790625,5.9,mw
iscgem790633,5.99,mw
iscgem790645,6.36,mw
iscgem790727,6.1,mw
iscgem790734,5.62,mw
iscgem790754,5.75,mw
iscgem790771,5.91,mw
iscgem790806,5.76,mw
iscgem790906,5.65,mw
iscgem790929,5.87,mw
iscgem790976,6.3,mw
iscgem790988,6.33,mw
iscgem790994,6.5,mw
iscgem790996,6.04,mw
iscgem791004,5.54,mw
iscgem791005,6.24,mw
iscgem791069,5.79,mw
iscgem791104,5.64,mw
iscgem791107,6.49,mw
iscgem791116,6.09,mw
iscgem791152,6.2,mw
iscgem791222,5.56,mw
iscgem791227,5.53,mw
iscgem791265,5.51,mw
iscgem791295,5.58,mw
iscgem791304,5.64,mw
iscgem791328,5.96,mw
iscgem791347,5.67,mw
iscgem791406,5.84,mw
iscgem791408,6.34,mw
iscgem791458,5.79,mw
iscgem791579,6.9,mw
iscgem791596,6.6,mw
iscgem791658,5.5,mw
iscgem791667,6.11,mw
iscgem791744,6.48,mw
iscgem791749,5.69,mw
iscgem791807,5.63,mw
iscgem791890,5.91,mw
iscgem791977,5.59,mw
iscgem791982,5.52,mw
iscgem791993,6.43,mw
iscgem792002,5.7,mw
iscgem792025,5.75,mw
iscgem792044,6.02,mw
iscgem792158,5.7,mw
iscgem792259,6.35,mw
iscgem792274,6.06,mw
iscgem792289,5.78,mw
iscgem792329,6.5,mw
iscgem792331,5.78,mw
iscgem792345,6.57,mw
iscgem792382,5.71,mw
iscgem792393,5.62,mw
iscgem792410,6.27,mw
iscgem792436,5.98,mw
iscgem792454,5.5,mw
iscgem792510,5.75,mw
iscgem792513,5.73,mw
iscgem792521,5.9,mw
iscgem792530,5.58,mw
iscgem792551,5.61,mw
iscgem792564,5.81,mw
iscgem792622,6.11,mw
iscgem792635,5.51,mw
iscgem792641,5.82,mw
iscgem792656,5.62,mw
iscgem792675,5.97,mw
iscgem792691,5.6,mw
iscgem792729,6.4,mw
iscgem792739,6.35,mw
iscgem792753,6.9,mw
iscgem792780,5.71,mw
iscgem792786,6.01,mw
iscgem792789,6.38,mw
iscgem792811,6.52,mw
iscgem792813,5.93,mw
iscgem792839,5.55,mw
iscgem792844,5.8,mw
iscgem792862,5.61,mw
iscgem792929,5.56,mw
iscgem792982,5.86,mw
iscgem792985,6.07,mw
iscgem792994,5.79,mw
iscgem792996,5.9,mw
iscgem793157,6.4,mw
iscgem793186,5.62,mw
iscgem793215,5.88,mw
iscgem793223,5.62,mw
iscgem793243,6.03,mw
iscgem793245,5.86,mw
iscgem793250,6.48,mw
iscgem793262,5.88,mw
iscgem793288,5.5,mw
iscgem793304,5.5,mw
iscgem793314,5.79,mw
iscgem793336,7.31,mw
iscgem793377,5.55,mw
iscgem793379,5.62,mw
iscgem793406,6.0,mw
iscgem793407,6.08,mw
iscgem793435,5.7,mw
iscgem793453,5.52,mw
iscgem793496,5.5,mw
iscgem793517,5.81,mw
iscgem793579,6.1,mw
iscgem793605,5.56,mw
iscgem793610,5.75,mw
iscgem793612,6.06,mw
iscgem793646,5.51,mw
iscgem793665,5.78,mw
iscgem793689,5.65,mw
iscgem793703,5.54,mw
iscgem793704,5.81,mw
iscgem793800,6.09,mw
iscgem793837,6.31,mw
iscgem793841,6.1,mw
iscgem793870,6.16,mw
iscgem793965,5.58,mw
iscgem794013,7.0,mw
iscgem794034,6.2,mw
iscgem794062,6.32,mw
iscgem794089,6.03,mw
iscgem794098,6.01,mw
iscgem794100,7.0,mw
iscgem794114,6.36,mw
iscgem794121,6.55,mw
iscgem794131,5.54,mw
iscgem794171,5.51,mw
iscgem794175,5.9,mw
iscgem794176,8.0,mw
iscgem794194,5.78,mw
iscgem794197,5.71,mw
iscgem794213,5.78,mw
iscgem794224,5.7,mw
iscgem794230,5.66,mw
iscgem794284,6.4,mw
iscgem794309,6.3,mw
iscgem794319,5.79,mw
iscgem794329,5.68,mw
iscgem794434,5.92,mw
iscgem794484,6.1,mw
iscgem794513,7.3,mw
iscgem794528,5.62,mw
iscgem794533,5.9,mw
iscgem794550,5.53,mw
iscgem794565,6.87,mw
iscgem794566,5.6,mw
iscgem794587,5.53,mw
iscgem794605,6.79,mw
iscgem794621,5.77,mw
iscgem794657,5.53,mw
iscgem794670,5.85,mw
iscgem794684,5.88,mw
iscgem794687,5.58,mw
iscgem794705,6.5,mw
iscgem794709,5.99,mw
iscgem794716,5.96,mw
iscgem794717,5.62,mw
iscgem794758,5.53,mw
iscgem794784,5.59,mw
iscgem794790,6.02,mw
iscgem794798,5.86,mw
iscgem794822,5.79,mw
iscgem794827,7.3,mw
iscgem794829,5.53,mw
iscgem794847,6.21,mw
iscgem794897,5.69,mw
iscgem794899,5.62,mw
iscgem794909,5.56,mw
iscgem794912,6.6,mw
iscgem794923,5.53,mw
iscgem794924,6.39,mw
iscgem794967,5.62,mw
iscgem795006,5.88,mw
iscgem795028,5.81,mw
iscgem795062,5.75,mw
iscgem795079,5.8,mw
iscgem795182,5.86,mw
iscgem795204,6.04,mw
iscgem795276,5.59,mw
iscgem795419,5.53,mw
iscgem795428,6.18,mw
iscgem795461,6.08,mw
iscgem795567,5.62,mw
iscgem795568,6.1,mw
iscgem795586,6.7,mw
iscgem795625,5.72,mw
iscgem795644,6.27,mw
iscgem795654,5.75,mw
iscgem795716,5.55,mw
iscgem795799,5.65,mw
iscgem795832,6.14,mw
iscgem795833,5.77,mw
iscgem795925,5.66,mw
iscgem795993,5.56,mw
iscgem796043,7.12,mw
iscgem796053,5.9,mw
iscgem796059,6.24,mw
iscgem796061,6.05,mw
iscgem796096,5.63,mw
iscgem796097,6.08,mw
iscgem796108,6.23,mw
iscgem796137,5.77,mw
iscgem796163,7.9,mw
iscgem796165,6.09,mw
iscgem796169,5.62,mw
iscgem796196,5.7,mw
iscgem796214,5.81,mw
iscgem796237,5.96,mw
iscgem796378,7.42,mw
iscgem796381,5.62,mw
iscgem796382,5.81,mw
iscgem796419,5.54,mw
iscgem796453,6.3,mw
iscgem796457,5.91,mw
iscgem796476,6.52,mw
iscgem796489,5.68,mw
iscgem796529,5.72,mw
iscgem796571,5.67,mw
iscgem796590,5.79,mw
iscgem796595,5.88,mw
iscgem796629,7.03,mw
iscgem796632,5.73,mw
iscgem796640,5.56,mw
iscgem796679,5.65,mw
iscgem796692,5.53,mw
iscgem796707,5.68,mw
iscgem796738,5.7,mw
iscgem796759,6.24,mw
iscgem796780,5.95,mw
iscgem796787,6.65,mw
iscgem796798,5.55,mw
iscgem796868,6.05,mw
iscgem796897,6.13,mw
iscgem796899,5.67,mw
iscgem796915,6.1,mw
iscgem796918,5.92,mw
iscgem796936,5.54,mw
iscgem796948,6.62,mw
iscgem796954,5.53,mw
iscgem796971,5.73,mw
iscgem797043,5.62,mw
iscgem797068,5.7,mw
iscgem797087,5.51,mw
iscgem797091,5.72,mw
iscgem797199,5.96,mw
iscgem797254,5.76,mw
iscgem797255,5.7,mw
iscgem797293,5.63,mw
iscgem797298,6.56,mw
iscgem797310,5.5,mw
iscgem797311,7.3,mw
iscgem797324,5.92,mw
iscgem797328,5.74,mw
iscgem797337,5.87,mw
iscgem797367,6.63,mw
iscgem797382,5.98,mw
iscgem797384,5.86,mw
iscgem797507,5.5,mw
iscgem797509,6.21,mw
iscgem797512,5.6,mw
iscgem797518,6.04,mw
iscgem797630,5.53,mw
iscgem797653,5.71,mw
iscgem797667,5.97,mw
iscgem797686,6.6,mw
iscgem797745,6.23,mw
iscgem797751,5.74,mw
iscgem797757,5.51,mw
iscgem797882,5.99,mw
iscgem797987,5.53,mw
iscgem798065,6.01,mw
iscgem798113,5.88,mw
iscgem798207,5.54,mw
iscgem798211,6.31,mw
iscgem798224,5.67,mw
iscgem798241,5.88,mw
iscgem798256,5.6,mw
iscgem798257,5.53,mw
iscgem798303,5.7,mw
iscgem798320,5.7,mw
iscgem798352,6.0,mw
iscgem798465,6.71,mw
iscgem798488,6.01,mw
iscgem798490,5.71,mw
iscgem798506,7.23,mw
iscgem798551,5.58,mw
iscgem798566,5.58,mw
iscgem798577,6.58,mw
iscgem798599,5.86,mw
iscgem798623,5.54,mw
iscgem798643,6.79,mw
iscgem798680,5.65,mw
iscgem798689,5.9,mw
iscgem798750,5.79,mw
iscgem798751,5.52,mw
iscgem798752,6.01,mw
iscgem798753,5.81,mw
iscgem798790,5.66,mw
iscgem798802,6.42,mw
iscgem798816,5.72,mw
iscgem798832,5.74,mw
iscgem798843,6.02,mw
iscgem798845,5.71,mw
iscgem798855,6.72,mw
iscgem798861,6.04,mw
iscgem798863,5.96,mw
iscgem798878,5.62,mw
iscgem798892,5.99,mw
iscgem798901,5.99,mw
iscgem798917,5.5,mw
iscgem799014,5.76,mw
iscgem799066,5.53,mw
iscgem799077,6.46,mw
iscgem799081,5.54,mw
iscgem799107,5.9,mw
iscgem799142,5.86,mw
iscgem799163,5.63,mw
iscgem799169,5.5,mw
iscgem799184,5.58,mw
iscgem799201,5.67,mw
iscgem799223,6.05,mw
iscgem799224,5.53,mw
iscgem799233,5.53,mw
iscgem799243,5.58,mw
iscgem799295,5.52,mw
iscgem799367,5.76,mw
iscgem799389,5.6,mw
iscgem799398,6.17,mw
iscgem799400,5.5,mw
iscgem799415,6.08,mw
iscgem799428,5.57,mw
iscgem799446,5.75,mw
iscgem799452,5.96,mw
iscgem799454,5.55,mw
iscgem799455,6.1,mw
iscgem799460,5.75,mw
iscgem799464,5.71,mw
iscgem799476,6.02,mw
iscgem799492,5.68,mw
iscgem799531,7.11,mw
iscgem799588,5.61,mw
iscgem799702,5.54,mw
iscgem799712,7.1,mw
iscgem799715,5.56,mw
iscgem799727,6.1,mw
iscgem799745,5.86,mw
iscgem799772,6.16,mw
iscgem799788,5.59,mw
iscgem799824,6.0,mw
iscgem799872,6.79,mw
iscgem799928,5.8,mw
iscgem799944,7.26,mw
iscgem799952,5.71,mw
iscgem799953,5.73,mw
iscgem799983,5.95,mw
iscgem800066,5.98,mw
iscgem800129,5.62,mw
iscgem800167,5.81,mw
iscgem800237,7.28,mw
iscgem800238,5.63,mw
iscgem800248,5.69,mw
iscgem800254,6.45,mw
iscgem800281,6.7,mw
iscgem800290,5.73,mw
iscgem800305,5.56,mw
iscgem800364,5.7,mw
iscgem800401,6.45,mw
iscgem800427,5.72,mw
iscgem800429,5.77,mw
iscgem800471,6.14,mw
iscgem800547,5.53,mw
iscgemsup737103,5.63,mw
iscgemsup767015,5.98,mw
iscgemsup767151,5.89,mw
iscgemsup767728,5.68,mw
iscgemsup768390,5.95,mw
iscgemsup769047,6.46,mw
iscgemsup769354,6.09,mw
iscgemsup770124,6.16,mw
iscgemsup770547,5.75,mw
iscgemsup770845,5.66,mw
iscgemsup771756,5.67,mw
iscgemsup772067,5.86,mw
iscgemsup773120,5.62,mw
iscgemsup774704,5.72,mw
iscgemsup774943,6.01,mw
iscgemsup775148,5.87,mw
iscgemsup775217,5.5,mw
iscgemsup777063,6.17,mw
iscgemsup777287,6.3,mw
iscgemsup777457,6.32,mw
iscgemsup778182,6.17,mw
iscgemsup778732,5.96,mw
iscgemsup779285,5.62,mw
iscgemsup779357,5.9,mw
iscgemsup779733,5.71,mw
iscgemsup779736,6.08,mw
iscgemsup780358,6.89,mw
iscgemsup780585,6.91,mw
iscgemsup780896,5.93,mw
iscgemsup781800,5.87,mw
iscgemsup781892,5.53,mw
iscgemsup782039,5.87,mw
iscgemsup782691,6.64,mw
iscgemsup782694,6.95,mw
iscgemsup782728,5.94,mw
iscgemsup783548,6.32,mw
iscgemsup785085,5.81,mw
iscgemsup785445,6.97,mw
iscgemsup786345,6.57,mw
iscgemsup786541,6.27,mw
iscgemsup786686,5.88,mw
iscgemsup788303,5.86,mw
iscgemsup789208,5.8,mw
iscgemsup789251,6.0,mw
iscgemsup789448,5.92,mw
iscgemsup790607,5.66,mw
iscgemsup790629,6.0,mw
iscgemsup791511,6.0,mw
iscgemsup794187,6.21,mw
iscgemsup794500,6.63,mw
iscgemsup794653,6.0,mw
iscgemsup795134,5.62,mw
iscgemsup795998,5.81,mw
iscgemsup796379,5.79,mw
iscgemsup796734,5.77,mw
iscgemsup797699,5.55,mw
iscgemsup797790,5.71,mw
iscgemsup800507,5.9,mw
nc10083966,6.0,mwc
nc10085763,6.2,mwc
nc10085764,5.05,mw
nc1032447,6.7,mwc
nc1046962,5.7,mwc
nc1050040,5.8,mwc
nc1053043,6.1,mw
nc1053045,5.68,mw
nc1053054,5.9,mwc
nc1053058,5.46,mw
nc1053105,5.23,mw
nc1053177,5.8,mwc
nc1068066,5.6,mwc
nc1091100,6.3,mwc
nc1100970,6.1,mwc
nc1108755,5.9,mwc
nc17204,6.1,mwc
nc20092556,5.3,mwc
nc21014765,5.6,mwc
nc21086915,5.9,mwc
nc21323712,6.5,mww
nc216859,6.9,mwc
nc227958,6.3,mwc
nc228027,6.1,mwc
nc228064,7.0,mww
nc268031,6.5,mwc
nc268078,6.7,mww
nc269151,7.0,mww
nc30068187,6.6,mww
nc30228270,6.0,mwc
nc32321,5.8,mwc
nc32650,5.18,mw
nc39753,5.1,mwc
nc492079,5.7,mwc
nc52348,6.1,mwc
nc524039,5.6,mwc
nc64626,5.4,mwc
nc68932,5.6,mwc
nc71105799,5.8,mw
nc71127029,6.21,mw
nc71338066,6.5,mww
nc71348851,5.9,mwc
nc71734741,5.6,mwr
nc71996906,5.7,mww
nc72182046,6.9,mww
nc72282711,6.1,mww
nc72387946,5.7,mww
nc72689331,5.6,mwr
nc73201181,5.6,mwr
nc73351710,5.8,mww
nc73584926,6.0,mww
nc73666231,6.2,mww
nc73821036,6.4,mww
nc73890906,5.6,mww
nc75095651,7.0,mww
nc75382936,5.5,mww
nc78895,5.5,mwc
nc95459,5.4,mwc
nc99451,5.8,mwc
nn00234425,6.0,mwc
nn00570709,5.7,mww
nn00570710,5.5,mww
nn00570744,5.6,mww
nn00725272,6.5,mww
nn00888580,5.8,mww
nn00914068,5.7,mww
official19890523105446320_10,8.02,mwc
official19960217055930550_33,8.09,mww
official20010623203314130_33,8.4,mww
official20030925195006360_27,8.16,mww
official20041226005853450_30,9.2,mww
official20050328160936530_30,8.6,mww
official20070912111026830_34,8.4,mww
official20100227063411530_30,8.8,mww
official20110311054624120_30,9.1,mww
official20120411083836720_20,8.6,mww
pr14148004,5.8,mww
pr2019267000,6.0,mww
pr2020006006,5.7,mww
pr2020007007,6.4,mww
pr2020007010,5.8,mww
pr2020011010,5.9,mww
pr2022128001,5.0,mww
pr2023343002,5.1,mww
pr2024136000,4.8,mww
pr2025056002,5.4,mww
pr2025124000,5.3,mww
pr2025175000,5.7,mww
pr2025217000,5.0,mww
se609212,5.8,mww
us10000dg7,5.5,mwb
us10001ldx,6.2,mww
us10001mgf,5.5,mwb
us10001mh6,5.8,mww
us10001mm0,6.1,mww
us10001mp3,5.9,mww
us10001n7n,5.5,mww
us10001nab,6.2,mww
us10001nj1,6.2,mww
us10001p6f,5.6,mww
us10001pj6,5.5,mwc
us10001ppx,6.4,mww
us10001ps8,5.5,mww
us10001rcr,5.5,mww
us10001rig,5.6,mww
us10001rk3,5.5,mwb
us10001rmk,5.9,mww
us10001rqx,5.6,mww
us10001rvu,7.5,mww
us10001rvz,5.57,mw
us10001ryk,6.0,mww
us10001ryq,6.4,mww
us10001ryu,6.5,mww
us10001s0c,5.9,mwb
us10001s3e,5.8,mww
us10001sbc,5.6,mww
us10001sbf,6.0,mww
us10001sbg,5.7,mwc
us10001sqq,5.5,mwc
us10001t0z,5.9,mww
us10001tjy,5.5,mwc
us10001tqi,5.9,mww
us10001u5v,5.5,mwb
us10001v8k,6.3,mww
us100029k5,6.0,mww
us100029rn,5.5,mww
us100029xn,5.6,mwb
us10002a3x,5.7,mww
us10002a8f,5.7,mww
us10002aip,5.8,mww
us10002aj3,6.7,mww
us10002anx,6.0,mww
us10002b03,6.8,mww
us10002b8f,5.7,mww
us10002bnk,6.9,mww
us10002bpw,6.8,mww
us10002buu,5.9,mww
us10002bvx,6.3,mww
us10002bx8,6.2,mww
us10002byb,5.8,mww
us10002c5j,5.6,mww
us10002c8s,5.8,mww
us10002ccf,5.7,mwc
us10002ke8,6.4,mww
us10002kfc,5.5,mww
us10002kfg,5.7,mww
us10002kld,5.9,mww
us10002kra,6.0,mww
us10002l2m,5.5,mwb
us10002l37,6.5,mww
us10002lne,6.0,mww
us10002m3f,5.5,mwb
us10002mb3,5.8,mww
us10002mft,5.5,mwb
us10002mhg,6.0,mww
us10002mw0,6.0,mww
us10002n4w,6.4,mww
us10002n5q,5.5,mww
us10002n6s,6.1,mww
us10002nmx,5.8,mww
us10002w8v,5.5,mww
us10002wa2,5.6,mwb
us10002wvs,5.7,mww
us10002xg5,5.7,mww
us10002y1z,5.7,mww
us10002zz0,6.0,mww
us10002zzn,5.8,mww
us10002zzr,5.5,mwc
us1000303s,5.6,mww
us1000304a,5.6,mww
us1000304i,5.7,mwc
us100030i6,5.8,mww
us100030pg,6.6,mww
us100030pk,5.9,mwc
us100030q4,5.6,mwc
us100030qs,5.9,mww
us100030vh,5.5,mwc
us10003137,5.7,mwb
us100031b7,5.5,mww
us100031lu,5.6,mww
us100031me,6.5,mww
us100031wx,6.0,mww
us100031xf,5.6,mwc
us100031xu,5.6,mww
us100031xw,5.6,mww
us1000329u,5.7,mww
us100032bg,5.5,mww
us100032bk,5.98,mw
us100032ca,5.62,mw
us100032cb,5.65,mw
us100032k6,6.4,mww
us100032m5,5.7,mww
us100032we,5.7,mww
us100032x1,5.7,mww
us100033n1,5.8,mww
us100033nw,5.5,mww
us100034du,5.7,mww
us100034fl,6.0,mww
us10003508,5.8,mww
us10003j3j,5.7,mww
us10003jyn,5.8,mww
us10003jyt,5.9,mww
us10003k53,5.5,mww
us10003kg9,5.9,mww
us10003kgq,5.7,mww
us10003mjs,5.5,mww
us10003mns,5.5,mww
us10003mrv,6.1,mww
us10003mxa,5.6,mww
us10003mxv,5.6,mww
us10003nib,6.0,mww
us10003p25,5.6,mww
us10003pc9,5.8,mww
us10003pdi,5.6,mww
us10003pie,6.0,mww
us10003pnb,5.8,mww
us10003pv2,5.7,mww
us10003pzw,5.6,mww
us10003q0q,7.1,mww
us10003qv5,5.6,mww
us10003qvc,6.2,mww
us10003qvh,6.0,mww
us10003r43,5.8,mww
us10003r6y,5.5,mwb
us10003rbc,5.8,mww
us10003re5,7.5,mww
us10003uwk,5.5,mww
us10003vgi,6.2,mww
us10003vgt,6.8,mww
us10003vij,5.7,mww
us10003vl4,5.5,mww
us10003vp7,5.7,mww
us10003vph,5.7,mww
us10003vpz,5.5,mww
us10003vq1,5.6,mww
us10003vq9,5.7,mww
us10003vry,6.6,mww
us10003vsp,5.6,mwc
us10003vxc,5.5,mww
us10003vyx,6.5,mww
us10003x8b,5.6,mww
us10003x8t,6.9,mww
us10003x9g,6.9,mww
us10003xaf,5.6,mwb
us10003xd3,5.5,mww
us10003xni,5.8,mww
us10003xzv,5.6,mww
us10003y71,6.7,mww
us10003ydz,5.7,mww
us10003yjy,5.8,mww
us10003yr1,5.9,mww
us10003ywp,6.5,mww
us10003yzt,5.6,mww
us10003zcp,6.8,mww
us10003zrf,5.8,mww
us1000402t,6.1,mww
us10004077,5.8,mww
us100040ct,5.7,mww
us100040iy,5.6,mww
us100040q8,6.0,mww
us100040uv,5.5,mwb
us100040ww,7.6,mww
us100040x6,7.6,mww
us100041ay,5.7,mww
us100041f1,6.7,mww
us100041q5,5.6,mww
us100041t7,6.2,mww
us100041u7,5.6,mww
us100041ui,5.6,mww
us1000421x,5.8,mww
us1000429g,5.5,mwb
us100042gv,5.8,mww
us100042n2,7.5,mw
us100042zp,5.49,mw
us100043z2,7.1,mww
us100044gf,5.6,mww
us100044k5,5.5,mwr
us100044k6,7.2,mww
us100044km,5.53,mw
us100044xh,5.7,mww
us1000454p,5.6,mww
us100047zq,6.6,mww
us1000489i,6.0,mww
us100048d4,5.7,mww
us100048du,5.8,mww
us100048hc,6.1,mww
us100048lk,5.7,mwb
us1000493b,5.8,mww
us100049ce,6.2,mww
us100049dq,5.8,mww
us100049hf,5.8,mww
us100049i1,6.3,mww
us10004a1v,5.6,mww
us10004a6n,5.8,mww
us10004akg,5.8,mww
us10004ant,6.3,mww
us10004aqy,5.8,mww
us10004atb,5.8,mww
us10004b2n,6.7,mww
us10004ben,5.8,mww
us10004bgk,6.0,mww
us10004bm0,5.7,mww
us10004c96,5.7,mww
us10004dam,5.6,mwb
us10004dj5,6.5,mww
us10004djn,6.2,mww
us10004dqh,5.9,mww
us10004dtm,5.7,mww
us10004dxr,5.9,mww
us10004ebw,6.1,mww
us10004ebx,6.7,mww
us10004efn,5.6,mwb
us10004egq,5.5,mww
us10004ehj,5.6,mww
us10004f44,5.6,mww
us10004feg,5.8,mww
us10004fhj,5.6,mww
us10004fv5,5.9,mww
us10004g0a,5.5,mwc
us10004g4l,6.6,mww
us10004gep,5.6,mww
us10004gx7,5.7,mww
us10004gy9,6.3,mww
us10004h1a,5.5,mww
us10004qp2,5.6,mww
us10004rdp,5.8,mww
us10004rga,5.5,mwc
us10004rkg,5.6,mww
us10004rn7,6.0,mww
us10004s4c,5.8,mww
us10004ssu,5.7,mwb
us10004t7g,6.1,mww
us10004taw,5.5,mww
us10004tsd,5.6,mww
us10004u1y,7.8,mww
us10004u8f,5.6,mww
us10004ua7,5.61,mw
us10004uik,5.9,mwc
us10004uj0,5.6,mwc
us10004uy6,5.26,mw
us10004vz7,5.9,mww
us10004x0f,5.6,mww
us10004x1w,6.3,mww
us10004xbb,5.5,mww
us10004xbl,5.6,mww
us10004xmh,5.6,mww
us10005bki,5.6,mww
us10005bxb,6.0,mww
us10005bxy,5.5,mww
us10005c88,7.0,mww
us10005cc4,6.6,mww
us10005cpd,5.8,mww
us10005cxc,5.7,mww
us10005d0b,5.6,mwc
us10005d6s,5.7,mww
us10005d7k,5.5,mwb
us10005dme,5.7,mww
us10005dz1,5.5,mwb
us10005dzs,5.6,mwb
us10005el7,5.6,mwb
us10005ftw,5.8,mww
us10005g1a,5.5,mwb
us10005gpt,5.8,mww
us10005gq4,5.7,mww
us10005h1j,5.5,mwb
us10005h3z,5.6,mww
us10005hf5,5.8,mww
us10005hmu,5.8,mww
us10005hp6,5.5,mwc
us10005i5t,6.7,mww
us10005i9n,6.9,mww
us10005iyk,6.0,mww
us10005j3l,5.5,mww
us10005yp3,6.0,mww
us10005zsp,5.9,mww
us10006153,5.8,mww
us100061tj,5.5,mwb
us100062b1,5.6,mwb
us100062dw,5.8,mww
us100062ea,6.0,mww
us100062et,5.6,mww
us100062hd,5.9,mww
us100062hg,6.3,mww
us100062vf,5.6,mww
us1000638j,5.9,mww
us1000638m,6.3,mww
us1000638n,5.9,mwc
us10006391,5.8,mww
us100068c5,5.57,mw
us100068jg,7.7,mww
us100068rp,5.6,mww
us100068yv,5.9,mww
us1000692a,5.6,mww
us1000694i,5.6,mww
us100069ee,5.6,mww
us100069rr,5.67,mw
us10006a1d,6.2,mww
us10006a2k,6.3,mww
us10006aaj,5.5,mww
us10006d5h,7.2,mww
us10006d6d,6.1,mww
us10006dpp,5.3,mw
us10006dr1,5.7,mww
us10006ds7,5.6,mww
us10006du3,5.5,mwb
us10006dvd,5.6,mww
us10006em9,5.7,mww
us10006esj,6.0,mww
us10006ew5,5.5,mwc
us10006exl,7.4,mww
us10006f6x,5.8,mww
us10006f9k,5.5,mwb
us10006fce,5.5,mww
us10006fdp,6.0,mww
us10006ffg,5.8,mww
us10006fik,6.1,mww
us10006fq7,5.6,mww
us10006g2n,6.0,mww
us10006g7d,6.2,mww
us10006g7w,5.6,mww
us10006gbf,6.8,mww
us10006gf0,5.6,mww
us10006gi2,5.79,mw
us10006gj0,5.94,mw
us10006iy0,6.8,mww
us10006j5q,5.8,mww
us10006jbi,7.0,mww
us10006jc0,5.75,mw
us10006jd4,6.1,mww
us10006jdx,5.5,mww
us10006jf5,5.85,mw
us10006jfz,5.84,mw
us10006jg1,5.5,mww
us10006jj6,5.5,mwb
us10006jmt,5.5,mwb
us10006jp4,5.58,mw
us10006jxs,5.8,mww
us10006jzi,5.19,mw
us10006k8f,5.8,mww
us10006klg,5.9,mww
us10006kpq,6.1,mww
us10006mbt,5.6,mww
us10006n6r,6.1,mww
us10006n81,5.6,mww
us10006nkg,6.1,mww
us10006nkx,5.9,mww
us10006nyk,5.8,mww
us10006pdp,6.0,mww
us10006pfn,6.0,mww
us10006ppy,5.7,mww
us10006q7u,5.5,mwb
us10006qas,6.0,mww
us10006qbk,5.24,mw
us10006qbn,5.8,mww
us10006qm4,5.8,mww
us10006r42,6.1,mww
us10006rp9,5.5,mwb
us10006rrf,5.6,mww
us10006rte,6.2,mww
us10006s4v,6.3,mww
us10006s5c,5.6,mww
us10006s8f,5.6,mww
us10006say,5.9,mww
us10006sb0,5.7,mwc
us10006scl,6.4,mww
us10006scr,6.9,mww
us10006shr,5.6,mww
us10006sp7,5.7,mww
us10006tk4,5.5,mww
us10006tpd,5.5,mwc
us10006u90,5.6,mww
us1000725y,6.1,mww
us10007287,5.6,mww
us100072ai,5.8,mww
us100072bs,5.9,mww
us100072gn,6.0,mww
us100072jv,5.9,mww
us100072su,5.8,mww
us1000731j,6.6,mww
us1000735j,5.6,mww
us100073jd,6.0,mww
us1000744u,6.3,mww
us10007659,5.8,mww
us1000767e,5.7,mww
us10007681,6.0,mww
us100076hl,5.9,mww
us100076ma,5.7,mwb
us100076pv,5.6,mww
us1000770m,6.1,mww
us1000774l,5.9,mww
us1000775e,5.6,mwb
us1000778i,7.8,mww
us10007795,6.5,mww
us10007797,5.77,mw
us10007798,5.75,mw
us1000779b,6.1,mww
us100077aj,6.2,mww
us100077ap,5.7,mwr
us100077ef,5.7,mww
us100077hw,6.5,mww
us100077jc,5.6,mww
us100077ky,5.7,mww
us100077l5,5.5,mww
us1000780y,5.5,mww
us100078ll,5.8,mww
us100078vh,5.7,mww
us100079g9,5.5,mww
us10007a83,5.6,mww
us10007az5,6.4,mww
us10007b3d,5.5,mwb
us10007b88,6.9,mww
us10007ba5,5.9,mww
us10007bbx,5.5,mww
us10007br5,5.8,mww
us10007bwb,5.9,mww
us10007c4w,6.9,mww
us10007c5y,5.47,mw
us10007c8b,5.22,mw
us10007ca5,6.6,mww
us10007cvf,5.5,mww
us10007cw9,5.5,mwb
us10007d73,5.7,mww
us10007ddw,5.74,mw
us10007e4n,5.5,mwb
us10007e55,6.2,mww
us10007ekb,5.9,mww
us10007elg,5.5,mwb
us10007er7,5.7,mww
us10007ev8,6.3,mww
us10007ggp,5.9,mww
us10007ghm,6.5,mww
us10007lix,5.5,mwb
us10007lkw,6.7,mww
us10007lqe,5.9,mww
us10007mf5,6.0,mww
us10007mfp,5.8,mww
us10007mn3,7.6,mww
us10007mnb,5.58,mw
us10007n3r,5.6,mww
us10007naf,5.9,mww
us10007nl0,6.3,mww
us10007p5d,5.7,mwb
us10007p7m,6.3,mww
us10007p7n,5.9,mww
us10007pfk,5.7,mww
us10007piy,5.5,mww
us10007pj6,6.9,mww
us10007pji,5.74,mw
us10007pjt,6.0,mww
us10007pka,5.48,mw
us10007pkn,5.6,mww
us10007r5m,5.7,mww
us10007rkj,5.8,mww
us10007ryv,5.9,mww
us10007s20,6.0,mww
us10007s8c,5.6,mwb
us10007s9c,7.3,mww
us10007sb5,5.7,mww
us10007sd4,6.3,mww
us10007sn1,5.8,mww
us10007snb,5.5,mww
us10007sv2,5.1,mw
us10007t3y,5.7,mww
us10007t8x,5.9,mww
us10007t9m,5.5,mww
us10007tas,5.7,mww
us10007tfe,5.8,mww
us10007tii,5.6,mww
us10007tjy,5.9,mww
us10007tmh,5.8,mww
us10007twj,5.7,mww
us10007twn,5.6,mww
us10007u7n,6.5,mww
us10007ul1,5.6,mww
us10007uph,7.9,mww
us10007upq,5.54,mw
us10007v50,5.5,mww
us10007w1e,5.9,mww
us10007wbk,5.9,mww
us10007wew,5.5,mww
us100085qu,5.6,mww
us100086gw,5.6,mww
us100086wu,5.5,mww
us100086x7,6.1,mww
us1000870s,5.7,mww
us1000874a,5.6,mwb
us1000876f,6.3,mww
us100087gx,5.5,mww
us100087h5,5.7,mww
us100087kn,5.6,mww
us100087wv,5.9,mww
us100088f7,5.6,mww
us100088m4,5.5,mww
us100088sf,6.0,mww
us100088vp,5.6,mww
us100088wf,5.7,mww
us10008dhp,5.5,mww
us10008dm9,5.5,mww
us10008e3k,6.5,mww
us10008eak,5.6,mww
us10008ef7,5.6,mww
us10008ei0,6.1,mww
us10008f2b,5.6,mww
us10008fsc,5.5,mww
us10008fsd,5.9,mww
us10008fye,5.5,mww
us10008g4x,5.7,mww
us10008g7h,5.8,mww
us10008gkz,5.7,mww
us10008gsq,5.8,mww
us10008h1u,5.5,mww
us10008hb9,5.5,mww
us10008hbv,5.8,mww
us10008hu2,6.3,mww
us10008i34,5.6,mww
us10008i97,5.7,mww
us10008iaa,5.6,mww
us10008iph,6.0,mww
us10008iq5,5.9,mww
us10008jej,5.5,mwb
us10008jeq,5.6,mww
us10008jvr,6.0,mww
us10008k2i,5.6,mww
us10008kce,6.9,mww
us10008l61,5.5,mwb
us10008lai,5.7,mww
us10008ld1,5.5,mww
us10008llg,5.9,mww
us10008lm3,5.8,mww
us10008ls4,6.9,mww
us10008lzr,5.5,mww
us10008m0g,5.7,mww
us10008mel,6.2,mww
us10008mgu,6.3,mww
us10008n0i,5.9,mww
us10008npq,6.0,mww
us10008pk9,5.8,mww
us10008pz3,5.9,mww
us10008qgx,5.7,mww
us10008qh7,5.9,mww
us10008qhu,6.2,mww
us10008qnw,6.0,mww
us10008qqm,5.5,mww
us10008qsb,6.8,mww
us10008r2h,5.8,mww
us10008rb6,6.5,mww
us10008rd3,5.6,mww
us10008rhi,5.7,mww
us10008rri,5.6,mww
us10008rtu,6.2,mww
us10008s7b,5.6,mww
us10008sfd,5.7,mww
us10008si3,5.5,mww
us10008sjn,6.2,mww
us10008tp0,6.0,mww
us10008tqj,5.7,mww
us10008tuw,5.7,mww
us10008u48,5.5,mww
us10008usv,5.7,mww
us10008ut8,5.5,mww
us10008uvv,5.9,mww
us10008v90,5.6,mww
us10008vvl,5.7,mww
us10008w1z,6.6,mww
us10008w2b,5.9,mww
us10008wej,5.7,mww
us10008wst,5.5,mww
us1000954z,6.0,mww
us1000959z,5.5,mww
us100095ed,5.9,mww
us100095nr,6.0,mww
us100095ut,5.8,mww
us100095v5,5.5,mww
us100096p0,5.9,mww
us10009757,5.8,mww
us1000976a,6.5,mww
us100097jz,5.7,mww
us10009846,5.7,mww
us100098bt,5.5,mww
us100098gc,5.8,mww
us100098ju,5.7,mww
us100098qm,6.6,mww
us1000991f,5.6,mww
us1000apql,6.7,mww
us1000apzz,5.6,mww
us1000aqwn,5.5,mww
us1000arzf,5.5,mww
us1000aswu,5.5,mww
us1000asxk,5.5,mww
us1000atnb,6.1,mww
us1000atq3,5.34,mw
us1000atrw,5.6,mww
us1000au13,5.9,mww
us1000avue,5.8,mww
us1000aw8q,6.7,mww
us1000awna,5.5,mww
us1000ay28,5.8,mww
us1000ay29,5.8,mww
us1000ay3r,5.9,mww
us1000aysa,5.25,mw
us1000aytk,6.7,mww
us1000ayv5,5.9,mww
us1000aywi,5.7,mww
us1000ayz3,5.8,mww
us1000ayz4,5.6,mww
us1000ayz8,6.1,mww
us1000az05,5.7,mww
us1000azi3,6.1,mww
us1000azjt,6.6,mww
us1000azme,5.9,mww
us1000azrh,5.5,mww
us1000bj3n,5.5,mww
us1000bj4z,5.5,mww
us1000bj76,5.5,mww
us1000bj7t,6.5,mww
us1000bjnz,6.1,mww
us1000bjph,6.0,mww
us1000bjr7,5.5,mww
us1000bkjh,6.1,mww
us1000bkpn,5.8,mww
us1000bkqv,5.5,mww
us1000bms0,5.5,mww
us1000bsxu,5.5,mww
us1000btna,5.5,mww
us1000bu46,5.8,mww
us1000bv11,5.5,mww
us1000bvpy,5.5,mww
us1000bvyv,5.5,mww
us1000bx7a,5.7,mww
us1000bxw9,5.7,mww
us1000bxyn,5.7,mww
us1000bz0y,5.9,mww
us1000bz20,5.5,mww
us1000bzhb,5.5,mww
us1000c1my,5.6,mww
us1000c2ax,5.8,mww
us1000c2zy,7.5,mww
us1000cdbe,5.5,mww
us1000cdjw,5.6,mww
us1000cdn0,6.0,mww
us1000ce2h,5.5,mww
us1000ce9r,5.8,mww
us1000ceb4,5.6,mww
us1000cfmz,5.5,mww
us1000cfn6,6.1,mww
us1000cfnf,5.5,mww
us1000chhc,6.4,mww
us1000chl5,5.6,mww
us1000ci9y,5.7,mww
us1000d19r,5.6,mww
us1000d1cy,5.5,mww
us1000d1kv,6.8,mww
us1000d23h,5.8,mww
us1000d2bk,5.7,mww
us1000d2ru,5.5,mww
us1000d2w0,5.9,mww
us1000d3ae,5.6,mww
us1000d5k6,5.7,mww
us1000d7el,5.5,mww
us1000d7uw,5.6,mww
us1000d8k9,6.3,mww
us1000d8ny,6.0,mww
us1000d8u9,5.7,mww
us1000d8vi,5.6,mww
us1000d8vk,5.7,mww
us1000d8xh,6.4,mww
us1000d937,6.7,mww
us1000day0,5.8,mww
us1000db40,6.9,mww
us1000db5t,5.5,mw
us1000db5u,5.7,mw
us1000dcbs,6.1,mww
us1000dce2,6.8,mww
us1000dcru,5.9,mww
us1000ddj5,5.5,mww
us1000dngn,5.5,mww
us1000dnuj,6.0,mww
us1000dq0e,5.8,mww
us1000dqc2,5.6,mww
us1000dqj3,5.5,mww
us1000dqk1,5.5,mww
us1000dr32,5.6,mww
us1000dr71,5.5,mww
us1000drm0,5.5,mww
us1000dstu,5.6,mww
us1000dugu,5.9,mww
us1000duuy,5.8,mww
us1000dvav,5.6,mww
us1000dvfv,5.9,mww
us1000dvii,5.9,mww
us1000dvnc,5.5,mww
us1000dvrn,5.5,mwb
us1000dw7i,6.0,mww
us1000dym9,6.1,mww
us1000dz6a,5.5,mww
us1000dzt7,5.6,mww
us1000e0j1,5.5,mww
us1000e17w,6.0,mww
us1000e19e,6.2,mww
us1000e1yr,5.7,mww
us1000e26e,5.9,mww
us1000e3zd,5.5,mww
us1000e4vp,5.5,mww
us1000e5k1,5.9,mww
us1000e61u,5.5,mww
us1000e6hz,5.9,mww
us1000e7fh,5.7,mww
us1000e7kx,5.7,mww
us1000e7qq,6.1,mww
us1000e8t0,5.6,mww
us1000e952,5.5,mww
us1000e9mu,5.7,mww
us1000e9th,5.5,mww
us1000ea3r,5.5,mww
us1000eaby,5.5,mww
us1000eae9,5.7,mww
us1000ebnj,5.6,mww
us1000ed0t,5.5,mww
us1000eg6j,5.6,mww
us1000ehd9,5.8,mww
us1000ehes,5.7,mww
us1000ehmb,5.7,mww
us1000ejvv,5.6,mww
us1000epfe,5.9,mww
us1000epg0,5.12,mw
us1000epp2,5.5,mww
us1000er8i,5.7,mww
us1000erwa,5.6,mww
us1000esm8,5.5,mww
us1000eszl,5.9,mww
us1000eu1c,5.5,mww
us1000eu39,5.7,mww
us1000eu9d,5.8,mww
us1000exq6,5.6,mww
us1000exy4,5.6,mww
us1000ey2i,6.1,mww
us1000ez7w,5.5,mww
us1000f0fv,5.9,mww
us1000f0te,5.5,mww
us1000f11c,5.5,mww
us1000f1u8,5.6,mww
us1000f22r,5.5,mww
us1000g2vt,5.8,mww
us1000g3ub,6.9,mww
us1000g3uy,5.98,mw
us1000g4rv,5.7,mww
us1000g4th,5.5,mww
us1000g5n1,5.9,mww
us1000g5wh,5.6,mww
us1000g60s,5.6,mww
us1000g6hd,5.5,mww
us1000g6hl,6.0,mww
us1000g6w0,5.7,mww
us1000g7ca,5.5,mww
us1000g8kf,6.1,mww
us1000ga0z,6.5,mww
us1000gaqf,5.8,mwb
us1000gaqv,6.3,mww
us1000gbi4,6.5,mww
us1000gbz1,5.6,mww
us1000gc0k,6.1,mww
us1000gcek,5.6,mww
us1000gcii,8.2,mww
us1000gclj,5.71,mw
us1000gcnc,6.54,mw
us1000gcsb,5.87,mw
us1000gcvr,6.3,mww
us1000gcwt,6.76,mw
us1000gda5,6.9,mww
us1000gdaz,5.87,mw
us1000gdb7,5.51,mw
us1000gdt6,5.5,mww
us1000gez7,7.3,mww
us1000gf2g,6.5,mww
us1000gf8u,6.2,mww
us1000gfc8,5.8,mww
us1000gfkm,5.8,mww
us1000gfp8,5.6,mww
us1000gfru,5.6,mww
us1000gfvg,6.3,mww
us1000ggj4,7.1,mww
us1000ggp5,5.58,mw
us1000gh9x,5.9,mww
us1000ghbd,5.5,mww
us1000ghda,6.0,mww
us1000gi7m,5.6,mww
us1000gii0,6.2,mww
us1000giie,5.7,mww
us1000gil8,5.71,mw
us1000gimx,5.7,mww
us1000gin0,5.76,mw
us1000gitw,5.67,mw
us1000giuq,5.58,mw
us1000gj78,6.4,mww
us1000gj9f,5.8,mww
us1000gjaz,7.1,mww
us1000h2tp,5.7,mww
us1000h36v,5.8,mww
us1000h3lz,5.6,mww
us1000h3mf,6.1,mww
us1000h3ml,5.7,mww
us1000h3p4,7.5,mww
us1000h3p8,5.81,mw
us1000h3pn,5.78,mw
us1000h3r6,5.64,mw
us1000h3rc,5.68,mw
us1000h3sd,5.72,mw
us1000h4l1,6.7,mww
us1000h5eg,6.0,mww
us1000h5h5,5.7,mww
us1000h5k9,5.7,mww
us1000h6th,5.5,mww
us1000h7jc,5.8,mww
us1000h8an,5.9,mww
us1000h8ar,5.8,mww
us1000h8fi,5.6,mww
us1000h8g6,5.6,mww
us1000h8pv,5.5,mww
us1000h97j,6.1,mww
us1000h9sh,5.5,mww
us1000ha6q,6.0,mww
us1000ha9t,6.2,mw
us1000haa3,7.0,mww
us1000haab,5.9,mww
us1000haaj,5.9,mww
us1000habl,6.2,mww
us1000hacw,6.5,mww
us1000hafx,5.6,mww
us1000hax9,5.6,mww
us1000hb0u,5.6,mww
us1000hbcu,5.7,mww
us1000hbff,5.7,mww
us1000hbkz,6.7,mww
us1000hbw3,5.7,mww
us1000hbyr,5.9,mww
us1000hcg6,5.5,mww
us1000hcln,6.3,mww
us1000hclz,6.5,mww
us1000hcm3,5.7,mww
us1000hcqb,5.6,mww
us1000hctj,5.5,mww
us1000hcxa,5.68,mw
us1000hd5b,5.7,mww
us1000hd7h,5.5,mww
us1000he9l,5.5,mww
us1000hexe,5.6,mww
us1000hf58,5.8,mww
us1000hf6g,5.9,mww
us1000hfgn,6.5,mww
us1000hfgv,6.8,mww
us1000hfh3,6.5,mww
us1000hfxx,5.8,mww
us1000hg31,5.5,mww
us1000hg5i,5.7,mww
us1000hh6r,5.7,mww
us1000hhb1,6.8,mww
us1000hhe5,5.6,mww
us1000hhgs,5.9,mww
us1000hi43,5.5,mww
us1000hib5,6.1,mww
us1000hiby,5.5,mww
us1000hied,6.3,mww
us1000hip5,5.8,mww
us1000hiqv,5.6,mww
us1000hit9,5.8,mww
us1000hiup,6.1,mww
us1000hj1l,5.7,mww
us1000hpim,6.7,mww
us1000hpl6,5.59,mw
us1000hple,5.7,mww
us1000hq7w,5.5,mww
us1000hq85,6.1,mww
us1000hqkp,6.3,mww
us1000hr1c,5.6,mww
us1000hrv1,6.1,mww
us1000hrxp,5.5,mww
us1000hs5v,5.5,mww
us1000hsaf,6.4,mww
us1000hsfz,6.3,mww
us1000hsie,6.2,mww
us1000ht5z,5.5,mww
us1000htm5,6.8,mww
us1000hujf,5.5,mww
us1000hvfv,5.9,mww
us1000hvn9,5.6,mww
us1000hw5j,5.6,mww
us1000hw91,5.8,mww
us1000hwaj,6.0,mww
us1000hwb5,5.6,mww
us1000hwdw,6.3,mww
us1000hwg8,5.7,mww
us1000hwix,5.7,mww
us1000hwwp,5.7,mww
us1000hwxu,5.6,mww
us1000hwzq,5.7,mww
us1000hx1t,5.7,mww
us1000hx62,5.5,mww
us1000hy0k,5.8,mww
us1000hzjp,6.4,mww
us1000i02j,5.5,mww
us1000i0sc,5.5,mww
us1000i0t9,5.5,mww
us1000i16h,5.5,mww
us1000i1qd,5.5,mww
us1000i1xx,5.6,mww
us1000i2gr,6.04,mw
us1000i2gt,7.5,mww
us1000i2h5,5.96,mw
us1000i2hh,5.8,mw
us1000i2hk,5.69,mw
us1000i2i1,5.74,mw
us1000i2k0,6.6,mww
us1000i36p,5.5,mww
us1000i3ui,5.9,mww
us1000iru6,5.5,mww
us1000iryd,5.6,mww
us1000is2c,5.9,mww
us1000j91e,5.5,mww
us1000j92m,5.9,mww
us1000j96d,7.0,mww
us1000j9r2,5.5,mww
us1000j9s1,5.9,mww
us1000j9yd,5.6,mww
us1000j9yt,5.5,mww
us1000jaaq,5.9,mww
us1000jb24,5.8,mww
us1000jb5a,5.5,mww
us1000jb8d,6.4,mww
us1000jbaz,5.6,mww
us1000jbey,5.8,mww
us1000jbwr,5.5,mww
us1000jbws,5.7,mww
us1000jbxf,5.7,mww
us1000jccx,6.0,mww
us1000jd50,5.5,mww
us1000jd55,6.2,mww
us1000jd7d,6.0,mww
us1000jd8k,5.7,mww
us1000jd8y,5.5,mww
us1000jdlr,5.9,mww
us1000jg5z,6.3,mww
us1000jgn6,5.6,mww
us1000jgvf,5.5,mww
us1000jhbv,5.6,mww
us1000jj23,5.7,mww
us1000jj9r,6.3,mww
us1000jjp9,5.5,mww
us1000jkns,5.5,mww
us1000jkrq,6.1,mww
us1000jkv5,5.5,mww
us1000jkwi,6.1,mww
us1000jlpq,5.5,mww
us200025ml,5.7,mww
us200025t9,5.5,mwb
us200026cn,5.6,mwb
us2000272b,6.0,mww
us200027c2,6.5,mww
us200027ps,6.4,mww
us200027rc,5.7,mwb
us200027rt,6.0,mww
us200027ru,6.1,mww
us200028gt,6.2,mww
us200028qc,6.1,mww
us200028ue,6.2,mww
us20002926,7.8,mww
us2000292y,6.6,mww
us20002934,5.62,mw
us2000294g,5.75,mw
us200029bt,6.7,mww
us200029gw,5.6,mww
us200029x8,6.1,mww
us200029ys,5.5,mww
us20002ag2,5.8,mwb
us20002ag9,6.7,mww
us20002am6,6.8,mww
us20002avl,5.7,mwc
us20002b1r,6.0,mww
us20002b1x,5.61,mw
us20002b2k,5.9,mww
us20002b38,5.6,mww
us20002b6b,5.7,mwb
us20002bi0,5.69,mw
us20002bi4,6.33,mw
us20002bnf,7.5,mww
us20002bng,5.8,mw
us20002bp4,5.58,mw
us20002br8,5.8,mwc
us20002c13,5.5,mwc
us20002das,7.1,mww
us20002dp5,5.7,mww
us20002dqa,5.9,mww
us20002e4x,5.6,mww
us20002e96,6.0,mww
us20002ejl,7.3,mww
us20002ek0,5.55,mw
us20002ek5,6.3,mww
us20002et4,6.8,mww
us20002ka2,5.9,mwc
us20002ki3,7.8,mww
us20002kp6,6.0,mwc
us20002kpm,6.2,mww
us20002kxa,5.8,mww
us20002l3n,5.9,mww
us20002m5s,6.0,mww
us20002mbq,5.6,mww
us20002mvq,6.1,mww
us20002nem,5.6,mwc
us20002nj8,5.8,mww
us20002nkt,6.0,mww
us20002nwl,5.7,mww
us20002nwm,5.7,mww
us20002pak,6.0,mww
us20002pky,5.5,mww
us20002pyz,5.8,mww
us20002q2b,5.7,mww
us20002q6u,5.9,mww
us20002qn7,7.0,mww
us20002vm7,6.3,mww
us20002vmc,5.6,mww
us20002vn3,5.9,mww
us20002vrz,5.7,mww
us20002vuf,5.6,mww
us20002vuq,5.8,mww
us20002w0x,5.61,mw
us20002w0y,5.64,mw
us20002w9y,5.6,mww
us20002wd2,5.5,mww
us20002whh,6.7,mww
us20002wvt,5.5,mwb
us20002wz9,5.5,mww
us20002xw5,5.7,mww
us20002xx1,6.5,mww
us20002y6h,5.8,mww
us20002yaw,7.0,mww
us20002ynd,5.7,mwb
us20002zfa,5.5,mwb
us20002zt7,5.6,mwc
us20002zzg,5.5,mwb
us2000306u,5.9,mww
us2000308l,5.8,mwb
us200030aq,6.9,mww
us200030ar,5.76,mw
us200030bu,5.9,mwc
us200030bx,5.79,mw
us200030kn,7.0,mww
us2000314h,5.9,mww
us20003fe2,5.64,mw
us20003feg,6.0,mww
us20003fkb,5.7,mww
us20003fyy,5.5,mww
us20003glc,5.5,mww
us20003gpv,5.8,mww
us20003h2i,6.0,mww
us20003h2m,6.3,mww
us20003h3x,5.9,mww
us20003h78,5.8,mww
us20003h7g,5.7,mww
us20003h7j,5.5,mww
us20003hme,5.9,mwb
us20003hq5,6.0,mww
us20003iv3,5.5,mww
us20003j2v,5.9,mww
us20003j36,5.5,mww
us20003j4t,5.6,mww
us20003j4u,6.7,mww
us20003jwc,6.3,mww
us20003jyz,6.1,mww
us20003k7a,8.3,mww
us20003k7m,6.1,mwr
us20003k7w,7.0,mww
us20003k83,6.23,mw
us20003k89,5.95,mw
us20003kc5,5.8,mwr
us20003kcn,6.4,mww
us20003kdq,5.62,mw
us20003ke3,5.5,mwr
us20003kfj,6.5,mww
us20003kft,5.7,mwr
us20003kfv,6.7,mww
us20003kgi,5.5,mwr
us20003khn,5.5,mwr
us20003kjd,5.62,mw
us20003kkw,5.9,mww
us20003kl4,5.9,mww
us20003kld,5.7,mwr
us20003kwk,5.5,mwr
us20003l55,5.6,mww
us20003l5d,6.2,mww
us20003lc6,6.0,mww
us20003lql,6.1,mww
us20003lsq,5.7,mww
us20003luw,6.2,mww
us20003lv1,5.6,mww
us20003m3n,5.75,mw
us20003mcj,6.1,mww
us20003mi0,6.6,mww
us20003mis,5.5,mww
us20003mjn,5.6,mww
us20003msd,6.0,mww
us20003nmz,5.7,mww
us20003nqr,6.6,mww
us20003nr6,5.8,mww
us20003p9y,6.3,mww
us20003pci,5.5,mwb
us20003pcw,5.31,mw
us20003pdw,5.9,mwb
us20003pf6,5.5,mww
us20003pnw,5.9,mww
us200040b8,5.8,mww
us2000416s,5.8,mww
us2000417s,5.5,mww
us200041a0,5.8,mww
us200041rk,5.7,mww
us200041ty,6.5,mww
us200041ul,5.6,mww
us20004ft7,6.9,mww
us20004fuz,6.1,mww
us20004g1p,5.5,mww
us20004g40,5.7,mww
us20004gtz,5.5,mwb
us20004uks,6.1,mww
us20004uu1,5.5,mww
us20004v38,5.7,mww
us20004vvx,7.2,mww
us20004w14,5.5,mwb
us20004w3k,5.7,mww
us20004w6c,6.1,mww
us20004wck,6.2,mww
us20004wk0,5.7,mww
us20004y6h,6.4,mww
us20004y98,5.7,mww
us20004yh2,5.8,mww
us20004yr0,6.4,mww
us20004z5b,6.3,mww
us20004zp9,6.3,mww
us20005019,5.8,mww
us2000505t,5.7,mww
us200050a6,6.0,mww
us200050ei,5.9,mww
us200050iw,5.7,mww
us200050pj,6.1,mww
us200050wc,6.0,mww
us20005a5n,5.5,mww
us20005amh,5.6,mww
us20005aqk,5.5,mww
us20005ate,5.6,mww
us20005awl,5.5,mww
us20005axu,6.0,mww
us20005az4,5.7,mww
us20005azr,5.6,mww
us20005azy,6.0,mww
us20005bbh,6.4,mww
us20005bft,5.6,mwb
us20005cjh,5.6,mww
us20005cr4,5.8,mww
us20005ct5,5.5,mww
us20005cx1,5.5,mww
us20005cxt,5.5,mwc
us20005d4l,5.5,mww
us20005du0,5.9,mww
us20005e01,6.2,mww
us20005e8t,6.9,mww
us20005fjj,5.9,mww
us20005fsh,5.8,mww
us20005fsi,6.7,mww
us20005ft6,5.9,mww
us20005fv5,6.1,mww
us20005fx0,5.5,mww
us20005fzn,6.7,mww
us20005gqv,5.7,mww
us20005gs0,5.5,mww
us20005gsg,6.6,mww
us20005guh,5.6,mww
us20005h2l,5.6,mww
us20005haz,5.8,mwb
us20005hdp,5.5,mwb
us20005hqz,6.9,mww
us20005hux,6.0,mww
us20005hxx,5.8,mww
us20005hzl,5.9,mww
us20005hzn,6.2,mww
us20005i1a,6.0,mww
us20005i6p,6.4,mww
us20005i7m,5.6,mww
us20005id2,5.6,mwc
us20005ih9,6.1,mww
us20005iis,7.0,mww
us20005ija,5.7,mww
us20005inz,5.5,mwr
us20005iyl,5.5,mwc
us20005j32,7.8,mww
us20005j3i,5.53,mw
us20005j62,5.8,mww
us20005j67,5.7,mww
us20005j6q,5.6,mwb
us20005jgz,5.5,mww
us20005jhi,5.9,mww
us20005jqc,6.2,mww
us20005jyu,5.6,mwb
us20005k37,6.2,mww
us20005k4s,5.6,mww
us20005k66,5.9,mww
us20005kb6,6.0,mwb
us20005kqh,6.0,mww
us20005kqp,5.9,mww
us20005l3v,5.7,mww
us20005ldk,5.5,mww
us20005lgm,5.7,mww
us20005li9,6.0,mww
us20005yd1,5.9,mww
us20005yd7,6.4,mww
us20005ydi,5.52,mw
us20005yqp,6.9,mww
us20005ysu,7.2,mww
us20005z5g,5.7,mww
us20005zay,6.4,mww
us20005zc8,5.9,mww
us20005zmf,5.5,mwc
us20005zt1,6.6,mww
us20005zv0,5.8,mww
us20006257,5.8,mww
us2000626m,6.3,mww
us2000628p,5.6,mww
us2000629f,6.1,mww
us200062bu,5.5,mww
us200062fz,5.5,mww
us200062i1,6.3,mww
us200062i7,5.5,mwc
us200062l9,6.3,mww
us200062qw,5.9,mww
us200062zs,6.1,mww
us200063cy,6.1,mww
us200063dk,6.2,mww
us200063gd,5.5,mww
us200063m8,5.8,mww
us2000640t,5.7,mww
us2000641d,5.6,mww
us200064bb,6.2,mww
us200064bj,5.6,mww
us200064hq,5.7,mww
us200064rn,5.7,mww
us20006567,5.7,mwb
us2000659j,5.7,mww
us200065d1,6.3,mww
us200065ep,5.6,mww
us200065g0,6.0,mww
us200065s1,6.1,mww
us200065sc,6.3,mww
us2000665g,5.5,mww
us200066bv,5.8,mww
us200066n4,5.5,mww
us200066t7,5.5,mww
us200066x9,6.4,mww
us2000671z,5.7,mww
us200067az,5.7,mww
us200067p3,5.5,mww
us200067r2,5.8,mww
us20006ewt,5.6,mwb
us20006f14,5.5,mwb
us20006fpn,5.8,mww
us20006g6l,6.1,mww
us20006h0d,5.8,mww
us20006h25,5.5,mww
us20006h2e,5.32,mw
us20006h4k,5.9,mww
us20006h9g,5.7,mwb
us20006hdi,5.8,mww
us20006hi2,6.1,mww
us20006hkb,6.4,mww
us20006hnx,5.9,mwb
us20006hpx,5.8,mww
us20006hzu,5.9,mww
us20006ty8,5.9,mww
us20006urc,5.5,mww
us20006uy6,7.1,mww
us20007c73,5.5,mwb
us20007ccf,5.8,mww
us20007cfa,5.6,mwb
us20007crf,5.6,mwc
us20007cu1,5.8,mww
us20007cya,5.8,mww
us20007d25,5.6,mwb
us20007dbw,5.6,mww
us20007dxq,5.5,mwb
us20007ebu,6.3,mww
us20007eec,5.5,mww
us20007ept,6.8,mww
us20007eqh,5.9,mww
us20007f3s,5.9,mww
us20007f6l,5.6,mww
us20007f7j,6.6,mww
us20007fhv,5.6,mww
us20007fj2,5.6,mww
us20007fta,6.2,mww
us20007g96,5.9,mww
us20007ga1,5.6,mww
us20007gb2,5.5,mwb
us20007gmi,5.8,mww
us20007gsh,6.1,mww
us20007guy,5.5,mww
us20007z2r,6.0,mww
us20007z6r,6.6,mww
us20007z80,7.8,mww
us20007zbi,5.63,mw
us20007zbn,6.5,mww
us20007zlq,6.9,mww
us20007zm1,5.9,mww
us20007zn7,5.8,mww
us20007zpc,5.5,mww
us20007zq4,5.6,mww
us20007zq6,5.8,mww
us20007ztn,6.0,mww
us20007zz8,5.8,mww
us20008002,5.5,mww
us200080m3,6.0,mww
us200080td,5.5,mww
us2000819r,5.5,mww
us200081as,5.62,mw
us200081bu,5.6,mw
us200081iw,5.59,mw
us200081v8,7.9,mww
us200081vz,5.69,mw
us200081w0,6.3,mww
us2000825r,5.9,mww
us2000826e,5.5,mwb
us2000826m,5.9,mww
us2000828l,6.2,mww
us2000829x,5.5,mww
us200082an,6.4,mww
us200082pp,6.4,mww
us200082q8,5.6,mww
us200082s5,5.6,mww
us200082tk,6.0,mww
us20008fsm,5.6,mww
us20008hh9,5.8,mww
us20008hx7,5.5,mww
us20008ic7,6.3,mww
us20008ixa,6.5,mww
us20008kn8,6.4,mww
us20008l0q,5.5,mww
us20008l41,6.5,mww
us20008lv9,5.5,mww
us20008lww,5.9,mww
us20008m3t,6.9,mww
us20008man,5.9,mww
us20008mhb,5.5,mww
us20008mw4,5.7,mww
us20008sd8,5.6,mww
us20008siq,5.5,mww
us20008t6m,6.0,mww
us20008tme,5.6,mww
us20008ulq,5.5,mww
us20008uzn,6.2,mww
us20008vhl,6.6,mww
us20008vll,5.7,mww
us20009jd6,6.8,mww
us20009jdx,5.9,mww
us20009kit,5.9,mww
us20009kr6,5.6,mww
us20009lfa,5.6,mww
us20009lpe,5.6,mww
us20009lsg,5.5,mww
us20009lwc,5.7,mww
us20009lwp,5.7,mww
us20009ly0,6.3,mww
us20009m97,5.8,mww
us20009mbf,5.5,mww
us20009mbt,6.9,mww
us20009mji,5.5,mww
us20009mjp,6.0,mww
us20009msm,5.8,mww
us20009n59,5.7,mww
us20009n9r,5.5,mww
us20009nc2,6.1,mww
us20009nju,5.9,mww
us20009p1a,6.8,mww
us20009pf9,5.6,mww
us20009pgd,5.5,mww
us20009ph9,5.7,mww
us20009pjx,5.6,mww
us20009pmr,6.0,mww
us20009psx,5.5,mww
us20009q32,5.5,mww
us20009q4v,6.0,mww
us20009vsi,5.9,mww
us20009vvi,6.4,mww
us20009wjw,5.9,mww
us20009wsf,5.6,mww
us20009wu6,5.7,mww
us20009wwj,6.3,mww
us20009x42,7.7,mww
us20009x7r,6.4,mww
us20009xz4,6.0,mww
us20009y4v,5.7,mww
us20009yb7,5.8,mww
us20009ynd,6.6,mww
us20009yvq,5.5,mww
us20009zyk,5.5,mww
us2000a02t,5.6,mww
us2000a18e,6.0,mww
us2000a1qs,5.8,mww
us2000a1uk,6.0,mww
us2000a21g,5.5,mww
us2000a2r4,5.7,mww
us2000a34a,5.6,mww
us2000a4zc,5.8,mww
us2000a59l,5.8,mww
us2000a5dp,5.6,mww
us2000a5g1,5.8,mww
us2000a5hd,5.5,mww
us2000a5hh,5.7,mww
us2000a5x1,6.5,mww
us2000a65e,6.3,mww
us2000a68x,5.5,mww
us2000a690,5.5,mww
us2000a6ul,5.5,mww
us2000a77i,6.2,mww
us2000a7gq,5.6,mww
us2000a7kk,5.8,mww
us2000a7q2,6.4,mww
us2000a7ta,5.8,mww
us2000a7xx,5.6,mww
us2000a8bb,5.7,mww
us2000a8qf,5.7,mww
us2000a98r,6.6,mww
us2000a9k7,5.5,mww
us2000a9n1,6.4,mww
us2000ac49,5.5,mww
us2000ac7a,6.3,mww
us2000adjh,6.3,mww
us2000adtb,5.5,mww
us2000aek2,5.5,mww
us2000afh9,6.1,mww
us2000aful,5.5,mww
us2000ahlq,6.1,mww
us2000ahv0,8.2,mww
us2000ailq,5.5,mww
us2000aj51,5.8,mww
us2000aj8s,5.5,mww
us2000ajpe,5.7,mww
us2000ak7u,5.7,mww
us2000akcq,5.5,mww
us2000amk5,5.8,mww
us2000anjp,5.5,mww
us2000ap3b,5.6,mww
us2000apif,5.7,mww
us2000apru,5.5,mww
us2000apwd,5.9,mww
us2000apx5,5.6,mww
us2000aqji,5.5,mww
us2000ar20,7.1,mww
us2000arel,6.1,mww
us2000arxv,6.1,mww
us2000as2f,6.4,mww
us2000as5x,5.9,mww
us2000as7r,5.7,mww
us2000at0m,5.6,mww
us2000atbf,5.7,mww
us2000atis,5.8,mww
us2000atjv,6.1,mww
us2000atpb,5.7,mww
us2000atwe,5.8,mww
us2000aulg,5.9,mww
us2000autd,6.4,mww
us2000av31,5.8,mww
us2000avvw,5.5,mww
us2000axas,5.6,mww
us2000b0nr,5.7,mww
us2000b1c3,5.5,mww
us2000b1t0,5.5,mww
us2000b1v8,6.2,mww
us2000b20f,5.6,mww
us2000b25h,5.6,mww
us2000b2sv,6.1,mww
us2000b2v1,6.2,mww
us2000b2vq,6.5,mww
us2000b3dm,6.3,mww
us2000bfdc,5.6,mww
us2000bhp8,5.7,mww
us2000bibm,6.8,mww
us2000bie2,5.7,mww
us2000bife,5.6,mww
us2000biq7,5.5,mww
us2000bivm,5.5,mww
us2000bjp9,5.5,mww
us2000bjrq,5.7,mww
us2000bk15,6.5,mww
us2000bk9d,5.7,mww
us2000bkrv,6.0,mww
us2000bldw,5.8,mww
us2000blul,6.1,mww
us2000bmcg,7.3,mww
us2000bmfd,5.9,mww
us2000bmhe,6.5,mww
us2000bn70,5.5,mww
us2000bnem,5.5,mww
us2000bnmq,5.8,mww
us2000bnnl,5.6,mww
us2000bnrs,5.5,mww
us2000bphs,5.9,mww
us2000bpkq,5.8,mww
us2000bqsn,6.4,mww
us2000bqvz,5.5,mww
us2000br1i,5.8,mww
us2000brbk,6.3,mww
us2000brgk,6.6,mww
us2000brh4,5.9,mww
us2000brlf,7.0,mww
us2000brnd,6.0,mww
us2000brz0,6.0,mww
us2000bs5i,5.5,mww
us2000bsrh,5.5,mww
us2000btkn,5.5,mww
us2000bubz,5.8,mww
us2000burc,6.0,mww
us2000bvcw,5.5,mww
us2000bvry,5.5,mww
us2000bvsl,5.7,mww
us2000c1wt,6.4,mww
us2000c1xc,5.9,mww
us2000c1zn,6.3,mww
us2000c286,5.7,mww
us2000c2du,6.1,mww
us2000c2te,5.7,mww
us2000c2vg,5.6,mww
us2000c2xt,5.5,mww
us2000c3ag,6.0,mww
us2000c3mi,6.0,mww
us2000c3y6,6.5,mww
us2000c4ki,5.5,mww
us2000c4v8,6.5,mww
us2000c57n,5.5,mww
us2000c5bf,5.5,mww
us2000ci3s,5.5,mww
us2000ciek,5.5,mww
us2000cifa,6.0,mww
us2000cj9r,5.8,mww
us2000cjfy,7.1,mww
us2000cjkg,5.5,mww
us2000cjyj,5.8,mww
us2000ck3t,5.9,mww
us2000ckj1,5.8,mww
us2000ckqy,5.8,mww
us2000cl83,6.3,mww
us2000cm0f,6.3,mww
us2000cmwz,5.9,mww
us2000cmy3,7.9,mww
us2000cn1j,5.56,mw
us2000cngh,5.36,mw
us2000cnh7,5.5,mww
us2000cnnl,6.3,mww
us2000cp4g,5.8,mww
us2000cp4y,6.2,mww
us2000cp7l,5.8,mww
us2000cpba,5.8,mww
us2000cq5t,6.3,mww
us2000cqgn,5.7,mww
us2000cqnn,6.6,mww
us2000cqrl,5.5,mww
us2000cqzc,5.5,mww
us2000cr9m,5.5,mww
us2000crmu,6.2,mww
us2000crq6,5.6,mww
us2000crtj,5.6,mww
us2000cymg,5.7,mww
us2000cysh,5.7,mww
us2000cz4c,5.6,mww
us2000czgc,6.0,mww
us2000czig,5.8,mww
us2000d004,5.6,mww
us2000d0ex,5.8,mww
us2000d0k7,5.5,mww
us2000d0p1,6.0,mww
us2000d18h,5.7,mww
us2000d18y,5.6,mww
us2000d2jg,5.6,mww
us2000d3km,7.2,mww
us2000d3m0,5.8,mww
us2000d4lg,5.9,mww
us2000d7pu,5.6,mww
us2000d7q6,7.5,mww
us2000d7r4,5.73,mw
us2000d7y3,5.6,mww
us2000d80x,5.9,mww
us2000d83z,5.8,mww
us2000d855,6.1,mww
us2000d867,6.3,mww
us2000d8mh,5.5,mww
us2000d8my,5.7,mww
us2000d8rl,6.1,mww
us2000d90d,6.1,mww
us2000damy,5.9,mww
us2000dc23,5.7,mww
us2000dc52,6.0,mww
us2000dcqh,5.09,mw
us2000dcx1,6.7,mww
us2000ddm5,5.8,mww
us2000ddra,5.6,mww
us2000dus5,6.0,mww
us2000duvm,5.8,mww
us2000dux6,5.5,mww
us2000dveh,5.6,mww
us2000dvvi,5.5,mww
us2000dvwq,6.3,mww
us2000dwh6,5.7,mww
us2000dwpi,5.6,mww
us2000dxfc,6.2,mww
us2000dxxe,5.5,mww
us2000e0mq,6.0,mww
us2000e1b6,5.5,mww
us2000fqdy,5.5,mww
us2000frwr,5.9,mww
us2000ft89,5.6,mww
us2000fvnq,5.7,mww
us2000fwxz,5.5,mww
us2000fxyz,6.1,mww
us2000fyrv,5.5,mww
us2000fz0q,5.9,mww
us2000fzb7,6.0,mww
us2000fzfw,5.5,mww
us2000fzwt,5.5,mww
us2000g11i,5.6,mww
us2000g1ay,5.6,mww
us2000g2se,5.5,mww
us2000g3up,6.4,mww
us2000g5b4,6.0,mww
us2000g5mh,6.0,mww
us2000g69z,5.8,mww
us2000g6uy,6.0,mww
us2000g83v,5.6,mww
us2000g8sc,5.8,mww
us2000g8tr,5.8,mww
us2000g9l7,5.6,mww
us2000g9ms,5.86,mw
us2000gaa3,5.6,mww
us2000gaxd,5.9,mww
us2000gb4d,5.8,mww
us2000gbea,5.6,mww
us2000gbew,5.5,mww
us2000gbr3,6.0,mww
us2000gcpa,5.6,mww
us2000gdsq,5.7,mww
us2000ge0q,5.5,mww
us2000gg23,5.7,mww
us2000gg76,6.0,mww
us2000ggbs,6.4,mww
us2000gh23,5.5,mww
us2000gi03,5.5,mww
us2000h5hs,5.5,mww
us2000h5z6,5.5,mww
us2000h6dj,5.5,mww
us2000h6i8,5.6,mww
us2000h70q,5.5,mww
us2000h72b,5.6,mww
us2000h7aj,5.6,mww
us2000h7ci,5.5,mww
us2000h7e0,5.9,mww
us2000h8h6,5.6,mww
us2000h8ry,5.3,mw
us2000h8ty,6.6,mww
us2000h94x,5.5,mww
us2000h9e2,7.9,mww
us2000ha13,6.2,mww
us2000ha1k,5.8,mww
us2000ha5b,5.6,mww
us2000hat7,5.7,mww
us2000haxi,6.2,mww
us2000haz0,5.8,mww
us2000hb83,5.5,mww
us2000hb9n,5.5,mww
us2000hbk9,6.5,mww
us2000hbpv,6.9,mww
us2000hc1x,6.3,mww
us2000hdy6,5.5,mww
us2000hep2,5.8,mww
us2000hewm,5.7,mww
us2000hf24,5.7,mww
us2000hf73,5.6,mww
us2000hfjk,6.5,mww
us2000hg93,6.0,mww
us2000hgcc,5.9,mww
us2000hgcm,5.5,mww
us2000hgln,5.7,mw
us2000hhfi,5.6,mww
us2000hhzn,5.9,mww
us2000hhzr,5.7,mwb
us2000hi48,5.6,mww
us2000hiwb,5.8,mww
us2000hk13,5.8,mww
us2000i5jk,5.8,mww
us2000i5mj,6.2,mww
us2000i5tk,6.0,mww
us2000i6mv,6.0,mww
us2000i6sc,5.9,mww
us2000i7iz,5.5,mww
us2000isc8,7.1,mww
us2000isw3,6.3,mww
us2000iu2u,6.1,mww
us2000iu3c,5.5,mww
us2000iu4a,5.8,mww
us2000iuya,6.3,mww
us2000iuyv,5.7,mww
us2000iv5f,5.8,mww
us2000ivfw,7.3,mww
us2000ivge,5.7,mw
us2000ivgx,5.62,mw
us2000ivs3,5.9,mww
us2000ivst,5.7,mww
us2000iw0e,5.5,mww
us2000iw7g,5.6,mww
us2000iwa7,5.6,mww
us2000iwat,6.0,mww
us2000iws8,5.8,mww
us2000iwvb,6.4,mww
us2000iwwp,5.6,mww
us2000iwx0,5.5,mww
us2000ix3y,6.1,mww
us2000ixpr,5.7,mww
us2000iyhj,5.8,mww
us2000iyta,7.0,mww
us2000iz50,5.7,mww
us2000izcv,6.0,mww
us2000j076,5.6,mww
us2000j0iw,5.9,mww
us2000j0ja,6.8,mww
us2000j0n0,5.7,mww
us2000j0th,5.6,mww
us2000j0uj,6.6,mww
us2000j0yp,5.5,mww
us2000j1d4,6.3,mww
us2000j1rt,5.94,mw
us2000j2kv,5.8,mww
us2000j468,6.6,mww
us2000j47l,5.7,mww
us2000j4gj,5.5,mww
us2000j545,6.2,mww
us2000j56c,5.7,mww
us2000j5qu,6.0,mww
us2000j5sx,5.9,mww
us2000j63c,5.7,mww
us2000j6hy,6.7,mww
us2000j6qe,5.5,mww
us2000j6qr,5.6,mww
us2000j6tj,5.6,mww
us2000j70q,6.0,mww
us2000j73a,6.3,mww
us2000j7dn,6.7,mww
us2000j7rv,5.6,mww
us2000j85q,5.5,mww
us2000j8n4,5.7,mww
us2000j92j,5.7,mww
us2000j92w,6.2,mww
us2000j94v,5.9,mww
us2000j94y,5.5,mww
us2000j967,5.6,mww
us2000j98z,6.2,mww
us2000j9fn,5.8,mww
us2000j9pz,5.5,mww
us2000j9um,5.5,mww
us2000jb9t,5.5,mww
us2000jbub,6.7,mww
us2000jcbz,6.0,mww
us2000jccs,5.9,mww
us2000jcdi,5.93,mw
us2000jcds,5.6,mww
us2000jcg3,5.5,mww
us2000jd8d,5.8,mww
us2000jda7,5.6,mww
us2000je43,5.5,mww
us2000jekx,5.7,mww
us2000jf6y,5.5,mww
us2000jfb2,5.9,mww
us2000jgma,6.0,mww
us2000jhyq,5.5,mww
us2000ji4e,6.2,mww
us2000jj68,6.4,mww
us2000jjm5,5.7,mww
us2000jkah,5.6,mww
us2000jkcy,5.5,mww
us2000jkzu,5.5,mww
us2000jlfv,7.5,mww
us2000jlh2,5.62,mw
us2000jmvf,5.5,mww
us2000k6u4,6.2,mww
us2000k7im,5.8,mww
us2000k7ks,6.2,mww
us2000k7vu,6.2,mww
us2000k7w8,5.5,mww
us2000k80u,5.5,mww
us2000k89w,5.6,mww
us2000k8e8,5.5,mww
us2000k8ri,6.0,mww
us2000k9d7,6.4,mww
us2000kans,5.9,mww
us2000kav9,6.4,mww
us2000kaxv,5.8,mww
us2000kbi1,6.3,mww
us2000kbs5,5.6,mww
us2000kbur,5.7,mww
us2000kc3p,5.5,mww
us2013lhd1,5.57,mw
us2013lwcv,5.6,mww
us2013nrbl,5.5,mwc
us2013pda1,5.5,mwc
us2013plai,6.1,mww
us2013pqaf,5.9,mww
us2013puau,5.5,mwc
us600032fg,6.5,mww
us60003qg7,5.6,mww
us60003r2r,6.0,mww
us60003r7u,5.7,mww
us60003s2g,5.7,mww
us60003sc0,8.0,mww
us60003snl,5.5,mww
us60003sv9,5.7,mww
us6000408i,5.7,mww
us600040ja,6.4,mww
us600040xy,5.7,mww
us60004177,6.1,mww
us6000417i,7.3,mww
us600041a4,5.61,mw
us600041b3,6.3,mww
us600041gb,5.6,mww
us600041lv,6.1,mww
us600041rk,5.8,mww
us600041ry,5.8,mww
us600041tf,5.5,mww
us60004294,5.5,mww
us600042fx,6.4,mww
us600042jc,5.9,mww
us600042kv,5.5,mww
us600042vn,6.4,mww
us6000434e,6.3,mww
us600043e4,5.7,mww
us600043jp,5.5,mww
us6000444m,6.2,mww
us600044qf,5.6,mww
us600044z4,6.1,mww
us600044zz,7.3,mww
us6000453g,5.77,mw
us6000456p,5.9,mww
us600045am,5.62,mw
us600045bc,5.5,mww
us600045dg,5.5,mww
us600045lr,5.9,mww
us600045mz,6.4,mww
us60004uec,5.5,mww
us60004w8x,6.0,mww
us60004wav,5.7,mww
us60004wfx,5.7,mww
us60004wg9,5.6,mww
us60004wjb,6.3,mww
us60004x4m,5.8,mww
us60004x6z,5.6,mww
us60004xtc,5.9,mww
us60004xz4,6.6,mww
us60004yps,6.8,mww
us60004ys7,5.6,mww
us60004z9n,6.0,mww
us60004zhq,6.9,mww
us600050if,6.3,mww
us600050j4,5.6,mww
us600050ny,5.8,mww
us600050rn,5.7,mww
us600051m3,5.9,mww
us600051r4,5.9,mww
us6000522g,5.8,mww
us60005247,5.8,mww
us6000529r,5.9,mww
us60005489,5.5,mww
us6000556z,5.9,mww
us600055cf,5.5,mww
us600056r6,5.9,mww
us600057ee,6.0,mww
us600057vb,5.5,mww
us600057xt,6.0,mww
us60005kta,6.1,mww
us60005ku0,5.9,mww
us60005kuc,5.72,mw
us60005lrf,5.6,mww
us60005lts,5.9,mww
us60005ly5,5.6,mww
us60005n52,6.0,mww
us6000624a,5.5,mww
us6000624h,5.6,mww
us600062n7,5.7,mww
us6000632m,5.8,mww
us6000645n,6.6,mww
us60006470,5.9,mww
us600064a5,5.5,mww
us600064al,5.8,mww
us600068w0,5.9,mww
us6000692t,5.8,mww
us6000693m,6.5,mww
us600069n1,5.5,mww
us600069nz,5.6,mww
us60006adr,5.5,mww
us60006adv,6.2,mww
us60006b29,5.5,mww
us60006b3s,5.5,mww
us60006bdi,5.5,mww
us60006bjl,7.1,mww
us60006bmg,6.0,mw
us60006bpw,6.0,mww
us60006bse,5.5,mww
us60006bu3,5.9,mww
us60006lsm,5.6,mww
us60006m2j,6.0,mww
us60006m7z,5.5,mww
us60006mdf,5.6,mww
us60006n19,6.0,mww
us60006n2z,5.8,mww
us60006pbw,5.6,mww
us60006ppb,5.7,mww
us60006ptp,5.8,mww
us60006rem,6.0,mww
us60006rp9,6.8,mww
us60006rpn,5.6,mww
us60006s6p,5.6,mww
us60006szl,5.9,mww
us60007a3h,6.0,mww
us60007anp,6.0,mww
us60007arp,6.1,mww
us60007b5x,6.1,mww
us60007cim,5.5,mww
us60007crw,5.5,mww
us60007d0c,5.5,mww
us60007d2r,5.6,mww
us60007djn,6.2,mww
us60007e4x,5.5,mww
us60007ei6,5.5,mww
us60007ewc,6.7,mww
us60007g6e,5.6,mww
us60007g8m,6.1,mww
us60007gca,5.8,mww
us60007gra,5.7,mww
us60007gyx,6.3,mww
us60007i7j,5.5,mww
us60007ibj,5.5,mww
us60007idc,7.7,mww
us60007iig,6.1,mww
us60007j2w,6.0,mww
us60007jmj,5.8,mww
us60007jpa,5.5,mww
us60007jzj,5.7,mww
us60007kv1,5.9,mww
us60007lbm,5.7,mww
us60007mj2,5.6,mww
us600084gu,6.0,mww
us600085g3,5.5,mww
us600085x5,5.7,mww
us600087lz,5.7,mww
us600089zt,5.5,mww
us60008ay3,6.0,mww
us60008bj6,5.5,mww
us60008d3z,5.6,mww
us60008d51,5.7,mww
us60008e9x,5.5,mww
us60008fl8,6.4,mww
us60008gzt,5.6,mww
us60008h76,6.0,mww
us60008hkg,6.1,mww
us60008hml,5.5,mww
us60008hpv,5.8,mww
us60008hzl,6.2,mww
us60009a5h,5.5,mww
us60009c06,6.1,mww
us60009zma,5.5,mww
us60009zv5,6.2,mww
us6000a0um,6.0,mww
us6000a0x5,5.8,mww
us6000a2de,5.5,mww
us6000a2n5,5.6,mww
us6000a2rt,5.6,mww
us6000a316,6.1,mww
us6000a3cn,5.8,mww
us6000a4yi,6.8,mww
us6000a532,6.0,mww
us6000a5r3,6.4,mww
us6000a74v,5.7,mww
us6000a7ic,5.8,mww
us6000a7ig,5.7,mww
us6000a7kv,5.9,mww
us6000a89s,5.7,mww
us6000a8lw,5.5,mww
us6000a8nh,5.7,mww
us6000a93j,5.9,mww
us6000a9ik,6.0,mww
us6000aadz,5.7,mww
us6000abcq,6.6,mww
us6000abgq,6.2,mww
us6000abnv,5.9,mww
us6000ac28,5.5,mww
us6000ack0,5.6,mww
us6000acva,5.5,mww
us6000adb0,5.6,mww
us6000ae4n,7.4,mww
us6000ae7q,5.8,mw
us6000aea8,5.75,mw
us6000aerr,5.6,mww
us6000afj6,5.7,mww
us6000ag18,6.0,mww
us6000ag4u,5.6,mww
us6000agjg,5.5,mww
us6000ah1z,6.0,mww
us6000ah9t,7.4,mww
us6000ahcr,6.02,mw
us6000b26j,6.3,mww
us6000b29h,5.5,mww
us6000b35c,5.5,mww
us6000b46r,6.4,mww
us6000b4ug,5.8,mww
us6000b4yh,5.5,mww
us6000b56k,6.1,mww
us6000b5zl,5.6,mww
us6000b6i4,5.8,mww
us6000b72l,5.7,mww
us6000b7ai,5.7,mww
us6000b7d1,5.6,mww
us6000b7wu,5.5,mww
us6000b80p,6.4,mww
us6000b849,5.7,mww
us6000b84f,6.1,mww
us6000b84u,5.6,mww
us6000b88w,5.7,mww
us6000b8b6,5.9,mww
us6000b8pf,5.5,mww
us6000b8vp,5.6,mww
us6000b930,5.6,mww
us6000b993,5.6,mww
us6000b9cc,5.8,mww
us6000b9mv,6.4,mww
us6000badi,6.3,mww
us6000bb4r,5.5,mww
us6000bbh7,5.5,mww
us6000bbmw,5.7,mww
us6000bbu3,5.7,mww
us6000bdg8,6.0,mww
us6000bdq1,5.5,mww
us6000bdq8,5.6,mww
us6000bduv,5.7,mww
us6000bf3f,5.8,mww
us6000bfpw,5.8,mww
us6000bgbr,6.6,mww
us6000bgdq,5.8,mww
us6000bgvl,6.8,mww
us6000bgvu,6.9,mww
us6000bi4p,6.9,mww
us6000biub,5.5,mww
us6000biyj,5.8,mww
us6000bizy,5.5,mww
us6000bzek,5.5,mww
us6000c0cs,5.8,mww
us6000c1np,6.1,mww
us6000c1tj,5.5,mww
us6000c3kz,6.4,mww
us6000c3td,6.1,mww
us6000c403,5.5,mww
us6000c4p5,5.7,mww
us6000c54x,5.8,mww
us6000c5i4,5.6,mww
us6000c5zm,5.9,mww
us6000c617,5.9,mww
us6000c6mu,6.3,mww
us6000c6rg,5.7,mww
us6000c6si,5.8,mww
us6000c7b1,5.9,mww
us6000c7ce,5.5,mww
us6000c7k9,5.6,mww
us6000c7ne,5.6,mww
us6000c8z4,5.5,mww
us6000c950,5.5,mww
us6000c9ci,5.6,mww
us6000c9cs,5.5,mww
us6000c9hg,7.6,mww
us6000c9km,5.5,mww
us6000c9lb,5.67,mw
us6000c9lf,5.9,mww
us6000c9u7,5.6,mww
us6000ca0k,5.6,mww
us6000cafc,5.9,mww
us6000caj9,5.7,mww
us6000cb8b,5.8,mww
us6000cbug,5.9,mww
us6000cbx8,6.1,mww
us6000ccyh,5.9,mww
us6000cd45,5.5,mww
us6000cqme,5.7,mww
us6000cr45,5.5,mww
us6000crcq,6.1,mww
us6000cre1,5.5,mww
us6000crfr,5.5,mww
us6000cs8g,5.5,mww
us6000d1pw,5.7,mww
us6000d223,5.7,mww
us6000d224,5.7,mww
us6000d29t,6.1,mww
us6000d2ra,6.3,mww
us6000d3dd,5.5,mww
us6000d3dr,5.7,mww
us6000d3i9,6.7,mww
us6000d3kl,5.7,mww
us6000d3xn,5.7,mww
us6000d3zh,6.4,mww
us6000d454,5.7,mww
us6000d58t,6.1,mww
us6000d5zz,6.2,mww
us6000d66r,5.8,mww
us6000d672,5.5,mww
us6000d69r,6.1,mww
us6000d6lg,6.3,mww
us6000d6my,6.1,mww
us6000d6xb,5.5,mww
us6000d74p,6.1,mww
us6000d764,6.1,mww
us6000d78y,5.6,mww
us6000d7c5,5.6,mww
us6000d7hn,5.5,mww
us6000d7ix,6.7,mww
us6000d7ml,5.9,mww
us6000d7tq,5.9,mww
us6000d882,5.7,mww
us6000dcx1,5.7,mww
us6000dcx7,5.5,mww
us6000dd2i,5.7,mww
us6000ddge,5.5,mww
us6000ddzk,5.8,mww
us6000de19,5.8,mww
us6000de1j,5.6,mww
us6000de34,6.7,mww
us6000defh,5.7,mww
us6000df9r,6.0,mww
us6000dfad,6.3,mww
us6000dfgj,5.7,mww
us6000dfj3,5.5,mww
us6000dfsv,5.6,mww
us6000dg56,5.6,mww
us6000dg6u,6.1,mww
us6000dg6v,5.6,mww
us6000dg70,6.3,mww
us6000dg72,6.1,mww
us6000dg77,7.7,mww
us6000dg8c,5.68,mw
us6000dgb4,6.1,mwb
us6000dgbp,5.74,mw
us6000dgc7,6.1,mww
us6000dgde,5.8,mww
us6000dge5,6.3,mww
us6000dgeb,5.76,mw
us6000dgg9,5.8,mww
us6000dggq,5.9,mww
us6000dgje,5.8,mww
us6000dgkr,6.0,mww
us6000dgku,5.7,mww
us6000dglp,5.8,mww
us6000dglt,5.7,mww
us6000dgxz,5.9,mww
us6000dh48,5.9,mww
us6000dher,7.1,mww
us6000dhfg,5.74,mw
us6000dhm9,5.7,mww
us6000dhxn,6.2,mww
us6000dhxs,5.5,mww
us6000dhxu,5.9,mww
us6000diae,5.5,mww
us6000didd,5.5,mww
us6000dii3,6.1,mww
us6000dila,6.2,mww
us6000dip3,6.1,mww
us6000diqr,5.8,mww
us6000divk,5.6,mww
us6000dj8g,5.31,mw
us6000djk6,5.5,mww
us6000dk70,5.8,mww
us6000dkmk,5.6,mww
us6000dw8i,5.5,mww
us6000dwkd,5.8,mww
us6000dwvx,5.7,mww
us6000dwvy,5.5,mww
us6000dww9,5.9,mww
us6000dx0m,5.5,mww
us6000dx32,5.7,mww
us6000dx92,5.9,mww
us6000dxge,5.5,mww
us6000dxr3,5.5,mww
us6000dy64,6.4,mww
us6000dy9x,6.0,mww
us6000dydn,5.6,mww
us6000dynd,6.6,mww
us6000dysl,5.9,mww
us6000dytb,5.6,mww
us6000dz3c,6.1,mww
us6000dzd6,5.7,mww
us6000dzkn,5.6,mww
us6000dzlv,6.1,mww
us6000dzt8,5.7,mww
us6000e0iy,6.0,mww
us6000e0j2,5.6,mww
us6000e0k5,6.1,mww
us6000e0lk,6.0,mww
us6000e1ec,5.7,mww
us6000e1g3,5.6,mww
us6000e2hf,5.6,mww
us6000e2hq,5.69,mw
us6000e2k3,5.8,mww
us6000e2mt,5.55,mw
us6000e2mv,5.8,mww
us6000e30x,6.1,mww
us6000e3j6,5.5,mww
us6000e47c,6.5,mww
us6000e4f6,5.6,mww
us6000e4rl,6.5,mww
us6000ef48,5.43,mw
us6000ef4i,5.49,mw
us6000efq6,5.5,mww
us6000eglq,5.5,mww
us6000egs4,5.9,mww
us6000ep7f,5.7,mww
us6000eq1h,5.6,mww
us6000et50,5.5,mww
us6000etfa,5.5,mww
us6000etn1,5.6,mww
us6000etxj,6.1,mww
us6000etxn,5.84,mw
us6000etys,5.7,mww
us6000exmx,6.0,mww
us6000exs5,6.7,mww
us6000exum,5.5,mww
us6000ey6s,5.5,mww
us6000ey7r,5.5,mww
us6000eyfk,6.7,mww
us6000eyfn,5.8,mww
us6000eyj7,5.5,mww
us6000eynb,6.1,mww
us6000eywm,5.7,mww
us6000eyyf,5.5,mww
us6000eyyj,5.6,mww
us6000ez2l,5.8,mww
us6000ez5x,6.3,mww
us6000f00e,5.8,mww
us6000f051,5.55,mw
us6000f0qr,6.2,mww
us6000f109,5.5,mww
us6000f155,5.6,mww
us6000f1cn,5.6,mww
us6000f1ea,6.0,mww
us6000f1nr,5.8,mww
us6000f1r4,6.1,mww
us6000f1r6,5.76,mw
us6000f1sc,5.5,mww
us6000f1td,5.5,mww
us6000f1z7,5.8,mww
us6000f23b,5.5,mww
us6000f27x,5.5,mww
us6000f29v,5.8,mww
us6000f2gj,5.5,mw
us6000f2za,5.9,mww
us6000f3ga,5.5,mww
us6000f45x,5.5,mww
us6000f48v,7.1,mww
us6000f4dx,5.5,mww
us6000f4k8,5.7,mww
us6000f4ly,7.5,mww
us6000f4mr,5.85,mw
us6000f4ms,5.63,mw
us6000f4n3,6.06,mw
us6000f4nz,5.74,mw
us6000f4p9,5.99,mw
us6000f4pg,5.86,mw
us6000f4ql,5.85,mw
us6000f4tu,5.61,mw
us6000f4ve,5.67,mw
us6000f4y0,5.73,mw
us6000f4yz,5.53,mw
us6000f53e,8.1,mww
us6000f56j,5.61,mw
us6000f59z,5.5,mww
us6000f5bf,5.41,mw
us6000f5h2,6.1,mww
us6000f5i9,5.7,mww
us6000f5na,5.9,mww
us6000f5st,5.5,mww
us6000f5u9,5.5,mww
us6000f63e,5.6,mww
us6000f63n,5.5,mww
us6000f652,6.9,mww
us6000f65h,7.2,mww
us6000f6bz,5.5,mww
us6000f6ez,5.8,mww
us6000f6ts,5.7,mww
us6000f6wt,6.9,mww
us6000f74g,5.5,mww
us6000f779,5.5,mww
us6000f7cr,5.5,mww
us6000f7es,5.6,mww
us6000f7ki,5.8,mww
us6000f7ks,6.1,mww
us6000f7nx,5.5,mww
us6000f7sk,5.8,mww
us6000f7vg,6.9,mww
us6000f843,6.0,mww
us6000f8yd,7.35,mw
us6000f8yj,6.14,mw
us6000f903,5.85,mw
us6000f9gd,6.6,mww
us6000f9q3,5.7,mww
us6000f9sq,7.1,mww
us6000fq2d,6.1,mww
us6000fqzn,5.8,mww
us6000fr0b,7.3,mww
us6000fr2z,5.9,mww
us6000fr5t,6.0,mww
us6000frf2,5.5,mww
us6000frfw,6.2,mww
us6000frhs,5.7,mww
us6000frzg,5.7,mww
us6000fsg9,5.9,mww
us6000fsl6,5.9,mww
us6000fsrg,5.5,mww
us6000fssl,5.8,mww
us6000ft6j,5.7,mww
us6000ft86,5.6,mww
us6000ft9g,6.9,mww
us6000ftd2,5.5,mww
us6000fteg,5.7,mww
us6000ftpp,5.7,mww
us6000ftu3,5.8,mww
us6000ftxu,6.4,mww
us6000fugu,5.6,mww
us6000fuke,5.5,mww
us6000furk,6.4,mww
us6000fvkf,6.2,mww
us6000fvtm,5.9,mww
us6000fvur,5.6,mww
us6000fwd5,6.1,mww
us6000fwdc,5.5,mww
us6000fwke,5.6,mww
us6000fx56,6.2,mww
us6000fxjf,5.9,mww
us6000g7tw,5.5,mww
us6000g7v8,6.3,mww
us6000g7w4,5.8,mww
us6000g7wd,5.5,mww
us6000g8md,6.1,mww
us6000g8nd,6.0,mww
us6000g8ne,5.5,mww
us6000g8te,6.1,mww
us6000g90r,5.7,mww
us6000g944,6.0,mww
us6000g9bb,5.6,mww
us6000g9d9,5.5,mww
us6000g9e3,5.6,mww
us6000g9zp,5.6,mww
us6000ga3a,5.8,mww
us6000ga8i,5.5,mww
us6000ga8s,5.5,mww
us6000ga9w,5.8,mww
us6000gaag,5.8,mww
us6000gadh,5.5,mww
us6000gae3,5.5,mww
us6000gaq5,6.0,mww
us6000gau7,5.7,mww
us6000gbfe,5.7,mww
us6000gbls,6.6,mww
us6000gbt6,5.7,mww
us6000gbu7,5.5,mww
us6000gc2a,7.3,mww
us6000gc3k,5.5,mwr
us6000gc4q,5.55,mw
us6000gcaj,5.78,mw
us6000gcnj,5.6,mww
us6000gcxa,6.0,mww
us6000gd7w,5.7,mww
us6000gdgn,6.0,mww
us6000gdma,6.2,mww
us6000gdng,5.5,mww
us6000gdqc,5.9,mww
us6000geea,5.9,mww
us6000gepm,6.0,mww
us6000gf1y,5.7,mww
us6000gf7u,5.6,mww
us6000gfd9,5.9,mww
us6000gfgd,6.1,mww
us6000gfhq,5.6,mww
us6000gfli,5.5,mww
us6000gg09,5.6,mww
us6000gg0y,5.7,mww
us6000gzpf,5.5,mww
us6000gzyg,6.1,mww
us6000h06r,5.8,mww
us6000h0lw,5.7,mww
us6000h0qe,5.6,mww
us6000h10h,5.8,mww
us6000h1d2,6.6,mww
us6000h1jt,5.5,mww
us6000h1qa,5.7,mww
us6000h27y,5.7,mww
us6000h2an,5.5,mww
us6000h2h0,5.5,mww
us6000h2il,5.5,mww
us6000h2l5,6.0,mww
us6000h2nu,6.1,mww
us6000h33h,5.5,mww
us6000h48d,6.4,mww
us6000h48e,6.7,mww
us6000h49u,5.6,mww
us6000h4z7,5.5,mww
us6000h518,6.0,mwb
us6000h519,7.3,mww
us6000h58x,5.9,mww
us6000h5cy,5.7,mww
us6000h5jz,5.5,mww
us6000h5uk,5.9,mww
us6000h62z,6.3,mww
us6000h67z,6.0,mww
us6000h6ba,5.6,mww
us6000h6ne,6.7,mww
us6000h6nr,6.7,mww
us6000h6s3,5.5,mwr
us6000h6sl,5.8,mww
us6000hf2z,5.8,mww
us6000hf49,6.0,mww
us6000hf6u,5.5,mww
us6000hf72,5.5,mww
us6000hf75,6.6,mww
us6000hfqj,5.7,mww
us6000hfyj,5.6,mww
us6000hkrd,5.5,mww
us6000hlak,5.5,mww
us6000hljt,5.8,mww
us6000hlnb,5.5,mww
us6000hlq7,5.5,mww
us6000hlry,5.5,mww
us6000hlxg,5.6,mww
us6000hlxv,5.7,mww
us6000hm6e,5.7,mww
us6000hm95,5.8,mww
us6000hm9j,6.9,mww
us6000hmkd,5.7,mww
us6000hmld,5.5,mww
us6000hmv1,5.8,mww
us6000hmz8,6.1,mww
us6000hn1e,6.3,mww
us6000hn4d,6.0,mww
us6000hn6m,5.5,mww
us6000hn9m,5.5,mww
us6000hywe,6.0,mww
us6000hz8x,6.0,mww
us6000hz9p,5.7,mwb
us6000hz9v,6.0,mwb
us6000hzas,5.9,mww
us6000i09s,5.5,mww
us6000i126,5.8,mww
us6000i12c,5.9,mww
us6000i1gc,5.7,mww
us6000i1ml,5.7,mww
us6000i1ms,6.0,mww
us6000i1nd,5.6,mww
us6000i1pn,5.8,mww
us6000i1q3,5.7,mww
us6000i1wg,6.8,mww
us6000i1xv,5.6,mww
us6000i1yw,5.5,mww
us6000i2fn,5.8,mww
us6000i2j3,5.7,mww
us6000i2v0,6.4,mww
us6000i3bs,5.6,mww
us6000i3hy,5.9,mww
us6000i5rd,7.0,mww
us6000i5va,5.6,mww
us6000i5y9,5.7,mww
us6000i5yp,5.5,mww
us6000i5zi,6.2,mww
us6000i636,6.1,mww
us6000i693,5.8,mww
us6000i6g9,5.5,mww
us6000i6pa,5.6,mww
us6000i6yz,5.6,mww
us6000i7d8,5.5,mww
us6000i7k8,5.6,mww
us6000i7xr,5.7,mww
us6000i89c,5.8,mww
us6000i8vz,5.9,mww
us6000i904,5.6,mww
us6000i9br,5.7,mww
us6000i9cd,5.6,mww
us6000iag5,5.8,mww
us6000iaik,5.7,mww
us6000iakp,5.9,mww
us6000iamw,5.7,mww
us6000ianq,5.8,mww
us6000iaqi,5.7,mww
us6000iasi,6.6,mww
us6000iav7,6.4,mww
us6000ib8t,5.5,mww
us6000ibi3,5.6,mww
us6000ibju,5.5,mww
us6000ibtm,5.5,mww
us6000ic29,5.5,mww
us6000icif,5.5,mww
us6000id0t,6.2,mww
us6000ii2v,5.5,mww
us6000iika,6.2,mww
us6000iikc,5.9,mww
us6000iikp,6.2,mww
us6000iisb,6.0,mww
us6000iitd,7.6,mww
us6000ip3f,5.5,mww
us6000ip57,6.5,mww
us6000ipdh,5.8,mww
us6000ipft,5.6,mww
us6000ipga,5.7,mww
us6000ipri,5.9,mww
us6000ipva,6.0,mww
us6000iq08,5.7,mww
us6000iq0y,5.5,mww
us6000iq5f,5.7,mww
us6000iq75,5.7,mww
us6000iq9e,5.7,mww
us6000iqx6,5.6,mww
us6000ir0b,5.8,mww
us6000irs7,5.5,mww
us6000is3u,5.7,mww
us6000isau,6.2,mww
us6000isjn,5.5,mww
us6000itgv,6.4,mww
us6000iu4b,6.3,mww
us6000iust,5.5,mww
us6000iuvx,5.8,mww
us6000iv6c,6.7,mww
us6000iw1e,5.7,mww
us6000iw74,6.3,mww
us6000iwds,6.4,mww
us6000j5mn,5.5,mww
us6000j5sn,5.7,mww
us6000j6a9,5.6,mww
us6000j6k5,5.6,mww
us6000j6u0,5.5,mww
us6000j6w5,5.5,mww
us6000j6w8,6.8,mww
us6000j6zd,5.8,mww
us6000j71p,5.6,mww
us6000j73r,5.5,mww
us6000j77j,5.5,mww
us6000j77l,5.9,mww
us6000j7at,5.5,mww
us6000j7r0,5.8,mww
us6000j7uj,5.5,mww
us6000j7vj,5.5,mww
us6000j7wg,5.6,mww
us6000j83l,5.8,mww
us6000j88f,5.6,mww
us6000j8cw,5.6,mww
us6000j8jd,5.6,mww
us6000j8lp,6.0,mww
us6000j8u8,5.5,mww
us6000j901,5.6,mww
us6000j957,5.6,mww
us6000j985,6.3,mww
us6000j9by,5.9,mww
us6000j9es,5.6,mww
us6000ja1a,5.6,mww
us6000jall,5.6,mww
us6000jb2a,5.5,mww
us6000jb9k,5.8,mww
us6000jbf0,5.5,mww
us6000jbqu,5.5,mww
us6000jbsk,5.5,mww
us6000jbvz,5.5,mww
us6000jirz,5.5,mww
us6000jitq,5.8,mww
us6000jiyj,6.4,mww
us6000jj5k,5.9,mww
us6000jjbj,5.7,mww
us6000jjcy,6.0,mww
us6000jk0t,5.9,mww
us6000jk82,5.7,mww
us6000jkpr,6.0,mww
us6000jlds,5.8,mww
us6000jlh9,5.8,mww
us6000jlhg,5.5,mww
us6000jllz,7.8,mww
us6000jlm1,6.7,mww
us6000jlqa,7.5,mww
us6000jm5e,5.5,mww
us6000jmhm,5.5,mww
us6000jmq0,5.5,mww
us6000jmvc,5.5,mww
us6000jn9h,5.9,mww
us6000jnb3,5.6,mww
us6000jnk5,6.1,mww
us6000jnqz,5.6,mww
us6000jp1g,5.7,mww
us6000jp76,6.1,mww
us6000jpb1,5.6,mww
us6000jpl7,6.1,mww
us6000jpzj,5.7,mww
us6000jqcn,6.3,mww
us6000jqrr,5.6,mww
us6000jqxc,6.9,mww
us6000jqzy,5.5,mww
us6000jr32,6.3,mww
us6000jrjl,6.0,mww
us6000jrlp,6.2,mww
us6000jrtm,5.5,mww
us6000jrvn,5.6,mww
us6000k05c,6.2,mww
us6000k09q,6.0,mww
us6000k0xf,6.3,mww
us6000k18y,5.6,mww
us6000k1gl,5.6,mww
us6000k1id,7.0,mww
us6000k1mn,6.5,mww
us6000k1qa,6.1,mww
us6000k1tw,5.5,mww
us6000k1u1,5.5,mww
us6000k1x2,6.2,mww
us6000k1zt,5.9,mww
us6000k20g,6.3,mww
us6000k2kk,5.8,mww
us6000k2zy,5.5,mww
us6000k314,5.7,mww
us6000k34x,5.7,mww
us6000k35r,5.8,mww
us6000k376,5.8,mww
us6000k3hc,5.6,mww
us6000k42y,6.0,mww
us6000k49j,7.0,mww
us6000k4pd,5.9,mww
us6000k4pf,5.5,mww
us6000k57x,5.6,mww
us6000k587,6.7,mww
us6000k5gu,6.3,mww
us6000k5z0,5.7,mww
us6000k60j,5.9,mww
us6000k67y,5.5,mww
us6000k6ai,6.2,mww
us6000k6c4,5.5,mww
us6000k6e7,5.5,mww
us6000k6eh,5.8,mww
us6000k6fs,5.7,mww
us6000k6mg,7.1,mww
us6000k9mb,6.2,mww
us6000k9qv,5.6,mww
us6000k9rh,5.6,mwb
us6000k9ue,5.9,mww
us6000kabr,5.9,mww
us6000kawn,7.6,mww
us6000kb3g,5.8,mww
us6000kbcl,5.5,mww
us6000kbtf,5.8,mww
us6000kbtz,5.6,mww
us6000kcnb,6.4,mww
us6000kd0n,7.7,mww
us6000kd6s,5.8,mww
us6000kdce,7.1,mww
us6000kdcu,6.5,mww
us6000kdk8,5.7,mww
us6000kdmq,6.8,mww
us6000kdnw,6.1,mww
us6000kdrq,5.5,mww
us6000knj0,5.8,mww
us6000knjz,5.5,mww
us6000kp2e,5.9,mww
us6000kpdw,5.9,mww
us6000kpjk,5.6,mww
us6000kpls,6.9,mww
us6000kpxx,5.7,mww
us6000kq0u,5.9,mww
us6000kqca,5.8,mww
us6000kqez,5.9,mww
us6000kr0e,5.6,mww
us6000kr16,5.5,mww
us6000kr5g,5.7,mww
us6000kvmq,6.4,mww
us6000kvtk,5.5,mww
us6000kw2w,5.5,mww
us6000kw3z,5.9,mww
us6000kwam,5.9,mww
us6000kwl6,5.7,mww
us6000kx37,5.7,mww
us6000kx3e,5.6,mww
us6000kx7w,5.8,mww
us6000kxfl,5.9,mww
us6000kxme,5.6,mww
us6000kxp7,5.5,mww
us6000kxs1,5.6,mww
us6000ky1y,6.2,mww
us6000ky4d,5.8,mww
us6000ky7n,5.5,mww
us6000kya4,5.7,mww
us6000kyb4,5.5,mww
us6000kyj5,5.6,mww
us6000kynh,5.5,mww
us6000kyph,6.1,mww
us6000kytu,5.7,mww
us6000kyty,5.8,mww
us6000kz5s,5.9,mww
us6000kzmy,5.7,mww
us6000kztr,6.0,mww
us6000kzv3,6.1,mww
us6000l005,5.5,mww
us6000lb60,5.5,mww
us6000lb6a,5.6,mww
us6000lbdi,6.1,mww
us6000lbgs,5.8,mww
us6000lbhd,5.7,mww
us6000lbk5,5.6,mww
us6000lbtu,5.8,mww
us6000lce4,5.7,mww
us6000lcgj,5.7,mww
us6000lch5,6.0,mww
us6000lciv,5.8,mww
us6000lcnc,5.5,mww
us6000lcp1,5.6,mww
us6000lcpc,5.7,mww
us6000lcpx,5.6,mww
us6000lcq8,5.5,mww
us6000lcri,6.4,mww
us6000lcz1,6.1,mww
us6000lczf,5.7,mww
us6000ld0f,5.7,mww
us6000ldbb,6.1,mww
us6000lddt,5.5,mww
us6000ldny,5.9,mww
us6000ldpg,6.3,mww
us6000ldpm,6.3,mww
us6000ldpv,5.9,mww
us6000ldqd,6.7,mww
us6000ldqf,6.9,mww
us6000lduj,5.6,mww
us6000ldv4,5.7,mww
us6000le27,5.9,mww
us6000leee,5.6,mww
us6000leg0,5.5,mww
us6000legn,6.0,mww
us6000len8,6.3,mww
us6000lepj,5.7,mww
us6000lews,6.3,mww
us6000leyu,5.6,mww
us6000lf9x,5.9,mww
us6000lfhl,5.7,mww
us6000lfid,5.5,mww
us6000lfn5,6.3,mww
us6000lfvj,5.7,mww
us6000lfvn,6.4,mww
us6000lg2t,5.5,mww
us6000lg4y,5.6,mww
us6000lgca,5.5,mww
us6000lgpg,5.9,mww
us6000lgrt,5.7,mww
us6000lhch,5.5,mww
us6000lhgd,6.0,mww
us6000lnq0,5.8,mww
us6000lp06,5.7,mww
us6000lp12,6.7,mww
us6000lp9k,5.5,mww
us6000lpe6,5.9,mww
us6000lphm,5.8,mww
us6000lpii,5.5,mww
us6000lpra,5.5,mww
us6000lprf,5.5,mww
us6000lpyx,6.0,mww
us6000lq00,6.7,mww
us6000lqf9,6.9,mww
us6000lqk3,5.5,mww
us6000lqpw,5.6,mww
us6000lqqc,5.6,mww
us6000lqyw,5.6,mww
us6000lqz9,5.5,mww
us6000m02b,5.8,mww
us6000m05c,6.5,mww
us6000m05d,5.8,mww
us6000m0b4,5.7,mww
us6000m0ic,5.8,mww
us6000m0j8,5.7,mww
us6000m0n6,6.3,mww
us6000m0xl,7.5,mww
us6000m0xt,5.6,mww
us6000m1cg,5.5,mww
us6000m1ld,5.7,mww
us6000m26y,5.6,mww
us6000m27f,5.5,mwb
us6000m2cv,5.6,mww
us6000m2d7,5.5,mww
us6000m2jp,6.7,mww
us6000m2nr,5.6,mww
us6000m2ny,5.9,mww
us6000m31m,6.4,mww
us6000m45x,5.6,mww
us6000m4c9,5.8,mww
us6000m4ej,5.6,mww
us6000m4js,6.4,mww
us6000m4lx,5.5,mww
us6000m4n2,5.6,mww
us6000m50e,6.1,mww
us6000m52p,6.6,mww
us6000m53t,6.2,mww
us6000mflq,5.5,mww
us6000mg58,5.9,mww
us6000mg8a,5.8,mww
us6000mghc,6.8,mww
us6000mgyj,6.1,mww
us6000milg,6.0,mww
us6000minw,5.7,mww
us6000mipe,5.5,mww
us6000miuf,5.6,mww
us6000miy6,6.2,mww
us6000mj1l,5.6,mww
us6000mj77,5.9,mww
us6000mjct,5.6,mww
us6000mjpj,5.5,mww
us6000mjpw,5.5,mww
us6000mjx0,5.6,mww
us6000mk0i,5.5,mww
us6000mkej,5.6,mww
us6000mkfz,6.4,mww
us6000mksx,6.9,mww
us6000mkvx,5.7,mww
us6000ml19,5.5,mww
us6000mt0r,6.1,mww
us6000mt0s,6.1,mww
us6000mt1n,5.5,mww
us6000mt3f,5.8,mww
us6000mu3y,5.7,mww
us6000mu57,5.8,mww
us6000mu8k,6.5,mww
us6000muc0,6.1,mww
us6000mv76,5.5,mww
us6000mvk5,5.8,mww
us6000mvmi,5.5,mww
us6000mvya,5.7,mww
us6000mwf5,5.5,mww
us6000mwfi,5.7,mww
us6000mwjd,6.1,mww
us6000mwkd,5.5,mww
us6000mwnf,5.6,mww
us6000mwyt,5.6,mww
us6000mx5c,6.1,mww
us6000mxpi,5.8,mww
us6000mxpy,5.6,mww
us6000my20,6.4,mww
us6000my4x,5.8,mww
us6000myih,5.6,mww
us6000myk7,5.6,mww
us6000mzau,5.8,mww
us6000mze2,5.5,mww
us6000mzgb,5.7,mww
us6000mzjx,5.9,mww
us6000mzkf,5.5,mww
us6000mzme,6.0,mww
us6000mzyf,5.7,mww
us6000n0e7,5.5,mww
us6000n0ee,5.6,mww
us6000n102,6.3,mww
us6000n158,6.6,mww
us6000n1gi,5.7,mww
us6000n877,5.6,mww
us6000n8nu,5.9,mww
us6000n8tq,7.2,mww
us6000n8vk,5.7,mww
us6000n948,6.1,mww
us6000n96v,5.6,mww
us6000nejp,5.7,mww
us6000nekb,5.6,mww
us6000nfjw,5.7,mww
us6000nfpd,5.6,mww
us6000nfw2,5.5,mww
us6000ngn7,5.7,mww
us6000ngng,6.0,mww
us6000nh4g,5.7,mww
us6000nhbe,5.6,mww
us6000nhqc,6.8,mww
us6000nht0,6.3,mww
us6000ni0g,5.5,mww
us6000nifm,5.6,mww
us6000nith,7.1,mww
us6000nj27,5.6,mww
us6000nj2k,5.9,mww
us6000nj9s,6.5,mww
us6000nmzd,5.8,mww
us6000nncs,6.1,mww
us6000nnlx,6.0,mww
us6000nnn3,5.6,mww
us6000np3z,6.4,mww
us6000nps8,6.2,mww
us6000npu5,5.7,mww
us6000npwm,5.5,mww
us6000nq0y,5.7,mww
us6000nqd8,5.8,mww
us6000nsve,5.7,mww
us6000nt0l,5.5,mww
us6000ntf1,5.6,mww
us6000ntjh,6.0,mww
us6000ntxc,6.0,mww
us6000ntz9,5.6,mww
us6000nwyj,5.6,mww
us6000nx6d,5.8,mww
us6000nx6t,5.7,mww
us6000nyau,6.2,mww
us6000nyhx,5.5,mww
us6000nyzk,6.0,mww
us6000nz5n,5.9,mww
us6000nz5z,5.9,mww
us6000nz9e,5.6,mww
us6000nzvu,5.5,mww
us6000nzxj,5.7,mww
us6000nzyn,5.8,mww
us6000p000,5.6,mww
us6000p6id,5.5,mww
us6000p6iv,5.7,mww
us6000p7aq,5.9,mww
us6000pfi3,5.9,mww
us6000pfjm,5.6,mww
us6000pfs7,5.8,mww
us6000pfuq,5.9,mww
us6000pfw7,6.8,mww
us6000pg43,5.6,mww
us6000pg6r,5.5,mww
us6000pge2,5.5,mww
us6000pgf5,5.5,mww
us6000pgsd,5.5,mww
us6000pgv4,6.1,mww
us6000pgzq,5.5,mww
us6000phap,6.1,mww
us6000phce,5.5,mww
us6000phnz,5.5,mww
us6000phrk,5.7,mww
us6000pi09,6.2,mww
us6000pi9w,7.1,mww
us6000pida,5.6,mww
us6000pijd,5.5,mww
us6000pixh,5.8,mww
us6000pj4s,5.6,mww
us6000pjig,6.2,mww
us6000pjny,6.8,mww
us6000pjym,5.6,mww
us6000pk9u,5.7,mww
us6000pl6q,5.5,mww
us6000pl8h,6.0,mww
us6000pldf,5.5,mww
us6000pldh,5.5,mww
us6000plel,5.5,mww
us6000plql,5.7,mww
us6000plst,5.6,mww
us6000pm5y,5.7,mww
us6000pmgt,5.6,mww
us6000pmpq,5.6,mww
us6000pmqw,5.8,mww
us6000pvgx,6.1,mww
us6000pvj5,5.8,mww
us6000pvm4,5.8,mww
us6000pw69,5.6,mww
us6000px0a,5.5,mww
us6000px89,6.0,mww
us6000pxnp,5.7,mww
us6000pxpv,5.7,mww
us6000pxvx,6.5,mww
us6000py4l,5.6,mww
us6000py97,6.0,mww
us6000pybu,5.5,mww
us6000pyxv,5.9,mww
us6000pyyq,5.6,mww
us6000pzam,5.5,mww
us6000pzdn,5.8,mww
us6000pznk,5.6,mww
us6000pzwb,5.6,mww
us6000pzxi,5.7,mww
us6000q3iu,5.8,mww
us6000q3l2,5.5,mww
us6000q3nw,6.9,mww
us6000q3w4,5.6,mww
us6000q41n,6.9,mww
us6000q47k,5.5,mww
us6000q48d,5.5,mww
us6000q4lv,5.8,mww
us6000q5ka,6.1,mww
us6000q5q8,5.8,mww
us6000q5re,5.9,mww
us6000q5tp,6.5,mww
us6000q6br,5.6,mww
us6000q6c3,5.6,mww
us6000q6cs,6.6,mww
us6000q6fi,5.6,mww
us6000q6n2,5.5,mww
us6000q6xh,5.6,mww
us6000q76g,5.7,mww
us6000q787,5.6,mww
us6000q78l,5.9,mww
us6000q78n,5.5,mww
us6000qga6,5.8,mww
us6000qgb5,5.8,mww
us6000qgd9,5.9,mww
us6000qgeq,5.8,mww
us6000qgts,6.2,mww
us6000qh1r,6.0,mww
us6000qh35,6.1,mww
us6000qh59,6.0,mww
us6000qh5j,6.2,mww
us6000qhaf,5.8,mww
us6000qhiq,5.8,mww
us6000qi0w,5.6,mww
us6000qigd,6.4,mww
us6000qiig,5.9,mww
us6000qinr,5.5,mww
us6000qisj,6.2,mww
us6000qixr,6.3,mww
us6000qj0h,5.9,mww
us6000qj0l,5.5,mww
us6000qja6,5.6,mww
us6000qjj5,5.9,mww
us6000qjr3,5.7,mww
us6000qjrq,5.5,mww
us6000qk4v,6.0,mww
us6000qk7h,5.7,mww
us6000qk90,5.6,mww
us6000qkg7,5.6,mww
us6000qkzh,5.8,mww
us6000ql4i,5.9,mww
us6000ql8u,5.5,mww
us6000qlnz,6.0,mww
us6000qtxh,5.8,mww
us6000qu2r,6.0,mww
us6000qu2u,5.5,mww
us6000quaf,5.6,mww
us6000qugg,6.3,mww
us6000qulb,5.5,mww
us6000qulk,5.6,mww
us6000qun0,5.7,mww
us6000quxn,6.0,mww
us6000quy1,6.6,mww
us6000quyn,5.5,mww
us6000qv1b,6.2,mww
us6000qv3y,5.7,mww
us6000qv7n,5.8,mww
us6000qv9l,5.6,mww
us6000qvbw,6.2,mww
us6000qvgw,5.6,mww
us6000qvpp,6.4,mww
us6000qvsf,7.0,mww
us6000qw18,5.8,mww
us6000qw1a,6.6,mww
us6000qw58,5.6,mww
us6000qw59,5.7,mww
us6000qw60,8.8,mww
us6000qw6q,6.9,mww
us6000qwfe,6.1,mwb
us6000qwiq,5.9,mwb
us6000qwk1,6.0,mwb
us6000qwqm,5.6,mww
us6000qwr5,5.7,mwb
us6000qwrs,5.8,mwb
us6000qwuh,6.2,mww
us6000qx2r,5.7,mww
us6000qx8k,5.7,mww
us6000qx98,5.7,mww
us6000qx9r,5.9,mww
us6000qxae,5.6,mww
us6000qxfn,6.1,mww
us6000qxn6,6.0,mww
us6000qxpd,5.8,mww
us6000qxsd,5.8,mww
us6000qxsv,6.3,mww
us6000qxt4,6.8,mww
us6000qxvr,5.6,mww
us6000qxxc,5.6,mww
us6000qxzw,6.2,mww
us6000qy6g,5.6,mww
us6000qykf,5.8,mww
us6000qyki,5.5,mww
us6000qyt7,5.5,mww
us6000qywk,5.9,mww
us6000qzh9,6.0,mww
us6000qzin,5.9,mww
us6000qzki,5.9,mww
us6000qznb,6.1,mww
us6000qzqn,5.8,mww
us6000r01m,6.3,mww
us6000r03i,5.6,mww
us6000r0l4,5.6,mww
us6000r0sa,6.3,mww
us6000r0yd,5.7,mww
us6000r1l5,5.6,mww
us6000r1mt,5.5,mww
us6000r1n3,5.8,mww
us6000r1qp,5.5,mww
us6000r1ud,5.6,mww
us6000r1yq,5.6,mww
us6000r2s3,5.8,mww
us6000r2uz,5.6,mww
us6000r2xq,7.5,mww
us6000r385,5.5,mww
us6000r3at,6.0,mww
us6000r3bg,5.8,mww
us6000r3l7,6.1,mww
us6000rc2r,5.5,mww
us6000rc4t,5.6,mww
us6000rcdc,5.6,mww
us6000rcnw,6.2,mww
us6000rcqw,6.3,mww
us6000rcsb,5.7,mww
us6000rd1w,5.9,mww
us6000rdan,5.5,mww
us6000rdex,5.5,mww
us6000rdnq,5.5,mww
us6000rdrz,6.9,mww
us6000rdta,6.0,mww
us6000rdz7,5.6,mww
us6000recz,5.7,mww
us6000rei1,6.1,mww
us6000rerp,5.5,mww
us6000resn,5.9,mww
us6000rf2j,5.6,mww
us6000rfb2,6.6,mww
us6000rfhk,5.7,mww
us6000rfjc,5.6,mww
us6000rfs1,5.5,mww
us6000rft9,6.1,mww
us6000rfwz,7.4,mww
us6000rfye,6.3,mww
us6000rg2r,6.7,mww
us6000rgf4,7.6,mww
us6000rgj4,5.5,mww
us6000rgjt,5.8,mww
us6000rgkr,6.0,mww
us6000rglb,5.6,mww
us6000rgrd,5.8,mww
us6000rgul,5.9,mww
us6000rgz6,5.5,mww
us6000rh9m,5.6,mww
us6000rhf2,6.3,mww
us6000rhg5,6.4,mww
us6000rhns,6.0,mww
us6000rhs3,5.5,mww
us6000ri9x,5.8,mww
us6000rik7,5.5,mww
us6000ril5,5.9,mww
us6000risn,5.6,mww
us6000riuj,5.6,mww
us6000rj9f,5.7,mww
us6000rjhm,6.0,mww
us6000rjkv,6.2,mww
us6000rjq8,6.5,mww
us6000rjqj,5.7,mww
us6000rjsu,6.0,mww
us6000rjvf,5.6,mww
us6000rjx3,6.4,mww
us6000rk4f,5.5,mww
us6000rkc0,5.5,mww
us6000rktg,5.9,mww
us6000rl2n,5.5,mww
us6000rl31,6.2,mww
us6000rl55,5.9,mww
us6000rl5i,6.1,mww
us6000rl7b,5.5,mww
us6000rlbe,5.9,mww
us6000rlbm,5.5,mww
us6000rlcd,6.0,mww
us6000rlik,6.0,mww
us6000rlim,5.9,mww
us6000rlji,5.7,mww
us6000rls2,5.6,mww
us6000rm2p,5.6,mww
us6000rm7z,5.6,mww
us6000rmaw,5.6,mww
us6000rmea,6.8,mww
us6000rmed,5.9,mww
us6000rmeh,5.6,mww
us6000rmep,6.4,mww
us6000rmex,5.7,mww
us6000rmge,5.6,mww
us6000rmk2,6.0,mww
us6000rmwv,5.7,mww
us6000rn4x,5.7,mww
us6000rnd3,5.7,mww
us6000rp1a,5.5,mww
us6000rpai,5.8,mww
us6000rpja,5.5,mww
us6000rpjb,5.6,mww
us6000rpql,5.6,mww
us6000rpxa,5.5,mww
us6000rq2x,5.5,mww
us6000rs3k,5.6,mww
us6000rsti,5.5,mww
us6000rsy1,7.0,mww
us6000rt68,5.6,mww
us6000rt9w,5.8,mww
us6000rtdt,7.6,mww
us6000rtgd,6.0,mww
us6000rtie,6.6,mww
us6000rtuk,5.5,mww
us6000rtw5,5.7,mww
us6000ruc4,6.7,mww
us6000rumi,5.5,mww
us6000rv1u,5.7,mww
us6000rv4q,5.6,mww
us6000rvhe,5.6,mww
us6000rvkl,5.6,mww
us6000rvmn,5.5,mww
us6000rvnm,5.9,mww
us6000rvx4,5.7,mww
us6000rw5u,5.6,mww
us6000rwbl,5.5,mww
us6000rwcs,5.6,mww
us6000rwgh,6.5,mww
us6000s4jy,5.6,mww
us6000s4mj,5.7,mww
us6000s4xz,5.9,mww
us6000s55s,6.0,mww
us6000s5s7,5.8,mww
us6000s65b,5.8,mww
us6000s6cx,6.1,mww
us6000s6gs,5.5,mww
us6000s6ne,5.8,mww
us6000s711,5.7,mww
us6000s799,5.5,mww
us6000s7ab,5.7,mww
us6000s7cl,5.7,mww
us6000s7p7,6.2,mww
us6000s7pk,5.6,mww
us6000s7s6,5.6,mww
us6000s8gw,6.1,mww
us6000s8l6,5.5,mww
us6000s8rt,5.6,mww
us6000s94q,6.4,mww
us6000s9ei,5.9,mww
us6000s9i0,5.7,mww
us6000s9ii,5.5,mww
us6000s9k6,5.8,mww
us6000s9l2,6.0,mww
us6000sa2c,5.5,mww
us6000sadt,5.8,mww
us6000saks,5.7,mww
us6000sams,5.9,mww
us6000samt,5.6,mww
us6000sare,5.8,mww
us6000sarf,6.0,mww
us6000sasz,7.1,mww
us6000sayv,6.0,mww
us6000sb0h,5.5,mww
us6000sg0y,6.2,mww
us6000sgrt,5.8,mww
us6000shc9,5.6,mww
us6000shlp,6.5,mww
us6000shnl,6.1,mww
us6000si17,5.7,mww
us6000si4j,5.6,mww
us6000si5l,6.6,mww
us6000sic3,5.7,mww
us6000sidb,6.2,mww
us6000sii0,6.2,mww
us6000sii1,6.3,mww
us6000siia,5.6,mww
us6000siln,5.9,mww
us6000sisb,5.7,mww
us6000slss,7.4,mww
us6000slwy,6.3,mww
us6000sm1v,5.9,mww
us6000sm21,5.8,mww
us6000sm8g,5.6,mww
us6000sm9y,5.5,mww
us6000smda,5.8,mww
us6000smgy,5.6,mww
us6000smj4,6.0,mww
us6000smm5,5.5,mww
us6000smui,5.5,mww
us6000sn11,5.9,mww
us6000spye,5.7,mwb
us6000sq5z,5.7,mww
us6000sqjb,6.0,mww
us6000sr2n,5.5,mww
us6000sr3l,5.9,mww
us6000sr4k,5.8,mww
us6000sr5z,5.7,mww
us6000sred,6.1,mww
us6000sri7,7.4,mww
us6000srtd,5.7,mww
us6000srvu,5.5,mww
us6000sshc,5.7,mww
us6000sssg,5.5,mww
us6000ssxt,5.5,mww
us6000st1m,5.9,mww
us6000svnr,5.8,mww
us6000svp9,5.5,mww
us6000sw5q,5.8,mww
us6000sw6y,5.6,mww
us6000swf4,5.8,mww
us6000swk0,5.5,mww
us6000sx5k,5.6,mww
us6000sx9x,5.7,mww
us6000sxqf,6.2,mww
us6000sxwq,6.7,mww
us6000sy84,6.0,mww
us6000sy8k,5.7,mww
us6000sy90,5.5,mww
us6000synm,5.7,mww
us6000syt5,5.8,mww
us6000syw4,5.9,mww
us6000sz1d,6.6,mww
us6000sz1t,5.5,mww
us6000sz3x,5.7,mww
us6000szdy,5.9,mww
us6000szgb,5.7,mww
us6000szgm,5.6,mww
us6000szmu,5.6,mww
us6000szxz,5.5,mww
us6000t04f,5.5,mww
us6000t04s,6.9,mww
us6000t7zc,7.2,mww
us6000t7zp,7.5,mww
us6000t7zq,6.9,mww
us6000t81q,5.5,mww
us6000t8cy,5.8,mww
us6000t8ec,6.5,mww
us6000t8nf,5.9,mww
us6000t8pa,6.1,mww
us6000t8qd,5.8,mww
us6000t8yt,5.5,mww
us6000t99j,6.0,mww
us6000t9e1,5.6,mww
us6000t9ej,6.0,mww
us6000t9gg,5.5,mww
us6000t9hu,5.6,mww
us6000t9r5,6.2,mww
us6000t9sj,6.1,mww
us6000t9tf,5.9,mww
us6000ta9m,5.7,mwb
us6000tadc,5.9,mww
us6000takd,5.7,mww
us6000tawe,5.8,mww
us6000tga6,5.7,mww
us6000tga9,5.8,mww
us6000tgae,5.8,mww
us6000tgau,5.9,mww
us6000tgb9,6.8,mww
us6000tgbm,5.6,mww
us6000tgud,5.5,mww
us6000tguf,5.9,mww
us6000tgvz,5.8,mww
us6000th1h,5.9,mww
us6000th4k,5.6,mww
us6000thdk,5.5,mww
us6000thej,5.6,mww
us6000thl3,5.6,mww
us6000ti49,5.7,mww
us6000ti6x,6.3,mww
us6000ti8i,6.3,mww
us6000tif5,5.6,mww
us6000tj8t,5.5,mww
us6000tjaj,5.5,mww
us6000tjl2,7.4,mww
us6000tk74,6.0,mww
us6000tkcb,5.5,mww
us6000tkhm,5.6,mww
us6000tkt2,7.8,mww
us6000tkyk,6.9,mww
us6000tl1s,5.7,mww
us6000tl36,5.6,mww
us6000tl4w,6.1,mww
us6000tl6a,5.5,mww
us6000tlkl,5.7,mww
us6000tlkt,5.6,mww
us6000tlrj,5.5,mwb
us6000tlxq,5.5,mww
us6000tm0u,5.8,mww
us6000tm1j,5.7,mww
us6000tm81,6.7,mww
us6000tmlu,5.7,mww
us6000tmrw,6.2,mww
us6000tmta,5.8,mww
us6000tmz6,6.0,mww
us6000tn33,5.5,mww
us6000tn41,6.0,mww
us6000tnbm,5.5,mww
us6000tnci,5.5,mww
us700034d3,6.0,mww
us700034nf,5.6,mww
us700034xq,6.8,mww
us700034ya,6.0,mww
us700034zz,6.0,mww
us700036we,5.7,mww
us700036yi,5.7,mww
us700036yw,5.7,mww
us700038b8,5.6,mww
us700038c1,6.1,mww
us700038kq,5.69,mw
us700038m1,6.3,mww
us70003a63,6.1,mww
us70003a91,6.0,mww
us70003afb,5.5,mww
us70003aj3,6.4,mww
us70003an0,6.0,mww
us70003axc,5.9,mww
us70003cb3,5.5,mww
us70003dpt,5.5,mww
us70003e0j,6.3,mww
us70003g5a,6.2,mww
us70003ghv,5.5,mww
us70003gig,5.7,mww
us70003gse,5.7,mww
us70003h71,5.5,mww
us70003hqb,7.1,mww
us70003ib5,5.7,mww
us70003j3g,5.6,mww
us70003j46,6.2,mww
us70003j5p,5.7,mww
us70003j7l,5.8,mww
us70003jtm,5.5,mww
us70003k3p,6.0,mww
us70003kyy,7.6,mww
us70003lam,5.5,mww
us70003ld5,5.7,mww
us70003ly5,5.7,mww
us70003m2q,5.9,mww
us70003mbq,5.9,mww
us70003mus,5.9,mww
us70003mw2,5.6,mww
us70003n4z,6.3,mww
us70003n8z,6.0,mww
us70003n96,6.3,mww
us70003nha,5.5,mww
us70003t2n,6.6,mww
us70003t7v,6.0,mww
us70003tl7,6.1,mww
us70003tn5,5.8,mww
us70003ud5,6.0,mww
us70003um7,5.8,mww
us70003v3j,6.4,mww
us70003v7s,5.5,mww
us70003w0p,5.5,mww
us70003x7u,5.5,mww
us70003xr9,5.5,mww
us7000451w,6.3,mww
us7000453l,5.6,mww
us7000455l,6.2,mww
us700045r4,5.7,mww
us700045vh,6.3,mww
us700046la,6.4,mww
us700046ut,5.5,mww
us700047g7,5.5,mww
us7000483i,5.9,mww
us70004840,6.0,mww
us700048j0,5.7,mww
us700048k3,5.8,mww
us700048vu,5.6,mww
us7000492b,5.8,mww
us700049fa,5.5,mww
us700049sf,6.2,mww
us70004b08,5.6,mww
us70004cat,5.7,mww
us70004cgb,5.6,mww
us70004dz3,6.9,mww
us70004eiy,5.6,mww
us70004ejm,5.6,mww
us70004f0h,5.9,mww
us70004fqv,5.5,mww
us70004fsk,5.6,mww
us70004g4b,5.5,mww
us70004h4f,5.5,mww
us70004icj,6.0,mww
us70004j9u,5.8,mww
us70004jea,6.1,mww
us70004ji2,5.7,mww
us70004jxe,6.6,mww
us70004jyv,7.2,mww
us70004jzf,5.8,mww
us70004k03,5.8,mww
us70004kfs,6.3,mww
us70004l29,5.7,mww
us70004lw5,5.7,mww
us70004lzw,5.6,mww
us70004m2i,5.6,mww
us70004nrn,5.5,mww
us70004psn,5.6,mww
us70004q4q,5.5,mww
us70004q4u,5.5,mww
us70004r4f,6.0,mww
us70005719,5.5,mww
us7000577p,5.9,mww
us700057bs,5.6,mww
us700057i8,5.5,mww
us700057v4,6.0,mww
us700057wp,5.5,mww
us700058yy,6.6,mww
us7000592z,5.6,mww
us70005934,5.5,mw
us700059ee,5.9,mww
us700059qh,6.3,mww
us70005aqu,5.7,mww
us70005arj,5.5,mww
us70005axg,6.6,mww
us70005b9q,5.9,mww
us70005bwn,5.7,mww
us70005c8l,5.6,mww
us70005c9r,5.5,mww
us70005cba,5.9,mww
us70005cu5,5.9,mww
us70005dlz,5.5,mww
us70005dza,5.7,mww
us70005eee,5.7,mww
us70005ej7,5.6,mww
us70005exl,5.6,mww
us70005g6k,5.7,mwc
us70005ge3,5.8,mww
us70005hsp,5.6,mww
us70005lfd,6.5,mww
us70005lg7,5.5,mww
us70005lkl,5.7,mww
us70005lt4,6.1,mww
us70005lx1,5.5,mww
us70005mea,6.1,mww
us70005mls,5.9,mww
us70005nbb,6.2,mww
us70005nie,6.7,mww
us70005nud,5.6,mww
us70005p73,6.0,mww
us70005q83,5.6,mww
us70005r9l,5.7,mww
us70005sih,5.5,mww
us70005sqk,5.6,mww
us70005svg,5.6,mww
us70005ttv,5.5,mww
us70005u6q,5.5,mww
us70005u76,5.9,mww
us70005ulm,6.4,mww
us70005v4h,5.5,mww
us70005w2i,5.7,mww
us70005wj6,6.4,mww
us70005wp5,5.5,mww
us70005x1t,5.9,mww
us70005xa1,5.5,mww
us70005xr7,6.3,mww
us700061e9,6.5,mww
us700061vl,5.6,mww
us700062cg,6.1,mww
us700062je,5.6,mww
us70006345,6.1,mww
us7000635e,6.6,mww
us7000635n,5.5,mw
us700063mh,6.3,mww
us700063rx,6.0,mww
us700063sp,6.0,mww
us70006424,5.67,mw
us7000645k,5.6,mww
us700068sr,5.9,mww
us7000694m,5.8,mww
us700069f4,5.9,mww
us70006a4q,5.7,mww
us70006a6q,6.3,mww
us70006a9e,6.3,mww
us70006anm,5.7,mww
us70006ara,6.2,mww
us70006c6w,6.2,mww
us70006c81,5.8,mww
us70006cb6,6.3,mww
us70006d0m,6.4,mww
us70006d2z,5.5,mww
us70006dlt,6.0,mww
us70006dnx,5.5,mww
us70006e09,5.5,mww
us70006eqm,5.7,mww
us70006eu5,5.5,mww
us70006f6d,6.0,mww
us70006fh7,6.0,mww
us70006nak,5.6,mww
us70006nf0,5.6,mww
us70006ng5,5.9,mww
us70006nih,5.5,mww
us70006p18,6.1,mww
us70006q2n,5.8,mww
us70006q68,5.8,mww
us70006q8f,5.7,mww
us70006q8n,6.0,mww
us70006q96,6.0,mww
us70006qk4,6.0,mww
us70006qnn,6.0,mww
us70006qp1,5.7,mww
us70006qt7,6.3,mww
us70006r1g,6.1,mww
us70006rx5,5.7,mww
us70006sj8,5.6,mww
us70006tev,5.5,mww
us70006thw,5.6,mww
us70006ttf,5.7,mww
us70006u7m,5.5,mww
us70006uwq,5.9,mww
us70006v42,5.6,mww
us70006vkq,6.3,mww
us70006vm9,5.6,mww
us70006vvr,6.0,mww
us70006wd1,5.5,mww
us70006wuf,6.4,mww
us70006xjw,5.6,mww
us70006yla,5.6,mww
us7000702n,5.7,mww
us700070uj,5.6,mww
us700071ij,5.8,mww
us70007j07,5.8,mww
us70007j6z,6.2,mww
us70007jwn,6.0,mww
us70007l2h,5.5,mww
us70007lf3,5.6,mww
us70007lik,6.0,mww
us70007lwy,6.1,mww
us70007m02,5.5,mww
us70007pa9,7.0,mww
us70007q3m,5.6,mww
us70007qt0,5.7,mww
us70007r1x,5.6,mww
us70007s90,5.5,mww
us70007trb,5.8,mww
us70007uvu,5.6,mww
us70007uy4,5.5,mww
us70007v29,5.8,mww
us70007v9g,6.0,mww
us70008c70,5.5,mww
us70008cld,5.7,mww
us70008cmt,5.5,mww
us70008db1,5.7,mww
us70008e74,5.6,mww
us70008e91,6.1,mww
us70008eri,5.5,mww
us70008fi4,7.5,mww
us70008ghw,6.1,mww
us70008gtk,5.7,mww
us70008h8n,5.6,mww
us70008hvb,5.9,mww
us70008hwi,5.8,mww
us70008ide,5.7,mww
us70008iqd,5.6,mww
us70008jr5,6.5,mww
us70008l5g,5.5,mww
us70008nel,5.5,mww
us70008peg,6.0,mww
us70008rje,5.5,mww
us70008tc8,5.9,mww
us70008um8,6.1,mww
us70008vsp,6.0,mww
us70008wpb,5.7,mww
us70008x2q,5.7,mww
us70008xeb,6.1,mww
us70008xhp,5.9,mww
us70008yn9,5.8,mww
us70008z89,6.6,mww
us70008za4,5.7,mww
us7000903m,6.3,mww
us700098qd,6.5,mww
us7000993j,5.7,mww
us700099b2,5.9,mww
us700099s8,5.6,mww
us70009adl,5.5,mww
us70009b14,6.8,mww
us70009bn4,6.1,mww
us70009csg,5.5,mww
us70009dus,5.8,mww
us70009dvh,5.7,mww
us70009f12,6.6,mww
us70009fun,5.7,mww
us70009gsj,5.7,mww
us70009gu8,5.6,mww
us70009hnm,5.9,mww
us70009k7k,5.7,mww
us70009m4x,5.7,mww
us70009n5p,6.1,mww
us70009p8u,5.5,mww
us70009pag,5.8,mww
us70009pku,5.6,mww
us7000aabt,5.9,mww
us7000aag4,5.6,mww
us7000aaq2,5.5,mww
us7000abmk,6.3,mww
us7000ael8,5.7,mww
us7000ahpd,5.5,mww
us7000ai7p,5.5,mww
us7000aid9,5.8,mww
us7000aiqf,5.5,mww
us7000aixy,6.2,mww
us7000aiyp,5.7,mww
us7000aj3w,6.6,mww
us7000anpp,5.7,mww
us7000apd0,5.8,mww
us7000aq3e,7.0,mww
us7000aq5p,5.9,mww
us7000aqaw,6.1,mww
us7000aqj0,5.7,mww
us7000aqpi,5.8,mww
us7000aqwd,6.1,mww
us7000asms,6.0,mww
us7000asvb,7.8,mww
us7000aswr,5.55,mw
us7000asx4,6.49,mw
us7000asy0,5.7,mwr
us7000bc4w,5.6,mww
us7000bcbv,6.0,mww
us7000bcgc,5.5,mww
us7000bcmy,5.6,mww
us7000bctq,6.0,mww
us7000bcty,6.2,mww
us7000be5j,5.9,mww
us7000bed1,5.58,mw
us7000beek,5.6,mww
us7000bf3k,6.5,mww
us7000bfbx,6.1,mww
us7000bffs,5.8,mww
us7000bfgl,5.9,mww
us7000bfij,5.6,mww
us7000bfjr,6.8,mww
us7000bfjx,6.3,mww
us7000bfmj,5.8,mww
us7000bfq3,5.7,mww
us7000bg4v,6.5,mww
us7000bi01,5.6,mww
us7000bipw,5.9,mww
us7000biqb,6.3,mww
us7000birm,6.2,mww
us7000biu8,6.7,mww
us7000biy6,5.5,mww
us7000biyd,6.3,mww
us7000bj6y,6.2,mww
us7000bj71,5.7,mww
us7000bjci,5.6,mww
us7000bjgb,5.9,mww
us7000bk82,5.7,mww
us7000blm2,6.2,mww
us7000bm9g,5.6,mww
us7000bm9m,6.1,mww
us7000bmcx,5.9,mww
us7000bnd1,6.4,mww
us7000bndc,5.9,mww
us7000bnvp,5.7,mww
us7000bp8n,5.7,mww
us7000bpbx,5.5,mww
us7000bphn,5.5,mww
us7000bpvt,5.9,mww
us7000bq10,6.9,mww
us7000bqaf,5.8,mww
us7000bqg0,5.5,mww
us7000bql2,5.6,mww
us7000bqqu,5.5,mww
us7000bqr4,5.8,mww
us7000c6l2,5.5,mww
us7000c6lj,5.5,mww
us7000c6p3,5.6,mww
us7000c6sn,5.8,mww
us7000c6u9,5.8,mww
us7000c7wh,5.9,mww
us7000c7xt,5.5,mww
us7000c7y0,7.0,mww
us7000c84t,5.5,mww
us7000c8fy,5.6,mww
us7000c8va,5.7,mww
us7000c9jz,6.0,mww
us7000c9mz,5.7,mww
us7000cb99,5.5,mww
us7000cbmx,5.9,mww
us7000cbni,5.8,mww
us7000cbr2,6.2,mww
us7000cd6e,6.0,mww
us7000cd9a,5.7,mww
us7000ceaa,5.7,mww
us7000cet5,5.5,mww
us7000cfes,6.0,mww
us7000cfwd,5.5,mww
us7000cfxq,6.0,mww
us7000cjqt,5.7,mww
us7000cjr0,5.9,mww
us7000cktq,5.6,mww
us7000ckx5,5.8,mww
us7000cl0j,5.6,mww
us7000cl2f,5.5,mww
us7000clbs,6.3,mww
us7000clbu,6.4,mww
us7000clnv,6.4,mww
us7000clp0,5.7,mww
us7000clt8,6.0,mww
us7000cm92,5.5,mww
us7000cnnz,6.1,mww
us7000cp05,5.5,mww
us7000cpqz,6.1,mww
us7000cpws,5.9,mww
us7000cpx6,5.9,mwb
us7000cqhy,5.5,mww
us7000cqvm,5.6,mww
us7000cqyz,6.0,mww
us7000cr1r,5.8,mww
us7000crdx,6.1,mww
us7000crmx,5.6,mww
us7000csqe,6.3,mww
us7000d030,6.2,mww
us7000d0ae,5.6,mww
us7000d0bw,5.5,mww
us7000d0d0,5.8,mww
us7000d0gn,5.5,mww
us7000d0pq,5.5,mww
us7000d18q,6.4,mww
us7000d1q5,5.6,mww
us7000d1ut,5.5,mww
us7000d20e,7.0,mww
us7000d2f1,5.6,mww
us7000d2lc,5.8,mww
us7000d2nr,5.5,mww
us7000d2rx,6.9,mww
us7000d2s4,5.7,mww
us7000d2ty,5.8,mww
us7000d2wh,5.5,mww
us7000ddiv,5.5,mww
us7000ddw9,5.8,mww
us7000de1v,5.6,mww
us7000de9a,5.5,mww
us7000deeg,5.7,mww
us7000defm,5.9,mww
us7000detx,5.5,mww
us7000deyu,5.8,mww
us7000df40,6.3,mww
us7000dffl,7.3,mww
us7000dfgg,5.63,mw
us7000dfhs,6.1,mww
us7000dfk3,7.4,mww
us7000dfku,5.78,mw
us7000dfld,5.52,mw
us7000dflf,8.1,mww
us7000dfm1,5.93,mw
us7000dfmf,6.09,mw
us7000dfmj,5.61,mw
us7000dfnw,5.65,mw
us7000dfp1,5.76,mw
us7000dfpe,5.81,mw
us7000dfpp,5.64,mw
us7000dfq2,6.5,mwb
us7000dfqg,5.55,mw
us7000dfqh,5.58,mw
us7000dfr3,5.65,mw
us7000dfrf,6.54,mw
us7000dfrs,5.68,mw
us7000dft1,6.3,mww
us7000dftl,5.87,mw
us7000dfu4,5.64,mw
us7000dfu5,5.87,mw
us7000dfw2,5.6,mww
us7000dfwe,6.0,mww
us7000dfz4,6.2,mww
us7000dg4u,5.5,mww
us7000dg55,5.56,mw
us7000dg5d,5.8,mww
us7000dg5e,5.7,mwb
us7000dg5x,5.8,mww
us7000dg8x,6.3,mww
us7000dgbu,5.5,mww
us7000dgd9,5.8,mww
us7000dgdc,6.1,mww
us7000dgdw,5.83,mw
us7000dggf,6.2,mww
us7000dgh7,6.2,mww
us7000dgi0,6.1,mww
us7000dgk1,5.7,mww
us7000dgk3,5.5,mww
us7000dgkl,5.5,mww
us7000dgkw,5.7,mww
us7000dgp3,5.6,mww
us7000dgpx,5.5,mww
us7000dgqr,5.6,mww
us7000dgr6,5.6,mww
us7000dgt1,5.6,mww
us7000dgze,5.8,mww
us7000dhr8,5.6,mw
us7000dhu0,5.87,mw
us7000dhxm,5.9,mww
us7000di9v,5.8,mww
us7000dia5,5.5,mww
us7000dick,5.9,mww
us7000dimf,5.6,mww
us7000dj39,5.9,mww
us7000dj5p,5.9,mww
us7000dj9v,6.0,mww
us7000djam,5.5,mww
us7000djz6,6.6,mww
us7000dk21,5.6,mww
us7000dk22,5.7,mww
us7000dker,6.0,mww
us7000dksx,5.5,mww
us7000dkv0,5.7,mww
us7000dl1u,5.6,mww
us7000dl4i,5.7,mww
us7000dl4v,5.7,mww
us7000dl5h,5.6,mww
us7000dl5j,6.0,mwb
us7000dl6y,7.0,mww
us7000dl8y,5.5,mww
us7000dxn6,5.7,mww
us7000dxqs,5.6,mww
us7000dxsy,6.1,mww
us7000dxu4,5.5,mww
us7000dxxy,5.9,mww
us7000dy3b,6.0,mww
us7000dydz,5.6,mww
us7000dyeq,5.7,mww
us7000dygd,6.1,mww
us7000dyh1,5.85,mw
us7000dz5t,6.9,mww
us7000dzfk,5.8,mww
us7000dziv,5.5,mww
us7000dzma,5.5,mww
us7000dznc,5.6,mww
us7000e04m,5.5,mww
us7000e07p,5.7,mww
us7000e0zu,5.5,mww
us7000e13b,6.1,mww
us7000e175,6.1,mww
us7000e20u,5.7,mww
us7000e28e,5.8,mww
us7000e2bd,5.6,mww
us7000e2c6,6.0,mww
us7000e2ec,6.7,mww
us7000e2ib,5.5,mww
us7000e2k1,5.5,mww
us7000e2rq,6.1,mww
us7000e2su,5.7,mww
us7000e2xd,6.0,mww
us7000e2zt,6.7,mww
us7000e3aa,5.5,mww
us7000e3h1,5.7,mww
us7000e4aw,6.7,mww
us7000e4i7,5.5,mww
us7000e4j2,5.7,mww
us7000e4u0,5.7,mww
us7000e50p,5.8,mww
us7000e532,6.1,mww
us7000e53p,5.8,mww
us7000e54r,7.3,mww
us7000e579,6.5,mww
us7000e57b,5.6,mww
us7000e5eu,5.5,mww
us7000e68h,5.7,mww
us7000e9bi,6.2,mww
us7000e9mg,5.9,mww
us7000e9mr,5.9,mww
us7000eaib,5.6,mww
us7000eakj,5.8,mww
us7000eb30,5.7,mww
us7000ebw8,5.7,mww
us7000ebx6,5.6,mww
us7000ecuh,5.5,mww
us7000ecyk,5.7,mww
us7000edf6,5.9,mww
us7000edh9,5.5,mww
us7000edug,5.5,mww
us7000eee0,5.8,mww
us7000eeq4,6.5,mww
us7000eeu6,5.5,mww
us7000eewi,5.9,mww
us7000ef1g,5.5,mww
us7000efct,5.5,mww
us7000efd5,5.9,mww
us7000efea,5.5,mww
us7000eicj,6.1,mww
us7000eigf,5.8,mww
us7000eihg,5.6,mww
us7000eijq,5.9,mww
us7000eijt,6.0,mww
us7000eik4,5.6,mww
us7000eit1,5.5,mww
us7000eja2,5.9,mww
us7000eldj,5.6,mww
us7000emrg,5.7,mww
us7000emsw,5.5,mww
us7000emzy,6.1,mww
us7000en0a,5.5,mww
us7000enfl,5.9,mww
us7000eniv,5.8,mww
us7000f2ws,6.0,mww
us7000f3zp,5.7,mww
us7000f403,5.8,mww
us7000f4kz,5.6,mww
us7000f57q,5.6,mww
us7000f5iz,5.5,mww
us7000f60j,6.4,mww
us7000f67h,5.6,mww
us7000f6l9,5.6,mww
us7000f6q8,5.7,mww
us7000f6uy,5.6,mww
us7000f7a5,5.5,mww
us7000f7dp,5.6,mww
us7000f7en,5.8,mww
us7000f85q,5.5,mww
us7000f86s,5.5,mww
us7000f875,5.6,mww
us7000f8bb,5.9,mww
us7000f8gz,5.6,mww
us7000f8tc,6.0,mww
us7000f93v,7.0,mww
us7000f9ay,5.5,mww
us7000f9l5,5.8,mww
us7000fa2u,5.5,mww
us7000fa9j,5.5,mww
us7000fap8,6.2,mww
us7000faw7,5.8,mww
us7000fc1e,5.8,mww
us7000fcye,5.8,mww
us7000fczf,6.1,mww
us7000fd4k,6.4,mww
us7000fd9v,5.9,mww
us7000fdds,6.5,mww
us7000fdfd,5.6,mww
us7000fdty,5.7,mwb
us7000fe0g,5.5,mww
us7000fe1w,6.1,mww
us7000feai,5.8,mww
us7000fen1,5.7,mww
us7000fes8,6.0,mww
us7000fpw5,5.5,mww
us7000fq1g,5.5,mww
us7000fq21,5.7,mww
us7000fq2q,5.5,mww
us7000fqai,5.6,mww
us7000fqcg,6.0,mww
us7000fqjc,6.0,mww
us7000fqve,5.9,mww
us7000fr0v,5.7,mww
us7000fr0x,5.7,mww
us7000fraj,5.7,mww
us7000frfx,5.5,mww
us7000fs08,6.0,mww
us7000fsjc,5.9,mww
us7000fsku,5.55,mw
us7000fskw,6.3,mww
us7000fszl,6.6,mww
us7000ft0f,6.0,mww
us7000ftdy,5.8,mww
us7000ftty,5.5,mww
us7000ftu4,5.5,mww
us7000fu0x,6.0,mwb
us7000fu12,6.4,mwb
us7000fu61,6.0,mww
us7000fuxl,5.5,mww
us7000fv37,6.2,mww
us7000fv5p,5.8,mww
us7000fvjp,5.6,mww
us7000fvq5,5.6,mww
us7000fvvz,5.8,mww
us7000fwde,5.5,mww
us7000fwms,5.6,mwb
us7000fwzz,6.1,mww
us7000fx45,6.2,mww
us7000fx5p,5.8,mww
us7000fx6f,5.6,mww
us7000fxq2,7.5,mww
us7000fxyq,6.3,mww
us7000g7lx,7.3,mww
us7000g7w5,5.7,mww
us7000g7yh,5.5,mww
us7000g8ak,5.6,mww
us7000g8kq,6.0,mww
us7000g8n3,6.2,mww
us7000g8rm,5.8,mww
us7000g8tz,5.9,mww
us7000g8zf,5.8,mww
us7000g90c,6.0,mww
us7000g9el,5.7,mww
us7000g9nb,6.1,mww
us7000g9vi,5.6,mww
us7000g9zq,6.6,mww
us7000ga3i,5.9,mww
us7000ga9y,5.7,mww
us7000gaex,5.5,mww
us7000gag3,6.2,mww
us7000gai4,5.6,mww
us7000gani,5.7,mww
us7000gaq7,5.8,mww
us7000gaqu,6.6,mww
us7000gavu,6.8,mww
us7000gawk,6.6,mww
us7000gawq,5.8,mww
us7000gba7,5.7,mww
us7000gbb7,5.6,mww
us7000gbu4,6.6,mww
us7000gcfq,5.5,mww
us7000gcfv,6.1,mww
us7000gcq8,5.7,mww
us7000gdfw,5.9,mww
us7000gdi6,5.5,mww
us7000gdwz,6.3,mww
us7000ge38,6.0,mww
us7000ge5q,6.2,mww
us7000gebb,5.6,mww
us7000gery,6.0,mww
us7000gfhb,6.2,mww
us7000gfjs,5.6,mww
us7000gfq8,5.5,mww
us7000gfti,6.0,mww
us7000gg3w,6.5,mww
us7000gg4u,5.8,mww
us7000ggdt,5.6,mww
us7000ggkz,5.7,mww
us7000gglh,5.9,mww
us7000gh1g,6.0,mww
us7000gh89,5.6,mww
us7000gh9y,5.5,mww
us7000ghcw,5.5,mww
us7000ghm5,6.5,mww
us7000gi25,6.3,mww
us7000gi69,5.8,mww
us7000gj2g,6.2,mww
us7000gj4q,5.6,mww
us7000gjme,5.5,mww
us7000gjy1,5.5,mww
us7000gkcm,5.5,mww
us7000gkf7,5.5,mww
us7000gkgx,5.7,mww
us7000gklv,6.0,mww
us7000gkvb,5.7,mww
us7000gl7s,5.5,mww
us7000gl8w,6.2,mww
us7000glex,6.8,mww
us7000glk2,5.6,mww
us7000gltf,5.5,mww
us7000gm8t,5.7,mww
us7000gmgl,5.5,mww
us7000gmmb,5.7,mww
us7000gmnq,5.5,mww
us7000gmrx,5.6,mww
us7000gmtt,6.3,mww
us7000gmw3,6.0,mww
us7000gmx3,5.9,mww
us7000gn6g,5.5,mww
us7000gwpw,6.0,mww
us7000gx8m,5.7,mww
us7000gxkt,5.8,mww
us7000gxlu,5.8,mww
us7000gy5q,5.5,mww
us7000gyj0,6.9,mww
us7000gyln,5.7,mww
us7000gymk,7.0,mww
us7000gymw,5.6,mww
us7000gysz,6.4,mww
us7000gyza,5.5,mww
us7000gz5q,5.6,mww
us7000gz79,5.5,mww
us7000gz8x,5.6,mww
us7000gzcf,5.6,mww
us7000gzl3,5.6,mww
us7000gzq8,5.9,mww
us7000gzyq,5.7,mww
us7000h035,5.5,mww
us7000h05d,5.5,mww
us7000h0jz,5.7,mww
us7000h0x2,5.8,mww
us7000h0x9,5.7,mww
us7000h0yj,6.3,mww
us7000h1bs,5.5,mww
us7000h1lc,5.6,mww
us7000h1lv,6.1,mww
us7000h23k,5.5,mww
us7000h2u9,6.1,mww
us7000h36n,5.5,mww
us7000h373,6.1,mww
us7000h393,5.9,mww
us7000h3h9,5.9,mww
us7000h3ix,5.5,mww
us7000h3j0,5.7,mww
us7000h5mc,6.1,mww
us7000h5t8,5.6,mww
us7000h67f,5.5,mww
us7000h69c,5.5,mww
us7000h6b8,5.6,mww
us7000h74t,5.6,mww
us7000h781,6.0,mww
us7000h7da,5.6,mww
us7000h7s7,5.5,mww
us7000h7t6,5.6,mww
us7000h803,5.6,mww
us7000h82f,6.2,mww
us7000h85r,5.7,mww
us7000h87i,6.3,mww
us7000h8bc,5.8,mww
us7000h8g3,6.8,mww
us7000hc03,5.6,mww
us7000hc71,5.5,mww
us7000hcir,5.5,mww
us7000hcmn,7.2,mww
us7000hcqw,6.6,mww
us7000hct4,6.2,mww
us7000hcw4,5.5,mww
us7000hcwg,6.2,mww
us7000hda6,5.6,mww
us7000hdaa,5.5,mww
us7000hdae,5.6,mww
us7000he1h,5.8,mww
us7000hebv,5.5,mww
us7000hefw,5.5,mww
us7000heku,5.6,mww
us7000heu8,5.6,mww
us7000hexp,6.3,mww
us7000hexr,6.4,mww
us7000hf1u,6.3,mww
us7000hfjt,5.6,mww
us7000hfrj,6.5,mww
us7000hfu0,5.8,mww
us7000hg8b,5.6,mww
us7000hg9p,5.9,mww
us7000hgm3,5.6,mww
us7000hgp6,5.6,mww
us7000hh98,5.6,mww
us7000hhhc,5.5,mww
us7000hhik,5.6,mww
us7000hiil,5.5,mww
us7000him8,5.9,mww
us7000hixl,5.9,mww
us7000hj3u,6.0,mww
us7000hj75,5.6,mww
us7000hjgi,5.5,mww
us7000hjsm,5.8,mww
us7000hjsv,5.6,mww
us7000hjvj,5.7,mww
us7000hk3w,5.6,mww
us7000hk9n,5.7,mww
us7000hsg4,5.9,mww
us7000hsmm,5.5,mww
us7000hszl,5.6,mww
us7000htbb,5.7,mww
us7000i1ui,5.9,mww
us7000i35t,5.6,mww
us7000i37c,5.7,mww
us7000i38s,6.2,mww
us7000i3c8,5.5,mww
us7000i3cd,5.7,mww
us7000i3gq,5.7,mww
us7000i3mn,5.5,mww
us7000i3mp,6.3,mww
us7000i4st,6.1,mww
us7000i53f,6.9,mww
us7000i585,6.2,mww
us7000i59t,6.6,mww
us7000i5kw,5.9,mww
us7000i5my,5.7,mww
us7000i5xu,5.9,mww
us7000i7b8,5.7,mww
us7000i7uj,5.8,mww
us7000i7ya,7.0,mww
us7000i8pw,5.5,mww
us7000i8ui,6.5,mww
us7000i8v9,5.5,mww
us7000i903,5.6,mww
us7000i90q,6.9,mww
us7000i91n,5.7,mww
us7000i928,5.9,mww
us7000i929,5.7,mww
us7000i96l,5.5,mww
us7000i9bi,5.9,mww
us7000i9bw,7.6,mww
us7000i9hm,5.8,mww
us7000i9l5,6.0,mww
us7000i9uu,5.7,mww
us7000ia36,6.8,mww
us7000iaka,6.2,mww
us7000iam0,6.1,mww
us7000ib26,5.8,mww
us7000ikut,5.5,mww
us7000il1g,5.9,mww
us7000il35,5.8,mww
us7000ilfn,5.8,mww
us7000ilgs,5.6,mww
us7000ilkv,5.5,mww
us7000ilwt,6.0,mww
us7000ilyk,6.1,mww
us7000imax,5.5,mww
us7000imeu,5.7,mww
us7000imgl,6.1,mww
us7000imsg,5.6,mww
us7000incn,5.7,mww
us7000infp,5.6,mww
us7000ingh,6.8,mww
us7000ingi,7.0,mwb
us7000inht,6.6,mww
us7000inqd,5.5,mww
us7000ip0l,7.3,mww
us7000ip7p,5.8,mww
us7000ip8h,7.0,mww
us7000ipe2,5.7,mwr
us7000ipe4,6.2,mww
us7000ipkb,6.1,mww
us7000ipkm,6.1,mww
us7000ipm8,5.6,mwb
us7000iq2d,5.5,mww
us7000iq83,5.8,mww
us7000iqdn,5.5,mww
us7000iqpn,6.9,mww
us7000iqvt,5.5,mww
us7000ir86,5.5,mww
us7000ir9t,5.6,mww
us7000irbb,5.5,mww
us7000irfb,7.0,mww
us7000irfm,6.0,mww
us7000irjd,6.2,mww
us7000irp8,6.1,mww
us7000isb7,5.7,mww
us7000ishx,5.6,mww
us7000isn8,5.5,mwb
us7000isrh,5.5,mww
us7000isuh,5.9,mww
us7000itb1,5.5,mww
us7000j0n4,6.1,mww
us7000j1g5,5.5,mww
us7000j1tt,5.5,mww
us7000j1u6,5.8,mww
us7000j1u9,5.6,mww
us7000j1w3,5.5,mww
us7000j2b9,6.0,mww
us7000j2ig,5.9,mww
us7000j2yw,7.0,mww
us7000j36j,7.6,mww
us7000j3cb,5.7,mww
us7000j3ky,5.8,mww
us7000j3mj,5.6,mww
us7000j3nm,5.8,mww
us7000j3ty,5.5,mww
us7000j3xh,5.5,mww
us7000j4ij,5.6,mww
us7000j4kr,6.1,mww
us7000j4mj,6.3,mww
us7000j511,6.0,mww
us7000j553,7.0,mwc
us7000j56z,5.7,mww
us7000j5sc,6.1,mww
us7000j5x2,6.8,mww
us7000j644,5.7,mww
us7000jgfd,6.6,mww
us7000jgmu,5.5,mww
us7000jgr1,5.7,mww
us7000jgzb,5.9,mww
us7000jh99,6.9,mww
us7000jhir,5.8,mww
us7000jhqt,5.8,mww
us7000jhtd,5.9,mww
us7000jhuv,5.6,mww
us7000jhw8,5.9,mww
us7000ji2e,5.6,mww
us7000ji38,5.8,mww
us7000jj4s,5.5,mww
us7000jjax,5.6,mww
us7000jjp7,6.3,mww
us7000jju1,5.5,mww
us7000jjwt,5.5,mww
us7000jkbd,7.0,mww
us7000jl3s,6.8,mww
us7000jlkb,5.5,mww
us7000jln7,6.5,mww
us7000jlpd,5.6,mww
us7000jltc,5.5,mww
us7000jlw8,5.6,mww
us7000jlxu,6.4,mww
us7000jm0r,5.8,mww
us7000jm20,5.6,mww
us7000jm28,5.7,mww
us7000jmbi,5.6,mww
us7000jme4,5.7,mww
us7000jmy4,5.5,mww
us7000jvl3,7.1,mww
us7000jvrn,5.6,mww
us7000jvwy,5.7,mww
us7000jwfx,5.7,mww
us7000jwhe,6.6,mww
us7000jwi2,5.5,mww
us7000jwiw,5.6,mww
us7000jwl9,5.7,mww
us7000jws2,5.5,mww
us7000jxag,5.9,mww
us7000jxbu,5.6,mww
us7000jxhx,5.5,mww
us7000jxk7,5.5,mww
us7000k36n,6.1,mww
us7000k3fh,5.5,mww
us7000k3h5,6.2,mww
us7000k3n3,6.5,mww
us7000k3ps,5.5,mww
us7000k46f,6.1,mww
us7000k4cr,6.0,mww
us7000k4dc,6.0,mww
us7000k4gs,5.5,mww
us7000k4jy,5.6,mww
us7000k4ug,5.5,mww
us7000k4w1,5.8,mww
us7000k51s,5.5,mww
us7000k54z,6.3,mww
us7000k58h,5.9,mww
us7000k58z,5.5,mww
us7000k61e,5.8,mww
us7000k62h,5.6,mww
us7000k63p,5.5,mww
us7000k6bx,5.8,mww
us7000k6xu,5.6,mww
us7000k73m,5.7,mww
us7000k782,5.7,mww
us7000k7id,5.7,mww
us7000k7iz,5.9,mww
us7000k7m3,5.7,mww
us7000k7su,6.2,mww
us7000k7u0,5.8,mww
us7000k8gg,5.5,mww
us7000k8jz,6.2,mww
us7000k8qh,7.2,mww
us7000k8vq,6.0,mww
us7000k8we,5.8,mww
us7000k91w,6.2,mww
us7000k92j,5.5,mww
us7000k94b,5.6,mww
us7000k96f,5.5,mww
us7000k96l,6.1,mww
us7000k96n,5.6,mww
us7000k98q,5.7,mww
us7000k9d8,5.7,mww
us7000k9dk,5.9,mww
us7000k9f0,6.4,mww
us7000k9fi,6.0,mww
us7000k9he,5.6,mww
us7000k9jv,6.2,mww
us7000k9ti,5.5,mww
us7000k9xm,5.7,mww
us7000ka0y,5.5,mww
us7000kane,5.6,mww
us7000kaqm,5.6,mww
us7000kar4,5.6,mww
us7000kayb,6.2,mww
us7000keq3,6.6,mww
us7000kequ,5.6,mww
us7000kfnc,6.3,mww
us7000kg30,7.2,mww
us7000kg9g,6.6,mww
us7000kga2,5.6,mww
us7000kgje,5.6,mww
us7000kgpb,6.5,mww
us7000khgr,5.7,mww
us7000khw8,6.0,mww
us7000ki3q,5.6,mww
us7000ki5u,5.5,mww
us7000ki6k,5.6,mww
us7000knq0,6.5,mww
us7000knsr,5.5,mww
us7000kp2g,6.0,mww
us7000kp2i,6.1,mww
us7000kp2j,5.6,mww
us7000kp6m,5.7,mww
us7000kpp4,5.7,mww
us7000kqbl,6.2,mww
us7000kqtq,5.8,mww
us7000kr1s,5.5,mww
us7000kre0,5.7,mww
us7000krjx,7.1,mww
us7000krr1,5.9,mww
us7000krsj,5.5,mww
us7000ksrl,6.1,mww
us7000kt2i,5.5,mww
us7000ktai,5.7,mww
us7000ktef,5.8,mww
us7000ktti,6.3,mww
us7000ku47,6.6,mww
us7000kub5,5.6,mww
us7000kubt,5.8,mww
us7000kufc,6.8,mww
us7000kufx,5.6,mww
us7000kuik,5.8,mww
us7000kulj,6.0,mww
us7000kuzd,5.9,mww
us7000kv0k,6.0,mww
us7000kv1x,5.5,mww
us7000kv90,6.2,mww
us7000kvhu,6.1,mww
us7000kvu1,5.6,mww
us7000kvv1,5.6,mww
us7000kw0l,5.7,mww
us7000kw6r,5.5,mww
us7000kwaz,5.5,mww
us7000kwg2,6.3,mww
us7000kwis,5.5,mww
us7000kwm6,5.8,mww
us7000kwrq,5.5,mww
us7000kww3,5.9,mww
us7000kwwq,5.8,mww
us7000kwz5,5.7,mww
us7000kx4l,5.6,mww
us7000kx7j,6.1,mww
us7000kx7t,5.7,mww
us7000kxe7,5.8,mww
us7000ky3a,5.9,mww
us7000l5vd,5.9,mww
us7000l6fd,5.5,mww
us7000l6gr,5.9,mww
us7000l6k4,5.9,mww
us7000l6lr,5.6,mww
us7000l73e,5.5,mww
us7000l73x,5.5,mww
us7000l75j,5.6,mww
us7000l76s,5.5,mww
us7000l7b6,6.0,mww
us7000l7qy,6.5,mww
us7000l7si,6.6,mww
us7000l85t,6.1,mww
us7000l89a,5.7,mww
us7000l8jc,5.7,mww
us7000l8p5,5.7,mww
us7000l917,5.7,mww
us7000l94t,5.5,mww
us7000l9az,5.5,mww
us7000l9h2,6.7,mwb
us7000l9h4,7.1,mww
us7000l9ku,6.7,mww
us7000l9ze,5.9,mww
us7000la13,5.8,mww
us7000la7r,6.1,mww
us7000la8b,5.6,mww
us7000laba,5.7,mww
us7000lac6,5.6,mww
us7000laff,5.9,mww
us7000lafn,5.5,mww
us7000lali,6.1,mww
us7000lan3,5.7,mww
us7000le6w,6.5,mww
us7000le9i,5.6,mww
us7000lea4,5.8,mww
us7000leqe,5.8,mww
us7000lfaa,5.5,mww
us7000lfbb,5.8,mww
us7000lfcp,5.5,mww
us7000lfev,5.5,mww
us7000lff4,7.6,mww
us7000lfi0,6.4,mww
us7000lfkh,6.3,mww
us7000lftp,6.6,mww
us7000lfus,5.6,mww
us7000lfwj,6.0,mww
us7000lfxx,6.9,mww
us7000lg0q,5.5,mww
us7000lg1q,5.7,mww
us7000lgan,6.0,mww
us7000lgch,5.6,mww
us7000lgct,5.7,mww
us7000lgd6,5.7,mww
us7000lgdg,5.5,mww
us7000lges,5.8,mww
us7000lgss,5.7,mww
us7000lgwp,7.1,mww
us7000lgxh,5.5,mww
us7000lh50,5.7,mww
us7000lh76,5.8,mww
us7000lh9a,5.6,mww
us7000lhhy,5.5,mww
us7000lhwv,5.7,mww
us7000lhxa,5.5,mww
us7000lhxd,5.6,mww
us7000li15,6.2,mww
us7000li3g,5.7,mww
us7000lib1,5.8,mww
us7000libd,5.5,mww
us7000lict,5.7,mww
us7000lire,5.5,mww
us7000livw,5.6,mww
us7000ljf2,5.9,mww
us7000ljhg,5.7,mww
us7000ljna,5.6,mww
us7000ljvg,5.9,mww
us7000lkb0,5.6,mww
us7000lkb1,6.2,mww
us7000lkpg,5.6,mww
us7000lkxb,6.1,mww
us7000ll46,5.8,mww
us7000ll5l,5.6,mww
us7000ll61,5.9,mww
us7000ll64,5.5,mww
us7000ll6h,5.8,mww
us7000lsze,7.0,mww
us7000lt73,6.3,mww
us7000ltpz,5.6,mww
us7000ltus,5.5,mww
us7000luai,6.1,mww
us7000lui3,6.5,mww
us7000luuy,5.7,mww
us7000lv7d,5.8,mww
us7000lxyv,6.1,mww
us7000ly6w,5.8,mww
us7000lym6,6.1,mww
us7000lz23,5.8,mww
us7000lz2v,5.7,mww
us7000lz5f,6.0,mww
us7000lz8a,5.6,mww
us7000lzyu,5.5,mww
us7000lzz2,5.6,mww
us7000m0jb,5.5,mww
us7000m0zq,6.3,mww
us7000m1h8,5.6,mww
us7000m3ud,5.6,mww
us7000m3ur,5.6,mww
us7000m439,6.0,mww
us7000m7xz,5.5,mww
us7000m86i,6.4,mww
us7000m875,5.6,mww
us7000m8q9,5.8,mww
us7000m8qr,5.6,mww
us7000m8yd,5.8,mww
us7000m90u,5.5,mww
us7000m936,5.9,mww
us7000m98g,5.9,mww
us7000m9bq,6.2,mww
us7000m9g4,7.4,mww
us7000m9gc,6.4,mww
us7000m9gp,5.6,mww
us7000m9hp,5.7,mwr
us7000m9sq,6.1,mww
us7000ma2w,6.8,mww
us7000maah,5.6,mww
us7000maw0,5.9,mww
us7000maxr,6.4,mww
us7000mbfv,5.7,mwr
us7000mbqp,5.8,mww
us7000mbuv,5.5,mww
us7000mc2t,6.5,mww
us7000mcb1,5.9,mww
us7000mcpi,6.3,mww
us7000mcrs,5.5,mww
us7000mcxc,5.6,mww
us7000mcxe,5.6,mww
us7000md3k,5.7,mww
us7000mdti,5.6,mww
us7000mduw,5.8,mww
us7000mnu8,5.5,mww
us7000mp5r,5.6,mww
us7000mp99,6.2,mww
us7000mp9e,6.2,mww
us7000mpe2,5.9,mww
us7000mppu,5.7,mww
us7000mpxd,5.9,mww
us7000mq7x,5.5,mww
us7000mqbs,5.5,mww
us7000mqdw,5.5,mww
us7000mqgh,5.5,mww
us7000mqp4,5.9,mww
us7000mqtv,5.7,mww
us7000mrbq,5.7,mwb
us7000mrbr,6.2,mww
us7000mrdc,5.7,mww
us7000mrv4,5.7,mww
us7000mrz8,5.8,mww
us7000msb0,5.9,mww
us7000msc3,5.9,mww
us7000msn7,5.6,mww
us7000mspm,5.5,mww
us7000msqt,6.0,mww
us7000mstj,6.0,mww
us7000mt0e,5.6,mww
us7000mt0h,5.6,mww
us7000mt41,5.5,mww
us7000mt4l,5.8,mww
us7000mtur,5.5,mww
us7000mu1p,6.0,mww
us7000mu8s,6.3,mww
us7000mx3m,5.7,mww
us7000mxek,5.5,mww
us7000mxl6,5.5,mww
us7000mxmu,6.2,mww
us7000my76,6.6,mww
us7000myfa,7.1,mww
us7000mykj,6.4,mww
us7000myqk,5.8,mww
us7000mytc,5.8,mww
us7000myx6,5.5,mww
us7000myxn,5.6,mww
us7000mz34,5.6,mww
us7000mzel,5.7,mww
us7000mzzc,5.6,mww
us7000n05d,7.4,mww
us7000n068,6.0,mwr
us7000n0ka,6.2,mww
us7000n0qt,5.5,mww
us7000n0s8,6.1,mww
us7000n7b8,6.1,mww
us7000n7kb,5.5,mww
us7000n7n8,7.0,mww
us7000n7v7,5.7,mww
us7000n8ey,5.5,mww
us7000n8ki,5.5,mww
us7000n8wr,5.5,mww
us7000n9dt,6.9,mww
us7000n9fn,5.8,mww
us7000nd4f,6.3,mww
us7000nd4s,5.7,mww
us7000nd53,5.8,mww
us7000ndp6,5.7,mww
us7000ndsf,5.5,mww
us7000ne1t,5.5,mww
us7000ne51,6.5,mww
us7000ne84,6.3,mww
us7000ne8y,5.5,mww
us7000ngi1,5.5,mww
us7000ngmr,6.3,mww
us7000nh82,5.9,mww
us7000nhex,6.1,mww
us7000nhjw,6.6,mww
us7000nhk8,5.9,mww
us7000nmg9,5.5,mww
us7000nmlt,6.2,mww
us7000nmsy,5.6,mww
us7000nn5q,5.7,mww
us7000nn6t,5.8,mww
us7000nnz9,6.0,mww
us7000np33,6.0,mww
us7000nppj,5.8,mww
us7000nq3d,5.7,mww
us7000nq9e,5.9,mww
us7000nq9w,5.9,mww
us7000nqb9,5.8,mww
us7000nql2,6.3,mww
us7000nqv1,5.6,mww
us7000nqwx,5.8,mww
us7000nr0n,5.9,mww
us7000nr0v,6.8,mww
us7000nr4w,5.5,mww
us7000nrwz,6.6,mww
us7000nryg,5.5,mww
us7000nsa3,6.1,mww
us7000nsjt,5.6,mww
us7000nu90,6.1,mww
us7000nul8,5.7,mww
us7000nula,5.8,mww
us7000nv3a,5.7,mww
us7000nvpy,5.7,mww
us7000nw3f,5.6,mww
us7000nwmn,5.5,mww
us7000nwwp,5.9,mww
us7000nx17,6.0,mww
us7000nx3e,5.5,mww
us7000nx3l,5.6,mww
us7000nx3z,6.3,mww
us7000nx4k,5.8,mww
us7000nx5r,6.3,mww
us7000nx5z,6.1,mww
us7000nx6q,5.7,mww
us7000nx6s,5.6,mww
us7000nx79,5.6,mww
us7000nxbs,5.7,mww
us7000nxct,5.6,mww
us7000nxnc,5.9,mww
us7000ny28,5.5,mww
us7000nyqr,6.4,mww
us7000nz38,5.9,mww
us7000nz8f,5.5,mww
us7000nzf3,7.3,mww
us7000nzln,5.5,mww
us7000nznb,5.6,mww
us7000nzxv,5.7,mww
us7000p0lv,6.1,mww
us7000p0uj,5.9,mww
us7000pa8p,5.7,mww
us7000pa9d,5.7,mww
us7000pahy,5.5,mww
us7000pb0i,5.5,mww
us7000pb3j,5.9,mww
us7000pb59,5.7,mww
us7000pbdp,5.5,mww
us7000pbfb,5.6,mww
us7000pc0e,5.8,mww
us7000pc2p,5.9,mww
us7000pcdl,7.6,mww
us7000pcjx,5.9,mww
us7000pdu6,5.9,mww
us7000pdvt,5.7,mww
us7000pe6v,5.5,mww
us7000peiq,5.6,mww
us7000pemi,5.7,mww
us7000penh,5.5,mww
us7000pexc,5.5,mww
us7000pfjc,5.6,mww
us7000pfmk,6.0,mww
us7000pllt,6.2,mww
us7000pllu,6.2,mww
us7000pllx,5.9,mww
us7000plrn,5.5,mww
us7000plu1,5.6,mww
us7000pmem,6.7,mww
us7000pmxp,5.7,mww
us7000pn7g,6.1,mww
us7000pn8m,5.7,mww
us7000pn9s,7.7,mww
us7000pn9z,6.7,mww
us7000pnf2,6.6,mww
us7000pntq,7.0,mww
us7000pnvp,6.2,mww
us7000pnvv,5.9,mww
us7000pp13,5.6,mww
us7000pp7n,5.7,mww
us7000ppd9,6.3,mww
us7000ppfy,6.1,mww
us7000ppga,5.5,mww
us7000pu62,6.2,mww
us7000pu7q,5.7,mww
us7000pua3,5.7,mww
us7000pufs,6.2,mww
us7000pux2,5.7,mww
us7000pv06,6.3,mww
us7000pvd8,5.9,mww
us7000pvfb,5.5,mww
us7000pvfd,5.6,mww
us7000pvt7,6.2,mww
us7000pvta,5.6,mww
us7000pvtr,6.8,mww
us7000pwjw,5.8,mww
us7000pwkn,7.4,mww
us7000pwpu,6.4,mww
us7000pwvy,5.9,mww
us7000px6v,6.0,mww
us7000px7i,5.8,mww
us7000px8h,5.6,mww
us7000pxj7,5.5,mww
us7000pxjh,5.7,mww
us7000py39,5.7,mww
us7000pyjn,5.7,mww
us7000pyn1,5.9,mww
us7000pyq7,5.5,mww
us7000pyzs,5.6,mww
us7000pz23,5.9,mww
us7000pz2p,6.0,mww
us7000pz41,6.4,mww
us7000pzaa,5.9,mww
us7000pzcp,5.5,mww
us7000pztw,5.9,mww
us7000q09z,5.6,mww
us7000q0bm,6.5,mww
us7000q0pq,6.2,mww
us7000q0re,5.7,mww
us7000q0w7,5.7,mww
us7000q14k,6.1,mww
us7000q1e7,6.0,mww
us7000q1h3,5.7,mww
us7000q8bd,6.2,mww
us7000q8be,5.5,mww
us7000q8tw,6.2,mww
us7000q97d,6.0,mww
us7000q99p,5.5,mww
us7000q9b5,6.6,mww
us7000qa3y,5.5,mww
us7000qa5e,5.6,mww
us7000qa5h,5.6,mww
us7000qadp,5.5,mww
us7000qamr,5.6,mww
us7000qavc,5.5,mww
us7000qayf,5.5,mww
us7000qb20,5.5,mww
us7000qb4s,6.2,mww
us7000qbfv,5.7,mww
us7000qcik,6.7,mww
us7000qclp,6.2,mww
us7000qcp2,5.8,mww
us7000qcrv,5.7,mww
us7000qctd,5.8,mww
us7000qd1y,7.3,mww
us7000qd4n,5.6,mww
us7000qd6b,5.6,mww
us7000qdue,5.6,mww
us7000qdxz,5.5,mww
us7000qdye,6.6,mww
us7000qdyl,7.4,mww
us7000qdyw,6.6,mww
us7000qdz2,6.5,mww
us7000qe30,5.5,mww
us7000qe51,6.2,mww
us7000qqx7,5.6,mww
us7000qqxt,5.6,mww
us7000qr8h,6.0,mww
us7000qrj0,5.9,mww
us7000qrw3,5.5,mww
us7000qsly,5.5,mww
us7000qsu5,5.6,mww
us7000qsvj,6.0,mww
us7000qtm0,5.9,mww
us7000qtpj,5.9,mww
us7000qtst,5.6,mww
us7000quvp,6.4,mww
us7000quwy,5.7,mww
us7000qvrf,5.6,mww
us7000qvw5,7.4,mww
us7000qw56,5.5,mww
us7000qwch,6.0,mww
us7000qwir,6.0,mww
us7000qx1z,6.0,mww
us7000qx2g,7.8,mww
us7000qx7a,5.5,mww
us7000qxat,5.5,mww
us7000qxcd,5.9,mww
us7000qxcr,5.9,mww
us7000qxm7,5.6,mww
us7000qxp1,5.5,mww
us7000re2g,6.4,mww
us7000rea0,5.6,mww
us7000rehl,5.8,mww
us7000rekp,5.9,mww
us7000rena,5.8,mww
us7000rfg1,5.5,mww
us7000rfgy,5.8,mww
us7000rke3,5.5,mww
us7000rkfp,5.6,mww
us7000rkjm,6.0,mww
us7000rkkk,5.7,mww
us7000rkqm,5.6,mww
us7000rkvc,5.6,mww
us7000rl1p,5.6,mww
us7000rl2n,6.6,mww
us7000rl57,6.2,mww
us7000rlha,5.5,mww
us7000rlq3,6.0,mww
us7000rltg,6.0,mww
us7000rluk,5.7,mww
us7000rm3k,6.5,mww
us7000rm8t,5.9,mww
us7000rmfe,5.7,mww
us7000rmqv,5.7,mww
us7000rn2z,6.4,mww
us7000rnbi,5.5,mww
us7000rndf,5.5,mww
us7000rnsp,5.6,mww
us7000rnsx,5.5,mww
us7000rntv,5.5,mww
us7000rnwd,6.4,mww
us7000rp3w,5.6,mww
us7000rpbg,5.6,mww
us7000rpcg,6.2,mww
us7000rpq8,5.5,mww
us7000rptl,5.9,mww
us7000rq0d,6.0,mww
us7000rq3w,5.5,mww
us7000rqik,5.6,mww
us7000rqjy,6.0,mww
us7000rqrt,5.9,mww
us7000rr5g,6.1,mww
us7000rrbj,6.2,mww
us7000rs1t,5.8,mww
us7000rs2i,5.6,mww
us7000rs2q,5.5,mww
us7000rs3s,5.5,mww
us7000rs3x,5.5,mww
us7000s0dq,5.7,mww
us7000s16b,6.3,mww
us7000s17q,5.5,mww
us7000s1cq,6.0,mww
us7000s1en,5.6,mww
us7000s1ln,6.2,mww
us7000s211,6.4,mww
us7000s2bn,5.5,mww
us7000s2i2,6.2,mww
us7000s2n6,5.7,mww
us7000s2x6,5.5,mww
us7000s2yl,6.0,mww
us7000s2z5,5.8,mww
us7000s2zx,5.9,mww
us7000s36m,5.9,mww
us7000s39n,6.0,mww
us7000s3kt,5.5,mww
us7000s789,7.5,mww
us7000s7h9,5.6,mww
us7000s7u4,6.5,mww
us7000s7w6,5.5,mww
us7000s7z5,5.7,mww
us7000s8ec,5.8,mww
us7000s8q0,7.3,mww
us7000s963,5.8,mww
us7000s9ay,5.7,mww
us7000s9cg,6.0,mww
us7000sbau,5.6,mww
us7000sh8r,5.7,mww
us7000shjp,5.8,mww
us7000shs2,5.7,mww
us7000si2z,6.0,mww
us7000si51,5.5,mww
us7000sicu,5.8,mww
us7000sidq,5.8,mww
us7000snvr,6.0,mww
us7000snvt,6.0,mww
us7000spkc,5.6,mww
us7000spqc,6.0,mww
us7000spru,5.7,mww
us7000spxm,6.2,mww
us7000sq90,5.6,mww
us7000sq93,5.7,mww
us7000sqzx,5.6,mww
us7000sr7l,6.0,mww
us7000sr9j,5.6,mww
us7000sr9r,5.8,mww
us7000srb1,7.8,mww
us7000srgz,5.9,mww
us7000srjx,6.1,mww
us7000srxn,6.0,mww
us7000ss03,5.7,mww
us7000ss1g,5.6,mww
us7000ss82,5.5,mww
us7000st1c,6.2,mww
us7000st48,5.5,mww
us7000st95,6.7,mww
us7000stbz,6.3,mww
us7000stti,6.6,mww
us7000sui3,6.6,mww
us7000suii,5.8,mww
us7000sury,5.7,mww
us7000susb,5.8,mww
us7000susv,5.5,mww
us7000sz2b,5.6,mww
us7000szpb,6.4,mww
us7000szu6,5.6,mww
us7000szzy,6.4,mww
us7000t01n,6.3,mww
us7000t0d0,6.2,mww
us7000t0hk,5.5,mww
us7000t0ng,5.5,mww
us7000t0u6,5.8,mww
us7000t0xb,5.9,mww
us7000t1bu,7.3,mww
us7000t1cc,6.4,mww
us7000t1n5,5.8,mww
us7000t1ng,5.5,mww
us7000t1q7,5.5,mww
us7000t1tp,5.5,mww
us7000t1w2,5.6,mww
us7000t213,5.5,mww
us7000t21z,5.6,mww
us7000t25y,5.6,mww
us7000t2w3,5.7,mww
us7000t34g,5.7,mww
us7000t37a,6.0,mww
us7000t3fm,5.8,mww
us7000tc18,5.6,mww
us7000tcf3,6.0,mww
us7000tdmp,5.6,mww
us7000tdms,5.9,mww
us7000tdrv,6.2,mww
usb000erse,5.5,mwb
usb000esbm,5.5,mwb
usb000esgn,6.1,mww
usb000fgws,5.5,mww
usb000fh5e,5.5,mwb
usb000fhxq,5.8,mww
usb000fi8j,5.5,mww
usb000fic3,5.7,mww
usb000fij4,6.5,mww
usb000filu,5.5,mwc
usb000fiww,5.5,mww
usb000fk1l,5.8,mww
usb000flq3,5.5,mwb
usb000fnl4,5.9,mww
usb000frdz,5.5,mwc
usb000frv8,5.9,mww
usb000frwy,6.1,mww
usb000fshy,6.2,mww
usb000fssd,5.5,mww
usb000fsz8,5.5,mwb
usb000ftgc,5.9,mww
usb000fub3,5.5,mwc
usb000fwb9,5.5,mww
usb000fx1s,5.6,mwb
usb000fxh7,6.0,mww
usb000fxxk,5.5,mww
usb000fy5i,5.9,mww
usb000g0cq,6.3,mww
usb000g128,5.8,mww
usb000g13s,7.0,mww
usb000g1a2,5.5,mwc
usb000g2y5,6.4,mww
usb000g4ca,5.8,mww
usb000g4nw,5.08,mw
usb000g4z6,5.7,mww
usb000g5yg,5.8,mww
usb000g6it,6.0,mww
usb000g6lc,6.6,mww
usb000g7w7,5.7,mww
usb000g7x7,7.7,mww
usb000g8my,6.6,mww
usb000g8rt,5.6,mww
usb000g8ti,5.5,mwb
usb000g940,5.9,mww
usb000g9yi,5.6,mwb
usb000gagm,5.5,mwc
usb000gbf8,7.2,mww
usb000gc0z,5.8,mww
usb000gc6m,6.1,mww
usb000gcdd,6.6,mww
usb000gcgl,5.7,mww
usb000gcgu,5.9,mww
usb000gch7,5.8,mww
usb000gcls,6.1,mww
usb000gczl,6.1,mww
usb000gd5d,5.6,mww
usb000gda9,6.0,mww
usb000gdcd,5.5,mwb
usb000gen8,6.5,mww
usb000geu9,5.5,mww
usb000ghg0,5.6,mww
usb000gjhz,5.7,mww
usb000gwu2,5.6,mww
usb000gxic,5.7,mww
usb000gy4a,5.6,mww
usb000gy67,6.0,mww
usb000gy8m,5.5,mwb
usb000gz3x,6.1,mww
usb000gzdd,5.5,mwc
usb000gzlm,6.4,mww
usb000h0eg,6.0,mww
usb000h0fe,5.9,mww
usb000h0fh,5.7,mwb
usb000h0hd,5.7,mww
usb000h0hw,6.1,mww
usb000h0wg,5.5,mwb
usb000h1g2,5.8,mww
usb000h3k3,7.4,mww
usb000h40b,6.3,mww
usb000h4aj,5.55,mw
usb000h4jh,8.3,mww
usb000h4zh,5.99,mw
usb000h543,6.7,mwb
usb000h5zp,5.5,mwb
usb000h6in,5.7,mww
usb000h6w1,5.9,mww
usb000h700,5.7,mww
usb000h70p,5.6,mwc
usb000hb56,5.37,mw
usb000hbde,5.6,mww
usb000hbha,5.5,mwb
usb000hbrt,6.2,mww
usb000hby6,5.5,mwb
usb000hcvg,5.5,mwb
usb000hdx2,6.1,mww
usb000i0ye,5.5,mww
usb000i181,5.7,mww
usb000i34l,5.7,mww
usb000i4re,6.1,mww
usb000i4rq,5.5,mwc
usb000i4td,5.5,mwb
usb000i52f,5.5,mwb
usb000i576,5.6,mww
usb000i5lc,5.8,mww
usb000i67t,5.7,mww
usb000i6rh,6.1,mww
usb000i7na,6.0,mww
usb000i89z,7.3,mww
usb000i8es,5.69,mw
usb000i8ey,6.6,mww
usb000i8n2,5.7,mww
usb000i8nx,5.7,mww
usb000i8xl,5.5,mwb
usb000ia6p,5.6,mwb
usb000ib4c,5.5,mwc
usb000ib4l,5.6,mwb
usb000ib5c,5.6,mwb
usb000ief4,5.8,mww
usb000ief9,7.3,mww
usb000if30,5.9,mww
usb000ifgq,5.7,mwb
usb000ifva,6.0,mww
usb000ih9z,5.5,mww
usb000ihl9,5.5,mwb
usb000ihqd,5.7,mww
usb000ihw9,5.5,mwb
usb000iim7,5.9,mww
usb000iivv,6.5,mww
usb000ije3,5.9,mww
usb000ijj6,6.3,mww
usb000ilce,5.9,mww
usb000itmf,6.0,mww
usb000iv4w,5.8,mww
usb000iv7t,5.5,mwb
usb000iv94,5.8,mww
usb000iw7z,5.6,mwb
usb000iwaz,5.8,mww
usb000iwi8,5.7,mww
usb000iwjv,5.7,mww
usb000j0t5,5.7,mww
usb000j0vl,6.0,mww
usb000j0yl,6.1,mww
usb000j0zb,5.5,mwc
usb000j10u,6.2,mww
usb000j25k,5.7,mww
usb000j275,6.7,mww
usb000j4iz,6.5,mww
usb000j4j6,5.5,mwr
usb000j4kk,5.9,mww
usb000j4n4,5.9,mww
usb000j5ki,6.1,mww
usb000j7zm,5.7,mww
usb000j83t,6.2,mww
usb000jaf4,5.8,mww
usb000jb6e,5.8,mww
usb000jbng,5.8,mww
usb000jcfu,6.2,mww
usb000jd4n,5.7,mww
usb000jdln,5.8,mww
usb000jdt7,7.0,mww
usb000je5n,5.6,mww
usb000je9f,6.0,mww
usb000je9l,5.5,mwc
usb000jelf,6.5,mww
usb000jesh,5.7,mww
usb000jey1,5.7,mww
usb000jez7,5.9,mww
usb000jg6b,6.1,mww
usb000jgci,5.5,mwr
usb000jgfc,6.5,mww
usb000jgfh,6.0,mww
usb000jgju,6.5,mww
usb000jgrq,5.8,mww
usb000jguu,5.7,mww
usb000jguz,6.0,mww
usb000ji6r,6.0,mww
usb000ji7f,5.6,mww
usb000jigi,5.9,mww
usb000jjek,5.5,mwb
usb000jjmy,5.9,mww
usb000jkmw,6.4,mww
usb000jmsl,5.6,mww
usb000jwly,5.7,mww
usb000jx0m,6.1,mww
usb000jx63,5.8,mww
usb000jy5l,5.5,mwc
usb000jyhd,5.5,mwb
usb000jyiv,7.7,mww
usb000jyj7,5.88,mw
usb000jykm,5.67,mw
usb000jyqj,5.76,mw
usb000jz8j,6.1,mww
usb000jz9d,5.5,mwc
usb000jzma,7.1,mww
usb000k036,5.5,mwb
usb000k1gb,6.8,mww
usb000k1il,5.5,mwc
usb000k2h2,6.5,mww
usb000k2it,5.5,mwc
usb000k3c1,6.7,mww
usb000k49t,5.7,mww
usb000k6nk,6.4,mww
usb000k7q5,6.0,mww
usb000k7s0,6.2,mww
usb000k8jm,5.7,mww
usb000kbbm,6.2,mww
usb000kbhi,6.0,mww
usb000kbn7,6.6,mww
usb000kbpa,5.5,mwc
usb000kbz3,5.5,mwb
usb000kccu,5.6,mwb
usb000kdb4,7.1,mww
usb000kdj3,5.6,mwb
usb000kdj6,5.7,mww
usb000kemb,6.8,mww
usb000khbc,6.6,mww
usb000khl5,5.6,mwc
usb000khrf,5.5,mwb
usb000kimr,5.5,mww
usb000kj1z,6.0,mwb
usb000kqnc,6.6,mww
usb000krjt,6.0,mww
usb000krlz,6.2,mww
usb000krm5,5.7,mwc
usb000krul,5.8,mww
usb000ks0p,5.6,mwb
usb000ks1g,5.9,mww
usb000ks54,5.5,mww
usb000ku2v,5.7,mww
usb000kukj,5.5,mwb
usb000kv0r,5.5,mwc
usb000kv5k,5.5,mwb
usb000kvca,5.6,mww
usb000kvke,5.6,mwb
usb000kw1x,6.4,mww
usb000kwl1,5.8,mww
usb000kxhr,6.1,mww
usb000kypf,5.5,mwb
usb000kznc,6.9,mww
usb000kzst,5.5,mwb
usb000kztl,5.7,mwb
usb000kzuj,5.5,mwb
usb000kzwy,5.5,mwc
usb000l0gq,7.7,mww
usb000l0mf,5.73,mw
usb000l0w2,5.33,mw
usb000l1hk,5.6,mww
usb000l219,6.0,mww
usb000l22e,5.9,mww
usb000l25i,6.0,mww
usb000l2j8,5.7,mwb
usb000l2rk,5.5,mwb
usb000l43r,5.6,mwb
usb000l4fr,5.75,mw
usb000l4ju,5.5,mww
usb000l4lf,5.8,mww
usb000l51g,6.5,mww
usb000l5z1,6.0,mww
usb000l5zb,5.62,mw
usb000l5zn,7.0,mww
usb000l633,6.0,mwc
usb000l6bt,5.5,mwb
usb000l6rl,5.5,mwb
usb000l7nt,5.8,mwb
usb000l8mb,6.4,mww
usb000l8n7,5.5,mww
usb000l8pb,6.0,mww
usb000l90p,5.6,mww
usb000l96n,5.5,mwb
usb000layi,5.6,mwb
usb000lb85,5.7,mww
usb000lds9,6.0,mww
usb000m225,5.5,mwb
usb000m4i4,6.1,mww
usb000m5ge,6.1,mww
usb000m635,5.5,mwc
usb000m668,5.6,mwb
usb000m6hr,5.5,mwb
usb000m6jc,5.8,mww
usb000m6jk,5.7,mwc
usb000m7wd,6.1,mww
usb000m8ch,6.1,mww
usb000m8x1,5.6,mwb
usb000mzef,6.2,mww
usb000mzlz,5.8,mww
usb000mzmn,6.5,mww
usb000mzqn,6.0,mww
usb000n0mp,5.7,mww
usb000n1ex,6.3,mww
usb000n1mk,5.6,mwb
usb000pkxl,6.8,mww
usb000pl8s,5.6,mwb
usb000pmkl,5.75,mw
usb000pngz,5.8,mwb
usb000pnw2,6.2,mww
usb000ppk1,5.6,mww
usb000pptc,6.1,mww
usb000pq41,7.2,mww
usb000pqfe,5.8,mwc
usb000pqwe,6.6,mww
usb000pr89,7.5,mww
usb000pr8t,5.67,mw
usb000prk0,5.8,mww
usb000prps,5.5,mwc
usb000prqv,6.2,mww
usb000prru,5.9,mwc
usb000prti,5.8,mww
usb000psg4,5.6,mww
usb000pt65,5.6,mwb
usb000px6r,6.5,mww
usb000py4w,5.9,mww
usb000q0ag,6.1,mww
usb000q0wi,5.7,mwc
usb000q5dt,5.7,mwb
usb000q66s,6.6,mww
usb000q6ba,5.9,mww
usb000q6w3,5.6,mwb
usb000q6wt,5.7,mww
usb000q6x6,5.6,mww
usb000q81w,5.6,mww
usb000q98a,6.6,mww
usb000q98e,6.3,mww
usb000q9sv,6.0,mww
usb000qack,6.1,mww
usb000qcg4,6.3,mww
usb000qcqe,6.0,mww
usb000qea2,6.4,mww
usb000qfct,5.9,mww
usb000qgt2,6.0,mww
usb000qhf5,5.9,mww
usb000qhnh,5.8,mww
usb000qi18,5.6,mww
usb000qjhh,6.5,mww
usb000qk64,6.5,mww
usb000ql65,5.89,mw
usb000qllq,5.6,mwc
usb000qlti,5.6,mww
usb000qn2z,6.1,mww
usb000qngw,6.3,mww
usb000qniy,6.3,mww
usb000qqbk,5.5,mww
usb000qqlq,5.9,mww
usb000qrc9,5.5,mww
usb000qsby,5.6,mww
usb000qsfc,5.7,mww
usb000qsz7,5.5,mwb
usb000qt4i,5.7,mwc
usb000qt4l,6.0,mww
usb000qt7u,5.6,mwb
usb000qt9y,5.6,mwc
usb000qteu,5.5,mwb
usb000qu45,5.8,mww
usb000qu81,5.5,mwb
usb000qvt4,5.7,mww
usb000qxnd,5.6,mww
usb000qxx2,5.8,mww
usb000qy82,6.0,mww
usb000qzb9,5.5,mwb
usb000r1y6,5.8,mww
usb000r209,5.7,mww
usb000r26g,5.5,mwc
usb000r2gj,5.7,mww
usb000r2hc,6.9,mww
usb000r2j9,5.9,mwc
usb000rgrw,5.7,mww
usb000rgsn,6.2,mww
usb000rh54,5.8,mww
usb000rrb8,5.8,mww
usb000rs50,6.5,mww
usb000rsej,5.6,mww
usb000rsf0,5.6,mww
usb000rsns,5.8,mww
usb000rsnz,5.5,mww
usb000rsqi,5.5,mww
usb000rsr5,6.3,mww
usb000rt2u,5.8,mww
usb000rt3b,5.7,mww
usb000rt5g,5.6,mww
usb000rtp6,6.0,mww
usb000rujq,6.2,mww
usb000ruks,6.0,mww
usb000ruu6,6.2,mww
usb000ruzk,6.9,mww
usb000rvum,5.6,mwc
usb000rwqe,5.6,mww
usb000rxjy,5.8,mwc
usb000rxni,6.0,mww
usb000rxuc,5.6,mww
usb000ry5u,5.6,mww
usb000ry8m,6.3,mww
usb000ry9u,6.0,mww
usb000ryg1,5.5,mwb
usb000rykv,5.9,mww
usb000ryuh,5.8,mww
usb000rz1n,5.6,mww
usb000rz1p,5.5,mww
usb000rzg0,5.5,mwb
usb000rzgn,5.6,mwb
usb000rzki,6.9,mww
usb000rzkl,5.87,mw
usb000rzlc,5.7,mww
usb000rzmg,6.2,mww
usb000s0r6,6.2,mww
usb000s1nc,6.1,mww
usb000s1pi,5.6,mwb
usb000s1qs,5.5,mww
usb000s1tp,5.5,mwc
usb000s1vq,5.5,mww
usb000s29m,5.6,mww
usb000s2b1,5.6,mww
usb000s3np,6.2,mww
usb000s3ph,5.6,mwb
usb000s3t7,6.0,mww
usb000s4if,5.6,mwb
usb000s4pb,5.5,mwb
usb000s4rb,5.5,mwb
usb000s4s2,5.9,mww
usb000s5dr,5.5,mwc
usb000s5lt,5.6,mww
usb000s5rc,6.4,mww
usb000s5w9,5.63,mw
usb000s5x1,6.8,mww
usb000s60y,5.5,mww
usb000s9jn,5.8,mww
usb000s9vv,6.1,mww
usb000s9wc,5.9,mww
usb000sa0z,6.2,mww
usb000sa3x,5.5,mww
usb000say6,6.2,mww
usb000sayt,5.9,mww
usb000sayv,5.45,mw
usb000scfz,5.5,mww
usb000scuj,5.5,mww
usb000scur,5.5,mww
usb000sdcr,6.7,mww
usb000sdtr,5.5,mwb
usb000seiy,5.12,mw
usb000sesb,5.5,mww
usb000seya,5.7,mww
usb000sf9a,5.5,mwc
usb000sfj5,6.2,mww
usb000sftz,6.1,mww
usb000sg5e,5.5,mwc
usb000sgu3,5.7,mwc
usb000sh06,5.6,mww
usb000shed,5.5,mwb
usb000shif,5.5,mwb
usb000shl2,6.0,mww
usb000si49,5.7,mww
usb000sicw,5.5,mww
usb000sif9,5.5,mwb
usb000sitc,5.6,mww
usb000siwy,5.5,mww
usb000sj6k,5.7,mww
usb000sjhk,5.5,mww
usb000sjim,6.1,mww
usb000sjt0,6.1,mww
usb000sjt5,5.6,mwc
usb000sk6k,7.0,mww
usb000sk6q,6.6,mww
usb000sk7e,5.7,mwc
usb000skff,5.7,mww
usb000skjd,5.6,mww
usb000skys,6.1,mww
usb000sl3m,5.5,mww
usb000sl82,5.6,mww
usb000slgy,5.8,mww
usb000slwn,7.3,mww
usb000slwz,5.96,mw
usb000smcv,5.5,mww
usb000smff,5.7,mww
usb000smn6,5.5,mww
usb000sp1f,5.8,mww
usb000sp4a,5.7,mwb
usb000sp80,5.6,mwb
usb000spms,5.6,mwb
usb000spn6,5.8,mww
usb000sqqu,5.7,mww
usb000squk,5.5,mwc
usb000sr1a,6.0,mww
usb000srnq,5.7,mww
usb000sy4s,5.6,mww
usb000sybr,5.6,mwb
usb000syg3,5.8,mww
usb000syhz,6.5,mww
usb000syy0,5.9,mww
usb000syza,6.2,mww
usb000sz38,5.6,mww
usb000sznl,5.6,mww
usb000szw2,5.6,mwb
usb000t08w,6.8,mww
usb000t098,5.68,mw
usb000t0pj,6.04,mw
usb000t15u,5.6,mww
usb000t18g,5.8,mww
usb000t1j2,5.7,mww
usb000t20t,6.6,mww
usb000t2cn,5.5,mwb
usb000tii2,5.7,mww
usb000tism,6.2,mww
usb000tnde,5.8,mwb
usb000tnlk,5.5,mwb
usb000tp5q,7.1,mww
usb000tp6y,6.2,mww
usb000tpuw,6.2,mww
usb000tpvj,6.7,mww
usb000tpy8,5.5,mwb
usb000tq2a,5.5,mww
usb000tq6v,5.5,mwb
usb000tq7i,5.5,mwc
usb000tq9f,6.1,mww
usc000ewcv,5.7,mww
usc000ewqq,6.1,mww
usc000eyp3,6.8,mww
usc000eyur,6.1,mww
usc000ez0w,6.1,mww
usc000ez11,5.8,mwc
usc000ez19,5.5,mwc
usc000ez22,5.5,mwc
usc000ezhu,5.8,mww
usc000ezil,6.0,mww
usc000ezv6,6.3,mww
usc000ezw4,6.4,mww
usc000ezyt,5.8,mww
usc000f03a,6.9,mww
usc000f056,5.58,mw
usc000f05y,6.0,mwb
usc000f1r5,6.0,mww
usc000f1s0,8.0,mww
usc000f1se,7.1,mww
usc000f1st,5.62,mw
usc000f1tb,5.56,mw
usc000f1tm,5.57,mw
usc000f1ts,7.0,mww
usc000f1vd,5.66,mw
usc000f1xk,5.64,mw
usc000f1xv,5.63,mw
usc000f23y,6.1,mwc
usc000f246,5.9,mwc
usc000f299,5.9,mwb
usc000f29g,6.0,mwb
usc000f2a4,5.8,mwc
usc000f2ap,6.0,mww
usc000f2bn,5.9,mwc
usc000f2d8,5.8,mwb
usc000f2db,5.43,mw
usc000f2pu,5.6,mwc
usc000f2ul,6.0,mww
usc000f31w,5.8,mww
usc000f329,5.8,mww
usc000f3fx,6.7,mww
usc000f3hb,5.8,mwc
usc000f3r7,5.5,mwb
usc000f3vv,5.5,mwb
usc000f3x8,6.8,mww
usc000f40d,5.8,mwc
usc000f40j,7.1,mww
usc000f42i,5.86,mw
usc000f42w,5.7,mwc
usc000f499,5.5,mwb
usc000f4e9,5.5,mwb
usc000f4ij,6.9,mww
usc000f4n5,6.6,mww
usc000f4qc,5.5,mwc
usc000f4rp,5.6,mwb
usc000f4ve,5.6,mwb
usc000f4zf,6.0,mww
usc000f5fa,5.7,mww
usc000f5mb,5.7,mww
usc000f6am,5.5,mww
usc000f6gj,5.38,mw
usc000f76f,6.6,mww
usc000f7mi,5.7,mww
usc000f8be,6.1,mww
usc000f8cd,5.8,mww
usc000f91p,5.5,mwb
usc000f91t,5.7,mww
usc000f9kb,5.5,mww
usc000f9p5,5.9,mww
usc000f9ra,5.5,mww
usc000fad1,5.7,mww
usc000faep,5.6,mww
usc000fbl2,6.1,mww
usc000fc4p,5.9,mww
usc000fc5f,5.9,mww
usc000fc75,5.6,mww
usc000fckr,5.5,mwb
usc000fd56,5.8,mww
usc000fdn6,5.7,mww
usc000fe8q,5.9,mww
usc000febi,6.9,mww
usc000fee8,5.8,mww
usc000fewp,6.4,mww
usc000feww,6.5,mww
usc000ffei,5.6,mww
usc000fga1,5.8,mww
usc000fgwh,5.5,mwb
usc000gp4q,5.5,mwb
usc000gpwn,6.0,mww
usc000gteu,5.7,mww
usc000gtvs,6.1,mww
usc000gtwf,5.5,mwc
usc000gudx,6.4,mww
usc000guh1,5.5,mwb
usc000gulu,5.8,mww
usc000gup1,5.5,mwb
usc000gv1n,5.5,mww
usc000gw27,6.8,mww
usc000gwpr,5.6,mww
usc000gx0q,5.5,mww
usc000gx2d,5.7,mww
usc000hi56,5.9,mww
usc000hib7,5.8,mww
usc000himm,5.6,mww
usc000hixy,5.19,mw
usc000hj3r,5.6,mww
usc000hpjj,5.6,mww
usc000hpsd,6.7,mww
usc000hrgh,6.0,mww
usc000hrl4,6.2,mww
usc000hrnr,6.5,mww
usc000hs0h,5.5,mwb
usc000hs1m,5.8,mww
usc000hs67,5.7,mww
usc000hsdj,6.0,mww
usc000hskz,5.6,mwb
usc000hutp,5.5,mwc
usc000hypt,5.7,mww
usc000hyr0,5.7,mww
usc000hzfk,6.6,mww
usc000ipje,6.1,mww
usc000iq6f,6.3,mww
usc000irjf,5.5,mwc
usc000jrid,6.1,mww
usc000jue6,5.9,mww
usc000juwv,6.1,mww
usc000km1j,5.5,mww
usc000kmfw,6.7,mww
usc000kn4n,7.1,mww
usc000kn6g,5.71,mw
usc000kndd,5.74,mw
usc000kp6n,5.5,mwb
usc000kqkf,5.9,mww
usc000kr9e,5.8,mww
usc000kr9k,6.2,mww
usc000ksdy,6.3,mww
usc000ljv7,5.6,mwb
usc000lkgy,5.5,mwb
usc000llbc,5.5,mwb
usc000llfs,5.8,mww
usc000lm19,5.5,mww
usc000lm7a,5.7,mwb
usc000lmmc,6.2,mww
usc000lnj6,5.7,mwb
usc000lpah,5.5,mwb
usc000lpdm,5.5,mwb
usc000lpw9,5.5,mwb
usc000lpxm,5.6,mwb
usc000lq71,5.6,mwb
usc000lq86,5.8,mww
usc000lt6s,5.6,mwb
usc000ltax,5.9,mww
usc000ltdl,5.8,mww
usc000ltdn,5.9,mww
usc000lte5,5.6,mwc
usc000ltnq,5.5,mww
usc000ltqk,5.7,mww
usc000luwe,5.7,mww
usc000lvb5,6.5,mww
usc000lwmk,5.7,mww
usc000lwp7,5.5,mwb
usc000lx2l,5.5,mwb
usc000lyi1,5.7,mwb
usc000lykc,5.7,mww
usc000lz8g,5.8,mww
usc000lzsc,5.6,mww
usc000m0xb,5.5,mwb
usc000m1w9,6.4,mww
usc000mcj6,5.6,mwb
usc000mcsn,5.6,mww
usc000mf4j,6.1,mww
usc000mfe4,5.7,mww
usc000mfm0,6.5,mww
usc000mfuh,6.0,mww
usc000mfvh,5.6,mww
usc000mgma,5.8,mww
usc000mij1,5.9,mww
usc000miql,5.5,mwb
usc000miyu,5.5,mwb
usc000mjye,6.5,mww
usc000ml4s,5.7,mww
usc000mlk4,6.0,mww
usc000mmb5,5.5,mwb
usc000mn0r,5.64,mw
usc000mnvj,6.9,mww
usc000mnzc,5.6,mww
usc000mp97,5.6,mww
usc000mqd1,5.6,mww
usc000mruf,5.5,mww
usc000msj8,5.6,mwc
usc000mskt,6.5,mww
usc000mslg,5.8,mwc
usc000mt6q,5.9,mww
usc000mwta,5.5,mwb
usc000mxls,5.6,mww
usc000mxmh,5.5,mwc
usc000mxmu,5.5,mwc
usc000mxn0,5.6,mwb
usc000myqq,6.1,mww
usc000mz3i,5.64,mw
usc000n3qp,5.6,mww
usc000n4rt,5.7,mww
usc000n62j,5.6,mww
usc000n65q,5.8,mww
usc000n6px,5.9,mww
usc000n7bm,6.4,mww
usc000n8ez,6.1,mww
usc000n9h2,5.6,mww
usc000nabv,6.3,mww
usc000nah5,5.5,mww
usc000nb99,5.5,mww
usc000nbsx,5.5,mwb
usc000ncbl,6.1,mww
usc000nd0c,6.3,mww
usc000ndnj,6.7,mww
usc000ndw9,6.4,mww
usc000ne4m,5.8,mwb
usc000ng3t,5.8,mww
usc000ngbm,5.8,mww
usc000ngte,5.8,mww
usc000ngya,5.8,mww
usc000nhe7,5.5,mww
usc000nitp,5.6,mww
usc000nj7v,5.8,mww
usc000njrq,6.4,mww
usc000njsg,5.64,mw
usc000nl0m,6.2,mww
usc000nl19,5.6,mww
usc000nlq5,5.9,mwb
usc000nm96,6.3,mww
usc000nmvq,5.7,mww
usc000nmwm,5.6,mww
usc000nn3h,5.7,mww
usc000nqnq,6.3,mww
usc000nqxt,5.5,mww
usc000nsgk,6.0,mww
usc000nu2x,5.7,mww
usc000numx,5.6,mww
usc000nunk,5.5,mww
usc000nvs8,5.9,mww
usc000nxi1,5.6,mww
usc000nxit,5.6,mww
usc000nzvd,8.2,mww
usc000nzwg,5.62,mw
usc000nzwm,6.9,mww
usc000nzx8,5.81,mw
usc000p08t,5.5,mwr
usc000p11f,6.0,mww
usc000p20r,5.5,mwb
usc000p26f,6.5,mww
usc000p27i,7.7,mww
usc000p27s,5.56,mw
usc000p28l,5.55,mw
usc000p2cs,6.4,mww
usc000p2la,5.7,mwb
usc000p4a9,6.3,mww
usc000p4ty,6.0,mww
usc000p5r9,5.6,mww
usc000p66r,5.6,mwb
usc000p8us,5.7,mww
usc000palw,5.6,mww
usc000pfd3,5.8,mwb
usc000pfgr,6.2,mww
usc000pft9,7.1,mww
usc000pfuy,6.5,mww
usc000pg0h,5.7,mwc
usc000pg3s,5.7,mww
usc000pgsi,6.6,mww
usc000phaj,6.1,mww
usc000phmh,5.8,mww
usc000phx5,7.6,mww
usc000phyt,6.02,mw
usc000pimf,5.6,mwc
usc000pimj,5.7,mwb
usc000pipx,5.5,mww
usc000piqj,7.4,mww
usc000piqp,5.79,mw
usc000pis3,5.73,mw
usc000pish,6.6,mww
usc000pjm1,5.8,mwb
usc000pjp0,5.6,mwb
usc000r8xg,5.9,mww
usc000r91r,5.5,mwc
usc000r948,5.7,mww
usc000r94c,5.6,mww
usc000r9g2,6.2,mww
usc000r9t0,5.7,mww
usc000rabr,5.6,mwc
usc000rbe3,5.9,mww
usc000rccx,5.5,mwc
usc000rcf1,5.5,mwc
usc000rche,5.5,mww
usc000rf9i,5.8,mww
usc000rff2,5.6,mww
usc000rfh2,6.5,mww
usc000rfj5,5.5,mww
usc000rfu7,5.5,mww
usc000rfv0,5.6,mww
usc000rfye,5.7,mww
usc000rj14,5.6,mww
usc000rj2s,5.8,mww
usc000rkg5,6.9,mww
usc000rkga,6.5,mwc
usc000rkhj,6.7,mwc
usc000rki5,7.9,mww
usc000rkii,6.21,mw
usc000rkij,5.72,mw
usc000rkjv,6.08,mw
usc000rkmt,5.58,mw
usc000rkn2,6.34,mw
usc000rknc,6.2,mw
usc000rksk,5.8,mw
usc000rkvn,6.3,mwb
usc000rkzn,5.7,mwb
usc000rm6k,5.75,mw
usc000rnfx,6.2,mww
usc000rngj,6.9,mww
usc000rnju,5.8,mwb
usc000rnjw,6.0,mwb
usc000rnk7,6.4,mww
usc000rnku,6.7,mww
usc000rnlc,5.9,mww
usc000rnx0,6.2,mww
usc000rpfu,6.0,mww
usc000rpu4,5.7,mww
usc000rpw8,5.8,mww
usc000rqae,5.7,mww
usc000rqbg,6.3,mww
usc000rqgl,5.5,mww
usc000rqgz,6.5,mww
usc000rqix,5.7,mww
usc000rqs7,6.0,mww
usc000rr1y,5.8,mww
usc000rr6a,6.9,mww
usc000rrl0,5.5,mwb
usc000rrmg,6.2,mww
usc000s7ew,5.6,mwb
usc000s7i5,5.9,mww
usc000s7q8,5.8,mww
usc000s7wh,5.8,mww
usc000s88k,5.5,mwb
usc000s8ny,5.5,mww
usc000s97b,5.8,mww
usc000s97i,5.5,mwc
usc000s98u,5.7,mww
usc000s9q5,5.9,mww
usc000s9v5,6.0,mww
usc000stbk,5.8,mww
usc000stbw,6.0,mww
usc000stdc,7.1,mww
usc000stig,6.0,mww
usc000stlj,5.5,mww
usc000stlt,6.3,mww
usc000sv89,5.5,mww
usc000sv94,6.6,mww
usc000svzi,5.9,mww
usc000svzn,5.6,mww
usc000sw4e,5.7,mww
usc000swj4,5.5,mwb
usc000swwj,6.0,mww
usc000swx1,5.5,mwb
usc000sxh8,7.1,mww
usc000sxhm,5.9,mww
usc000sxkt,5.5,mww
usc000sxye,6.7,mww
usc000sy0a,5.8,mww
usc000sy39,5.5,mwc
usc000sy62,6.1,mww
usc000syca,5.6,mww
usc000sycq,5.8,mww
usc000t440,5.6,mww
usc000t48q,5.6,mww
usc000t49v,6.0,mww
usc000t4bd,6.0,mww
usc000t4cz,6.6,mww
usc000t4dj,5.6,mwc
usc000t4ep,5.9,mww
usc000t4gc,6.1,mww
usc000t4iq,6.6,mww
usc000t4ix,5.82,mw
usc000t4qz,5.7,mww
usc000t5bu,6.1,mww
usc000t5jn,5.5,mwb
usc000t652,5.8,mww
usc000t7kd,5.9,mww
usc000t7za,5.5,mww
usc000t8gv,5.6,mww
usc000t8p4,5.9,mww
usc000t8vq,6.3,mww
usc000t91m,5.8,mww
usc000t9l4,5.5,mwb
usc000t9lm,5.9,mwb
usc000ta5d,5.9,mww
usc000taa1,5.5,mwb
usc000taik,6.1,mww
usc000takc,5.6,mww
usc000tauh,6.0,mww
usc000tawd,5.8,mww
usc000taxu,5.5,mwb
usc000tb8r,5.5,mwc
usc000tbve,5.6,mww
usc000tc8q,5.6,mwb
usc000tcba,6.5,mww
usc000td4a,5.7,mwb
usc000teeh,5.6,mww
usc000teil,5.5,mww
usc000tejf,5.9,mww
usc000tes3,5.5,mww
usc000tewz,5.6,mww
usc000tgsw,5.6,mww
usc000tgvb,5.5,mww
usc000tgw6,5.5,mww
usc000th1c,5.7,mww
usc000th7m,5.5,mww
usc000the9,5.5,mww
usc000thwt,5.7,mww
usc000tihy,6.8,mww
usc000tjzj,5.6,mwb
usc000tker,6.0,mww
usc000tkkw,5.5,mww
usc000tkqd,5.5,mwb
usc000tkqs,5.7,mww
usc000tksd,5.6,mwc
usc000tkwl,5.9,mww
usc000tkwv,6.3,mww
usc000tl6w,5.5,mww
usc000tlak,5.6,mwc
usc000tlgc,5.5,mwb
usc000tlun,5.7,mww
usc000tn7f,5.6,mwb
usc000tnz0,5.5,mww
usc000tp1s,6.7,mww
usc000trf9,6.4,mww
usc000trsc,6.2,mww
usc000ts49,6.0,mww
usc000tsa5,5.5,mww
usc000tsak,6.2,mww
usc000tski,5.8,mww
usc000tszg,5.7,mww
usc000tt0x,5.9,mww
usc000ttkd,7.0,mww
usc000ttnw,5.7,mww
usc000tu4z,5.6,mwb
usc000tu5z,5.5,mww
usc000tumx,6.1,mww
usc000tuyv,5.5,mwb
usc000tvgw,6.0,mww
usc000twdd,5.6,mww
usc000twg0,5.6,mww
usc000twp2,5.8,mww
usd0003cqx,6.1,mww
usd0005u42,5.7,mww
usd0007jx3,5.7,mww
usd0008ke6,5.6,mww
usd00090uc,6.0,mww
usd0009ffl,5.9,mww
usd000b35a,5.5,mww
usd000crm9,5.7,mww
usd000h551,6.0,mww
usd000j5jt,6.5,mww
usd00103xp,5.5,mww
usd00103xy,6.1,mww
usd00103y7,5.5,mww
usd00103z8,5.9,mww
usd001097k,5.5,mww
usd0010b4f,6.1,mww
usd0015e7p,5.5,mww
usd0015eay,5.5,mww
usd0015edq,5.8,mww
usp0000004,6.06,mw
usp000000m,5.53,mw
usp000000q,5.56,mw
usp000001h,6.58,mw
usp0000022,6.1,mw
usp000003e,6.01,mw
usp0000041,5.99,mw
usp0000042,5.88,mw
usp0000058,5.92,mw
usp0000067,5.96,mw
usp000006k,6.67,mw
usp000007k,5.49,mw
usp000008b,5.55,mw
usp000008d,6.37,mw
usp000008w,6.38,mw
usp00000aa,6.18,mw
usp00000ap,5.97,mw
usp00000bf,7.6,mw
usp00000bp,6.86,mw
usp00000bw,6.33,mw
usp00000dw,5.57,mw
usp00000dz,7.4,mw
usp00000eg,5.66,mw
usp00000ep,5.8,mw
usp00000ez,6.22,mw
usp00000g0,5.9,mw
usp00000g3,5.53,mw
usp00000gx,5.55,mw
usp00000gy,5.86,mw
usp00000h2,6.08,mw
usp00000hc,5.87,mw
usp00000hg,5.91,mw
usp00000hh,6.45,mw
usp00000jb,5.69,mw
usp00000jn,5.62,mw
usp00000jp,5.46,mw
usp00000ju,5.69,mw
usp00000k5,5.96,mw
usp00000kc,6.18,mw
usp00000m3,5.71,mw
usp00000ns,5.9,mw
usp00000pc,5.9,mw
usp00000py,6.5,mw
usp00000q5,6.14,mw
usp00000rx,7.5,mw
usp00000s0,5.55,mw
usp00000sg,5.55,mw
usp00000sj,5.55,mw
usp00000t9,5.51,mw
usp00000tu,6.22,mw
usp00000v3,5.56,mw
usp00000vj,5.81,mw
usp00000vx,6.36,mw
usp00000w5,5.1,mw
usp00000wh,5.5,mw
usp00000x3,5.62,mw
usp00000xg,5.72,mw
usp00000xh,5.84,mw
usp00000xw,6.26,mw
usp00000xz,5.78,mw
usp00000y8,5.92,mw
usp00000yc,5.92,mw
usp00000yr,6.39,mw
usp00000yv,5.51,mw
usp00000yx,5.69,mw
usp00000z5,6.12,mw
usp00000z7,7.33,mw
usp00000z9,5.85,mw
usp00000zj,6.56,mw
usp00000zy,6.1,mw
usp000010a,5.53,mw
usp000010d,5.79,mw
usp000011e,6.04,mw
usp000011p,5.7,mw
usp000011s,5.76,mw
usp000011u,6.06,mw
usp000012s,5.78,mw
usp000012t,5.7,mw
usp000012y,6.25,mw
usp0000139,5.81,mw
usp000013x,5.6,mw
usp000014v,6.1,mw
usp000015k,5.81,mw
usp0000168,6.1,mw
usp0000176,6.25,mw
usp000018m,6.04,mw
usp000018z,5.81,mw
usp000019p,6.6,mw
usp000019y,6.44,mw
usp00001a8,5.51,mw
usp00001ag,6.4,mw
usp00001aj,5.58,mw
usp00001ak,5.92,mw
usp00001be,5.7,mw
usp00001bv,5.7,mw
usp00001ch,6.2,mw
usp00001d9,6.64,mw
usp00001dp,5.62,mw
usp00001e4,5.64,mw
usp00001eb,6.3,mw
usp00001eg,5.72,mw
usp00001ht,5.51,mw
usp00001hv,5.63,mw
usp00001hw,6.39,mw
usp00001jj,5.54,mw
usp00001jy,6.16,mw
usp00001ma,5.68,mw
usp00001nx,5.87,mw
usp00001p3,5.9,mw
usp00001pw,5.9,mw
usp00001q2,5.81,mw
usp00001q8,5.75,mw
usp00001qp,5.37,mw
usp00001st,5.71,mw
usp00001t4,5.99,mw
usp00001tu,5.71,mw
usp00001tx,5.56,mw
usp00001us,5.51,mw
usp00001v6,5.57,mw
usp00001we,5.72,mw
usp00001xw,6.01,mw
usp00001yp,6.17,mw
usp00001yr,5.92,mw
usp00001yv,5.69,mw
usp00001z7,5.76,mw
usp00001zx,6.1,mw
usp0000200,6.36,mw
usp000020b,5.5,mw
usp0000215,6.2,mw
usp000022b,5.67,mw
usp000022k,6.39,mw
usp000022m,6.47,mw
usp000022t,5.84,mw
usp000023t,6.49,mw
usp000024q,6.45,mw
usp000025a,5.62,mw
usp000025c,5.64,mw
usp000025f,5.84,mw
usp000025p,5.72,mw
usp0000260,6.32,mw
usp0000263,6.06,mw
usp0000268,5.73,mw
usp000026a,5.86,mw
usp000026k,5.66,mw
usp0000270,7.8,mw
usp0000271,6.27,mw
usp000027s,5.6,mw
usp000027t,5.77,mw
usp000027w,5.65,mw
usp000027x,5.76,mw
usp0000282,5.86,mw
usp0000283,5.67,mw
usp0000284,6.28,mw
usp000028k,5.75,mw
usp000028v,5.97,mw
usp0000293,5.81,mw
usp0000294,6.21,mw
usp00002a1,5.92,mw
usp00002az,6.37,mw
usp00002b7,5.55,mw
usp00002bb,5.65,mw
usp00002be,5.53,mw
usp00002bv,7.53,mw
usp00002bw,6.14,mw
usp00002bx,5.73,mw
usp00002c2,6.2,mw
usp00002cg,5.64,mw
usp00002cx,5.72,mw
usp00002d3,5.38,mw
usp00002dt,6.16,mw
usp00002dx,6.88,mw
usp00002dy,5.77,mw
usp00002eu,5.73,mw
usp00002fa,5.54,mw
usp00002fb,5.62,mw
usp00002g9,6.83,mw
usp00002gy,5.78,mw
usp00002h0,5.91,mw
usp00002h1,6.59,mw
usp00002he,6.2,mw
usp00002j5,5.81,mw
usp00002j6,5.56,mw
usp00002jv,6.38,mw
usp00002k3,5.88,mw
usp00002mb,5.6,mw
usp00002n2,5.53,mw
usp00002nq,5.51,mw
usp00002pd,5.91,mw
usp00002q7,6.6,mw
usp00002qg,5.6,mw
usp00002qz,5.64,mw
usp00002r5,5.91,mw
usp00002rp,5.63,mw
usp00002rx,5.85,mw
usp00002sb,6.04,mw
usp00002sr,6.3,mw
usp00002uk,5.53,mw
usp00002uq,6.04,mw
usp00002vy,5.5,mw
usp00002w1,5.87,mw
usp00002wg,5.9,mw
usp00002wp,6.0,mw
usp00002wt,5.66,mw
usp00002x3,5.61,mw
usp00002xp,5.99,mw
usp00002xr,6.53,mw
usp00002y0,6.09,mw
usp00002y4,6.96,mw
usp00002yd,5.93,mw
usp00002zv,5.51,mw
usp00002zy,5.64,mw
usp0000306,5.89,mw
usp000030w,6.3,mw
usp000030z,6.19,mw
usp0000311,6.13,mw
usp0000316,6.52,mw
usp000031c,5.84,mw
usp000031n,5.46,mw
usp000031p,5.86,mw
usp000031r,6.13,mw
usp000032a,5.8,mw
usp000032p,6.0,mw
usp000032q,5.77,mw
usp0000338,6.04,mw
usp000033c,5.42,mw
usp000033e,6.04,mw
usp0000344,6.35,mw
usp000034u,5.52,mw
usp000035f,6.18,mw
usp000035r,5.9,mw
usp0000363,5.89,mw
usp000036a,5.88,mw
usp000036n,5.84,mw
usp000036s,6.05,mw
usp0000375,5.5,mw
usp0000385,5.77,mw
usp000038k,7.05,mw
usp000038s,6.83,mw
usp000039e,5.87,mw
usp000039k,6.28,mw
usp000039m,5.65,mw
usp00003b1,5.71,mw
usp00003b8,6.44,mw
usp00003bn,5.86,mw
usp00003bu,5.8,mw
usp00003bx,5.78,mw
usp00003c8,5.7,mw
usp00003c9,5.67,mw
usp00003ch,5.6,mw
usp00003cr,6.28,mw
usp00003d4,6.65,mw
usp00003dk,6.22,mw
usp00003dx,5.48,mw
usp00003eq,5.63,mw
usp00003f6,5.67,mw
usp00003fk,5.88,mw
usp00003fm,6.34,mw
usp00003g4,6.53,mw
usp00003g9,6.2,mw
usp00003ga,6.12,mw
usp00003gh,5.78,mw
usp00003gq,5.8,mw
usp00003hg,5.56,mw
usp00003j0,5.68,mw
usp00003jg,6.38,mw
usp00003k5,5.48,mw
usp00003kh,5.5,mw
usp00003kr,7.73,mw
usp00003m8,5.83,mw
usp00003mt,5.79,mw
usp00003n7,5.83,mw
usp00003nm,5.35,mw
usp00003pf,6.81,mw
usp00003pg,6.13,mw
usp00003pm,6.13,mw
usp00003qs,6.85,mw
usp00003ry,6.3,mw
usp00003sv,6.2,mw
usp00003uv,5.7,mw
usp00003v6,6.03,mw
usp00003v9,5.55,mw
usp00003xh,5.83,mw
usp00003xk,6.61,mw
usp00003zh,5.75,mw
usp000040h,5.63,mw
usp000041a,6.0,mw
usp000041k,5.5,mw
usp000041q,5.79,mw
usp0000422,5.57,mw
usp000042a,5.67,mw
usp000042d,6.41,mw
usp000042j,6.39,mw
usp0000431,6.25,mw
usp000043j,5.62,mw
usp000043n,5.75,mw
usp0000444,5.95,mw
usp0000447,5.73,mw
usp000044m,6.01,mw
usp0000451,5.62,mw
usp0000456,5.81,mw
usp000045r,5.73,mw
usp0000464,5.96,mw
usp0000468,5.7,mw
usp000046x,5.9,mw
usp000046y,6.4,mw
usp0000471,5.87,mw
usp000047y,5.7,mw
usp0000499,5.65,mw
usp000049d,5.37,mw
usp000049m,6.07,mw
usp00004aq,5.76,mw
usp00004b3,6.07,mw
usp00004bf,5.95,mw
usp00004bj,5.68,mw
usp00004bn,5.98,mw
usp00004c6,5.57,mw
usp00004c8,6.33,mw
usp00004cu,6.01,mw
usp00004d0,6.2,mw
usp00004d1,6.32,mw
usp00004df,5.78,mw
usp00004dg,5.39,mw
usp00004f8,5.82,mw
usp00004fs,6.02,mw
usp00004fu,5.63,mw
usp00004ga,6.77,mw
usp00004gb,5.61,mw
usp00004gw,5.77,mw
usp00004hz,5.58,mw
usp00004jy,5.58,mw
usp00004k5,6.2,mw
usp00004k7,6.62,mw
usp00004my,6.06,mw
usp00004nv,5.48,mw
usp00004p7,6.77,mw
usp00004p9,7.46,mw
usp00004pa,5.76,mw
usp00004pc,5.6,mw
usp00004pp,5.71,mw
usp00004pt,5.8,mw
usp00004py,6.9,mw
usp00004q8,6.08,mw
usp00004q9,5.52,mw
usp00004qb,6.27,mw
usp00004r3,6.31,mw
usp00004r4,6.71,mw
usp00004rd,5.71,mw
usp00004sg,7.04,mw
usp00004sk,5.9,mw
usp00004su,5.7,mw
usp00004t7,5.37,mw
usp00004tg,6.52,mw
usp00004ud,5.58,mw
usp00004um,5.6,mw
usp00004uz,5.81,mw
usp00004vb,6.1,mw
usp00004vu,6.7,mw
usp00004vx,5.76,mw
usp00004wm,6.24,mw
usp00004x8,6.33,mw
usp00004xn,5.56,mw
usp00004xp,5.72,mw
usp00004xs,5.71,mw
usp00004xz,5.77,mw
usp00004yg,5.66,mw
usp00004yj,5.92,mw
usp00004yr,5.61,mw
usp00004z5,5.67,mw
usp0000507,5.93,mw
usp0000510,6.4,mw
usp000051f,6.0,mw
usp000051m,6.31,mw
usp000052c,5.59,mw
usp000052u,5.65,mw
usp0000530,6.35,mw
usp0000538,6.05,mw
usp000053d,5.72,mw
usp000053h,7.3,mw
usp000053r,7.4,mw
usp000053y,5.89,mw
usp0000540,5.62,mw
usp000054j,5.71,mw
usp000054z,5.56,mw
usp0000552,5.92,mw
usp0000555,5.8,mw
usp0000557,5.94,mw
usp000055h,6.05,mw
usp000055k,5.86,mw
usp000055m,5.56,mw
usp000056v,6.52,mw
usp000057g,5.65,mw
usp0000582,5.96,mw
usp0000594,5.6,mw
usp000059q,5.71,mw
usp000059w,6.0,mw
usp000059y,5.46,mw
usp00005an,6.1,mw
usp00005ap,6.12,mw
usp00005b0,5.77,mw
usp00005bf,6.41,mw
usp00005br,5.55,mw
usp00005cg,6.6,mw
usp00005dd,5.78,mw
usp00005ds,5.71,mw
usp00005du,5.62,mw
usp00005ed,5.69,mw
usp00005er,6.46,mw
usp00005f2,6.38,mw
usp00005fv,5.98,mw
usp00005g5,6.1,mw
usp00005gk,5.58,mw
usp00005h4,6.08,mw
usp00005hf,6.3,mw
usp00005hz,5.68,mw
usp00005jg,6.44,mw
usp00005jh,6.32,mw
usp00005jy,5.76,mw
usp00005k5,5.59,mw
usp00005k6,6.09,mw
usp00005kt,5.5,mw
usp00005mh,5.98,mw
usp00005na,5.51,mw
usp00005nr,6.18,mw
usp00005px,5.57,mw
usp00005q7,5.7,mw
usp00005q9,7.01,mw
usp00005qa,5.69,mw
usp00005qj,6.2,mw
usp00005qu,5.78,mw
usp00005qy,5.4,mw
usp00005ry,5.84,mw
usp00005s7,5.9,mw
usp00005sx,5.83,mw
usp00005th,5.7,mw
usp00005ub,5.92,mw
usp00005uq,5.55,mw
usp00005vv,5.46,mw
usp00005w2,5.6,mw
usp00005x8,5.2,mw
usp00005y7,5.32,mw
usp0000604,5.53,mw
usp000060p,5.55,mw
usp000060t,5.76,mw
usp0000618,5.82,mw
usp000061d,5.92,mw
usp000061v,5.22,mw
usp000063m,5.53,mw
usp000063x,5.92,mw
usp000063z,6.11,mw
usp000065t,5.59,mw
usp0000677,5.64,mw
usp000067p,5.45,mw
usp000067s,5.76,mw
usp000067y,5.4,mw
usp000068b,5.88,mw
usp000068j,6.08,mw
usp0000694,6.4,mw
usp000069b,5.35,mw
usp000069f,6.21,mw
usp000069m,6.12,mw
usp000069p,6.7,mw
usp000069r,6.3,mw
usp000069z,6.5,mw
usp00006a4,6.0,mw
usp00006ac,5.71,mw
usp00006an,5.79,mw
usp00006b8,5.65,mw
usp00006bb,5.62,mw
usp00006bc,6.2,mw
usp00006cw,6.4,mw
usp00006dj,5.87,mw
usp00006dr,6.08,mw
usp00006ds,6.0,mw
usp00006dw,6.36,mw
usp00006ge,6.2,mw
usp00006gn,5.76,mw
usp00006hf,5.95,mw
usp00006hr,5.48,mw
usp00006kc,6.3,mw
usp00006m9,5.86,mw
usp00006mr,6.7,mw
usp00006nr,6.0,mw
usp00006ns,5.5,mw
usp00006nz,6.1,mw
usp00006p6,6.04,mw
usp00006pw,5.73,mw
usp00006qz,6.1,mw
usp00006r1,5.65,mw
usp00006rt,5.8,mw
usp00006s3,5.79,mw
usp00006s7,5.72,mw
usp00006sz,5.81,mw
usp00006ub,6.05,mw
usp00006v0,5.94,mw
usp00006vj,6.04,mw
usp00006vm,5.9,mw
usp00006vz,5.6,mw
usp00006w2,5.9,mw
usp00006w5,5.62,mw
usp00006wc,6.6,mw
usp00006wu,5.69,mw
usp00006x2,6.45,mw
usp00006x9,5.98,mw
usp00006yk,5.84,mw
usp00006z6,5.9,mw
usp00006zb,5.6,mw
usp00006zm,7.3,mw
usp0000700,6.8,mw
usp0000708,6.55,mw
usp000070w,5.79,mw
usp000071d,6.29,mw
usp000072y,7.1,mw
usp0000737,5.65,mw
usp000074f,5.76,mw
usp000074v,5.53,mw
usp0000754,5.79,mw
usp0000771,6.13,mw
usp0000777,5.59,mw
usp000077p,5.74,mw
usp0000796,5.53,mw
usp0000799,6.06,mw
usp000079m,5.53,mw
usp000079s,6.09,mw
usp00007ae,5.6,mw
usp00007as,5.7,mw
usp00007bj,6.68,mw
usp00007c9,6.33,mw
usp00007cc,6.48,mw
usp00007cw,7.0,mw
usp00007e2,6.13,mw
usp00007e3,6.23,mw
usp00007ee,5.71,mw
usp00007er,5.92,mw
usp00007fr,5.72,mw
usp00007gn,5.98,mw
usp00007ha,6.43,mw
usp00007hd,5.72,mw
usp00007hu,5.46,mw
usp00007j0,6.98,mw
usp00007j9,5.75,mw
usp00007js,5.5,mw
usp00007jt,5.8,mw
usp00007jy,6.04,mw
usp00007km,6.13,mw
usp00007ky,5.78,mw
usp00007m0,5.66,mw
usp00007m4,5.63,mw
usp00007me,5.56,mw
usp00007mp,5.57,mw
usp00007mz,5.7,mw
usp00007nb,5.98,mw
usp00007nz,6.9,mw
usp00007q5,5.63,mw
usp00007r2,5.88,mw
usp00007rg,5.93,mw
usp00007rr,5.8,mw
usp00007s6,6.07,mw
usp00007te,5.7,mw
usp00007tj,5.73,mw
usp00007vh,5.96,mw
usp00007wc,5.41,mw
usp00007wt,6.03,mw
usp00007wu,5.62,mw
usp00007xa,5.7,mw
usp00007xu,5.66,mw
usp00007y0,5.69,mw
usp00007yk,5.81,mw
usp00007yp,6.61,mw
usp00007yv,5.45,mw
usp00007yw,6.06,mw
usp00007z8,5.7,mw
usp00007zu,5.56,mw
usp0000807,5.49,mw
usp000080t,5.5,mw
usp000080z,5.85,mw
usp000081t,5.63,mw
usp0000823,5.38,mw
usp000082s,5.76,mw
usp0000838,5.65,mw
usp000083p,5.86,mw
usp000083s,5.6,mw
usp000083u,5.56,mw
usp0000840,6.27,mw
usp0000842,5.8,mw
usp000084t,6.0,mw
usp000085y,6.19,mw
usp0000860,6.3,mw
usp0000861,5.77,mw
usp0000862,6.9,mw
usp000087r,6.0,mw
usp000087z,5.72,mw
usp0000888,8.1,mw
usp0000898,5.84,mw
usp00008af,6.24,mw
usp00008aq,6.9,mw
usp00008b5,6.68,mw
usp00008bh,6.38,mw
usp00008bj,6.66,mw
usp00008bu,6.08,mw
usp00008c0,6.2,mw
usp00008cj,6.27,mw
usp00008d3,5.6,mw
usp00008dg,5.97,mw
usp00008dr,5.88,mw
usp00008e5,5.47,mw
usp00008eb,7.0,mw
usp00008ef,5.63,mw
usp00008ej,5.47,mw
usp00008fp,5.56,mw
usp00008ga,5.77,mw
usp00008gd,5.83,mw
usp00008gh,6.28,mw
usp00008gm,5.33,mw
usp00008hc,5.47,mw
usp00008hm,7.11,mw
usp00008jd,5.68,mw
usp00008jf,5.98,mw
usp00008kr,6.74,mw
usp00008ma,6.14,mw
usp00008nj,5.88,mw
usp00008qm,6.28,mw
usp00008qy,7.8,mw
usp00008r3,6.41,mw
usp00008r6,6.16,mw
usp00008rg,5.6,mw
usp00008rj,5.69,mw
usp00008rx,5.61,mw
usp00008s2,5.63,mw
usp00008s9,6.01,mw
usp00008sb,5.83,mw
usp00008td,5.89,mw
usp00008tg,5.63,mw
usp00008ud,5.7,mw
usp00008uh,5.98,mw
usp00008uk,6.16,mw
usp00008um,5.76,mw
usp00008uv,6.93,mw
usp00008uz,5.84,mw
usp00008y2,5.67,mw
usp00008y5,7.09,mw
usp00008y6,5.75,mw
usp00008z3,5.64,mw
usp00008z4,6.17,mw
usp00008zj,6.4,mw
usp00008zv,6.72,mw
usp000090a,6.61,mw
usp0000916,6.0,mw
usp000092k,5.56,mw
usp000093r,5.87,mw
usp000094e,5.5,mw
usp0000950,6.03,mw
usp000095g,6.06,mw
usp0000965,6.01,mw
usp000096v,6.17,mw
usp000097a,5.84,mw
usp000097s,6.84,mw
usp0000982,6.16,mw
usp000099f,6.0,mw
usp00009a1,5.55,mw
usp00009a2,5.92,mw
usp00009b0,6.17,mw
usp00009bd,6.16,mw
usp00009by,5.63,mw
usp00009c7,6.38,mw
usp00009cb,5.85,mw
usp00009ce,5.5,mw
usp00009cp,5.55,mw
usp00009ds,5.58,mw
usp00009e4,6.09,mw
usp00009g6,6.07,mw
usp00009gg,5.85,mw
usp00009gy,6.1,mw
usp00009gz,6.6,mw
usp00009h9,5.96,mw
usp00009hc,5.5,mw
usp00009hv,6.4,mw
usp00009hw,5.75,mw
usp00009j4,5.76,mw
usp00009jd,6.8,mw
usp00009jf,6.05,mw
usp00009k0,6.07,mw
usp00009kk,5.36,mw
usp00009mg,6.16,mw
usp00009nh,6.59,mw
usp00009pz,5.77,mw
usp00009rw,5.82,mw
usp00009ry,7.1,mw
usp00009s2,5.63,mw
usp00009sf,5.6,mw
usp00009ss,7.0,mw
usp00009tb,5.53,mw
usp00009tx,6.6,mw
usp00009ut,5.91,mw
usp00009xt,5.98,mw
usp00009y5,6.04,mw
usp00009zk,5.93,mw
usp00009zr,6.63,mw
usp0000a05,6.84,mw
usp0000a09,5.75,mw
usp0000a0a,5.74,mw
usp0000a0c,5.79,mw
usp0000a12,5.79,mw
usp0000a1h,5.7,mw
usp0000a1r,5.66,mw
usp0000a1x,5.74,mw
usp0000a28,6.1,mw
usp0000a2b,5.88,mw
usp0000a2z,5.6,mw
usp0000a3w,5.56,mw
usp0000a44,6.59,mw
usp0000a4b,5.84,mw
usp0000a4c,5.46,mw
usp0000a4m,5.71,mw
usp0000a50,6.16,mw
usp0000a7a,6.81,mw
usp0000a7g,6.47,mw
usp0000a7w,5.72,mw
usp0000a92,5.63,mw
usp0000a93,5.93,mw
usp0000a9e,5.62,mw
usp0000a9h,6.1,mw
usp0000a9n,5.63,mw
usp0000a9y,6.57,mw
usp0000a9z,6.0,mw
usp0000abg,6.6,mw
usp0000abn,5.34,mw
usp0000abr,5.56,mw
usp0000ac3,6.19,mw
usp0000acv,6.1,mw
usp0000ad1,5.5,mw
usp0000ad8,6.07,mw
usp0000adt,5.82,mw
usp0000aec,5.65,mw
usp0000af4,5.62,mw
usp0000af5,5.59,mw
usp0000afu,5.76,mw
usp0000afz,5.6,mw
usp0000ag4,6.14,mw
usp0000ag5,5.95,mw
usp0000ag6,6.16,mw
usp0000aga,5.78,mw
usp0000agh,6.6,mw
usp0000agk,6.65,mw
usp0000ahp,5.77,mw
usp0000aj4,6.57,mw
usp0000aja,5.48,mw
usp0000ajq,5.96,mw
usp0000aju,6.31,mw
usp0000ak1,5.62,mw
usp0000ak2,5.68,mw
usp0000akg,6.06,mw
usp0000aks,5.83,mw
usp0000amw,6.59,mw
usp0000ana,5.87,mw
usp0000aq6,6.43,mw
usp0000aq9,6.29,mw
usp0000as4,6.27,mw
usp0000atz,6.1,mw
usp0000au1,5.31,mw
usp0000aug,5.77,mw
usp0000aup,5.44,mw
usp0000av5,5.23,mw
usp0000aww,5.88,mw
usp0000axa,5.9,mw
usp0000axk,5.84,mw
usp0000axt,6.18,mw
usp0000ayw,5.65,mw
usp0000az2,5.91,mw
usp0000az9,7.3,mw
usp0000azg,5.91,mw
usp0000b0w,6.31,mw
usp0000b1g,5.51,mw
usp0000b1w,5.56,mw
usp0000b2v,5.98,mw
usp0000b35,5.6,mw
usp0000b3s,6.05,mw
usp0000b52,6.4,mw
usp0000b5c,5.69,mw
usp0000b5w,5.77,mw
usp0000b67,5.93,mw
usp0000b6d,5.81,mw
usp0000b6e,7.8,mw
usp0000b6t,5.38,mw
usp0000b72,5.77,mw
usp0000b7e,5.76,mw
usp0000b7r,5.79,mw
usp0000b8a,6.07,mw
usp0000b8b,5.64,mw
usp0000b9w,5.5,mw
usp0000ba4,5.96,mw
usp0000ba9,6.1,mw
usp0000bax,5.78,mw
usp0000bb7,5.72,mw
usp0000bbc,6.05,mw
usp0000bbd,5.93,mw
usp0000bbk,5.96,mw
usp0000bdj,5.58,mw
usp0000bdp,7.5,mw
usp0000bdr,5.58,mw
usp0000bdv,6.69,mw
usp0000bdx,6.56,mw
usp0000bdy,6.18,mw
usp0000bgh,5.98,mw
usp0000bgu,7.4,mw
usp0000bhr,5.67,mw
usp0000bj6,5.9,mw
usp0000bjg,6.53,mw
usp0000bjz,5.94,mw
usp0000bk0,6.76,mw
usp0000bk1,5.79,mw
usp0000bk5,5.67,mw
usp0000bk8,5.9,mw
usp0000bm9,6.38,mw
usp0000bn8,5.62,mw
usp0000bpv,6.31,mw
usp0000bq9,6.6,mw
usp0000bqs,5.97,mw
usp0000br9,5.6,mw
usp0000brx,5.47,mw
usp0000bsb,5.86,mw
usp0000btt,7.1,mw
usp0000buf,6.03,mw
usp0000bwe,5.7,mw
usp0000bwg,5.56,mw
usp0000bxg,5.54,mw
usp0000bxp,5.96,mw
usp0000bxv,6.4,mw
usp0000bxy,6.97,mw
usp0000by4,6.03,mw
usp0000byv,7.3,mw
usp0000bz0,5.99,mw
usp0000bz5,6.26,mw
usp0000bz6,5.62,mw
usp0000bzc,5.99,mw
usp0000bzd,5.93,mw
usp0000c01,5.6,mw
usp0000c07,6.2,mw
usp0000c0t,6.15,mw
usp0000c1h,5.68,mw
usp0000c1z,5.93,mw
usp0000c24,7.6,mw
usp0000c2s,7.3,mw
usp0000c2t,5.57,mw
usp0000c35,6.18,mw
usp0000c39,5.86,mw
usp0000c3d,6.45,mw
usp0000c3f,6.76,mw
usp0000c3y,5.09,mw
usp0000c3z,5.5,mw
usp0000c48,5.5,mw
usp0000c4b,5.7,mw
usp0000c4h,5.85,mw
usp0000c4p,6.08,mw
usp0000c58,5.71,mw
usp0000c5q,5.76,mw
usp0000c5y,5.62,mw
usp0000c6x,5.53,mw
usp0000c70,5.81,mw
usp0000c7f,5.3,mw
usp0000c7y,6.1,mw
usp0000c7z,6.02,mw
usp0000c80,5.4,mw
usp0000c8g,5.7,mw
usp0000c8h,5.8,mw
usp0000c8j,5.88,mw
usp0000c9r,6.32,mw
usp0000cas,6.1,mw
usp0000cbv,5.93,mw
usp0000cc1,5.75,mw
usp0000cc3,6.27,mw
usp0000ccc,5.92,mw
usp0000cd1,5.62,mw
usp0000ce0,6.49,mw
usp0000ce6,5.71,mw
usp0000cee,5.71,mw
usp0000cet,5.81,mw
usp0000cfr,5.7,mw
usp0000cfs,5.53,mw
usp0000cfw,6.81,mw
usp0000cg3,5.79,mw
usp0000cg8,5.66,mw
usp0000cgh,5.73,mw
usp0000chc,5.88,mw
usp0000chs,5.8,mw
usp0000cj4,5.93,mw
usp0000cju,5.9,mw
usp0000ck0,5.99,mw
usp0000ck1,6.18,mw
usp0000ckz,5.75,mw
usp0000cm3,5.84,mw
usp0000cn0,5.7,mw
usp0000cpa,5.88,mw
usp0000cpc,5.62,mw
usp0000cpf,5.54,mw
usp0000cqe,6.6,mw
usp0000crm,5.62,mw
usp0000crq,5.62,mw
usp0000cs5,6.0,mw
usp0000csc,5.65,mw
usp0000cts,6.15,mw
usp0000cv1,5.89,mw
usp0000cv9,5.44,mw
usp0000cva,6.3,mw
usp0000cvk,6.05,mw
usp0000cvq,5.81,mw
usp0000cx7,5.73,mw
usp0000cx8,6.23,mw
usp0000cxf,6.07,mw
usp0000cxk,6.1,mw
usp0000cy1,5.6,mw
usp0000cy6,5.61,mw
usp0000czs,6.2,mw
usp0000d04,5.65,mw
usp0000d0h,6.11,mw
usp0000d0m,6.95,mw
usp0000d0n,6.18,mw
usp0000d0p,5.62,mw
usp0000d0x,5.88,mw
usp0000d18,6.5,mw
usp0000d1c,5.53,mw
usp0000d1f,5.89,mw
usp0000d1h,6.45,mw
usp0000d1n,5.55,mw
usp0000d1v,6.04,mw
usp0000d21,5.5,mw
usp0000d2p,7.02,mw
usp0000d2r,5.66,mw
usp0000d2u,5.76,mw
usp0000d2v,6.8,mw
usp0000d2x,5.65,mw
usp0000d3v,5.67,mw
usp0000d3w,5.28,mw
usp0000d42,7.6,mw
usp0000d44,6.39,mw
usp0000d48,6.22,mw
usp0000d4n,5.66,mw
usp0000d4y,5.52,mw
usp0000d5n,6.47,mw
usp0000d5y,5.84,mw
usp0000d78,6.27,mw
usp0000d7q,6.27,mw
usp0000d7x,6.4,mw
usp0000d87,5.94,mw
usp0000d8a,6.15,mw
usp0000da1,6.2,mw
usp0000dab,6.13,mw
usp0000daq,6.31,mw
usp0000db2,5.71,mw
usp0000db4,5.53,mw
usp0000dba,6.11,mw
usp0000dbc,5.56,mw
usp0000dbf,5.82,mw
usp0000dc1,7.5,mw
usp0000dcv,5.89,mw
usp0000dcw,6.7,mw
usp0000dd2,6.1,mw
usp0000dda,5.6,mw
usp0000dea,5.68,mw
usp0000df9,5.78,mw
usp0000dfs,5.72,mw
usp0000dfv,5.72,mw
usp0000dgd,6.04,mw
usp0000dh2,5.61,mw
usp0000dh9,5.66,mw
usp0000dj8,5.56,mw
usp0000dku,5.95,mw
usp0000dkz,6.31,mw
usp0000dmk,5.5,mw
usp0000dna,5.86,mw
usp0000dnc,5.93,mw
usp0000dnd,5.66,mw
usp0000dnp,5.93,mw
usp0000dnx,5.73,mw
usp0000dp6,5.75,mw
usp0000dq0,5.64,mw
usp0000dq6,6.03,mw
usp0000dqe,6.13,mw
usp0000drb,5.69,mw
usp0000ds7,5.93,mw
usp0000dsp,5.81,mw
usp0000dt0,6.41,mw
usp0000dta,5.58,mw
usp0000dty,5.53,mw
usp0000du7,5.76,mw
usp0000du9,5.71,mw
usp0000duc,5.9,mw
usp0000duq,5.88,mw
usp0000dv8,5.81,mw
usp0000dvc,6.2,mw
usp0000dw4,5.79,mw
usp0000dw6,5.9,mw
usp0000dwz,5.6,mw
usp0000dx9,5.78,mw
usp0000dy9,6.35,mw
usp0000dyb,6.01,mw
usp0000dyj,5.63,mw
usp0000dyz,5.86,mw
usp0000e01,6.81,mw
usp0000e1d,5.71,mw
usp0000e1f,5.93,mw
usp0000e2c,6.9,mw
usp0000e2t,7.7,mw
usp0000e3m,6.03,mw
usp0000e46,5.88,mw
usp0000e47,5.77,mw
usp0000e4m,6.2,mw
usp0000e4x,6.49,mw
usp0000e68,5.88,mw
usp0000e7f,7.3,mwc
usp0000e7q,5.82,mw
usp0000e7z,5.82,mw
usp0000e9p,5.75,mw
usp0000e9y,5.7,mwc
usp0000eaj,6.1,mwc
usp0000eap,6.18,mw
usp0000eau,5.6,mw
usp0000eav,5.62,mw
usp0000ebm,6.26,mw
usp0000ebs,5.88,mw
usp0000ecd,5.7,mw
usp0000ecf,6.3,mwc
usp0000ecn,5.58,mw
usp0000edq,6.3,mwc
usp0000ee5,5.89,mw
usp0000ee6,7.8,mwc
usp0000ee7,7.9,mwc
usp0000ee8,5.71,mw
usp0000eek,6.4,mwc
usp0000eeq,5.38,mw
usp0000ees,5.33,mw
usp0000ef3,6.1,mwc
usp0000ef4,6.36,mw
usp0000ef7,5.62,mw
usp0000efa,5.65,mw
usp0000efn,5.9,mwc
usp0000egs,5.67,mw
usp0000ehr,6.35,mw
usp0000ehz,5.81,mw
usp0000ej2,5.63,mw
usp0000ej5,5.48,mw
usp0000ekj,7.2,mwc
usp0000ekk,5.92,mw
usp0000ekm,5.79,mw
usp0000ekn,5.81,mw
usp0000ekq,5.9,mw
usp0000ema,6.1,mw
usp0000en0,5.8,mw
usp0000en3,6.05,mw
usp0000ep4,6.7,mwc
usp0000epc,5.91,mw
usp0000eq7,6.2,mwc
usp0000eqq,6.44,mw
usp0000ers,5.83,mw
usp0000ert,5.3,mwc
usp0000erz,5.21,mw
usp0000es5,5.58,mw
usp0000esg,6.13,mw
usp0000et1,5.54,mw
usp0000eun,5.62,mw
usp0000ev1,5.53,mw
usp0000ev3,5.88,mw
usp0000evu,5.99,mw
usp0000evw,5.76,mw
usp0000ewk,6.5,mw
usp0000ewt,5.78,mw
usp0000ewv,5.8,mwc
usp0000ex3,7.5,mwc
usp0000exr,5.63,mw
usp0000exy,5.8,mw
usp0000ey3,5.79,mw
usp0000eyn,6.0,mwc
usp0000eyq,5.71,mw
usp0000eza,5.91,mw
usp0000f03,5.8,mw
usp0000f09,5.81,mw
usp0000f0q,5.96,mw
usp0000f12,6.1,mw
usp0000f19,5.71,mw
usp0000f1d,5.33,mw
usp0000f1k,5.94,mw
usp0000f1m,6.16,mw
usp0000f1q,5.8,mwc
usp0000f1x,5.64,mw
usp0000f1y,6.02,mw
usp0000f2a,5.87,mw
usp0000f2f,6.5,mwc
usp0000f2x,6.0,mwc
usp0000f3r,5.85,mw
usp0000f3x,5.77,mw
usp0000f4c,5.86,mw
usp0000f4w,5.59,mw
usp0000f5a,5.81,mw
usp0000f5n,5.5,mwc
usp0000f5t,5.85,mw
usp0000f5y,6.08,mw
usp0000f6e,6.37,mw
usp0000f6k,6.0,mwc
usp0000f84,5.63,mw
usp0000f8q,5.9,mwc
usp0000f9r,5.31,mw
usp0000fa8,5.7,mwc
usp0000fac,6.9,mwc
usp0000fb2,5.62,mw
usp0000fb7,5.65,mw
usp0000fbw,6.1,mwc
usp0000fc7,6.26,mw
usp0000fcy,6.2,mw
usp0000fe4,6.2,mwc
usp0000fh3,5.86,mw
usp0000fha,6.08,mw
usp0000fht,5.5,mw
usp0000fk9,7.0,mwc
usp0000fkb,5.68,mw
usp0000fmn,6.13,mw
usp0000fna,6.02,mw
usp0000fng,5.81,mw
usp0000fnt,5.62,mw
usp0000fpc,5.88,mw
usp0000fpg,6.6,mwc
usp0000fps,5.3,mw
usp0000fqz,5.99,mw
usp0000fr7,5.61,mw
usp0000fra,5.81,mw
usp0000fsa,5.63,mw
usp0000fsd,5.77,mw
usp0000fsf,5.21,mw
usp0000fsm,6.4,mwc
usp0000fst,5.55,mw
usp0000fsy,5.63,mw
usp0000ft0,6.6,mwc
usp0000ft1,6.1,mwc
usp0000ftt,6.6,mwc
usp0000ftv,5.72,mw
usp0000fu2,5.3,mwc
usp0000fu8,6.34,mw
usp0000fv0,5.62,mw
usp0000fvz,5.84,mw
usp0000fw1,6.0,mwc
usp0000fy4,5.68,mw
usp0000fyc,5.84,mw
usp0000fyp,5.53,mw
usp0000fz3,5.73,mw
usp0000g09,5.6,mwc
usp0000g0w,5.79,mw
usp0000g15,5.51,mw
usp0000g1x,5.93,mw
usp0000g2w,5.63,mw
usp0000g34,6.1,mwc
usp0000g3h,5.48,mw
usp0000g4e,5.68,mw
usp0000g4v,5.58,mw
usp0000g52,6.5,mwc
usp0000g54,5.95,mw
usp0000g59,7.0,mwc
usp0000g5v,6.5,mwc
usp0000g70,5.5,mw
usp0000g8h,6.18,mw
usp0000g8k,5.71,mw
usp0000g9d,5.8,mw
usp0000g9f,5.81,mw
usp0000g9g,5.9,mwc
usp0000g9k,6.3,mwc
usp0000g9n,6.4,mwc
usp0000gb2,5.93,mw
usp0000gb9,5.74,mw
usp0000gbp,5.59,mw
usp0000gc6,6.7,mwc
usp0000gcg,5.61,mw
usp0000gcj,6.7,mwc
usp0000gd8,6.4,mwc
usp0000gdv,5.98,mw
usp0000ged,6.12,mw
usp0000gef,5.76,mw
usp0000geu,6.1,mw
usp0000gey,6.01,mw
usp0000gf6,5.68,mw
usp0000gfg,6.08,mw
usp0000gfr,6.29,mw
usp0000gg7,6.2,mw
usp0000ggg,5.87,mw
usp0000ggp,5.83,mw
usp0000ggv,6.22,mw
usp0000ghf,5.93,mw
usp0000gm6,6.7,mwc
usp0000gm8,6.6,mwc
usp0000gmt,5.68,mw
usp0000gmu,6.1,mwc
usp0000gnp,6.1,mwc
usp0000gp3,5.51,mw
usp0000gq2,5.96,mw
usp0000gq6,5.86,mw
usp0000gq8,7.1,mwc
usp0000gqk,5.7,mw
usp0000gqn,5.58,mw
usp0000gr0,6.3,mwc
usp0000gr3,5.95,mw
usp0000gra,5.78,mw
usp0000gs3,6.5,mwc
usp0000gs7,6.4,mwc
usp0000gsk,5.81,mw
usp0000gsx,5.88,mw
usp0000gt7,5.69,mw
usp0000gt8,5.68,mw
usp0000guk,5.71,mw
usp0000gv7,5.91,mw
usp0000gvb,5.86,mw
usp0000gw3,6.4,mwc
usp0000gwm,5.93,mw
usp0000gxk,5.2,mwc
usp0000gxx,5.85,mw
usp0000gy5,5.8,mw
usp0000gy7,5.69,mw
usp0000gys,6.4,mwc
usp0000gyx,6.1,mw
usp0000gzb,7.0,mwc
usp0000gzr,5.64,mw
usp0000h0t,5.96,mw
usp0000h10,5.5,mw
usp0000h15,5.64,mw
usp0000h1j,5.61,mw
usp0000h1p,7.1,mwc
usp0000h1q,6.09,mw
usp0000h24,6.5,mwc
usp0000h30,5.7,mw
usp0000h48,6.2,mwc
usp0000h4s,5.53,mw
usp0000h53,5.7,mw
usp0000h6u,5.91,mw
usp0000h8q,6.12,mw
usp0000h98,6.7,mwc
usp0000h9b,5.73,mw
usp0000h9g,7.3,mwc
usp0000h9h,5.58,mw
usp0000hb9,5.78,mw
usp0000hbg,6.5,mwc
usp0000hbk,5.7,mw
usp0000hcr,5.81,mw
usp0000hcv,5.8,mw
usp0000hdc,6.6,mwc
usp0000hef,5.93,mw
usp0000heg,5.93,mw
usp0000hf6,6.1,mwc
usp0000hgf,6.04,mw
usp0000hgq,5.63,mw
usp0000hhf,5.5,mwc
usp0000hhh,6.3,mwc
usp0000hjg,7.6,mwc
usp0000hk6,7.0,mwc
usp0000hke,6.3,mwc
usp0000hkf,5.72,mw
usp0000hkk,5.9,mwc
usp0000hkq,6.2,mwc
usp0000hn4,6.4,mwc
usp0000hpm,6.9,mwc
usp0000hqp,5.57,mw
usp0000hr1,5.8,mw
usp0000hsc,5.69,mw
usp0000hsq,5.8,mw
usp0000htk,5.58,mw
usp0000htq,6.36,mw
usp0000htr,5.9,mwc
usp0000hv8,6.7,mwc
usp0000hvb,8.0,mwc
usp0000hvg,5.65,mw
usp0000hvv,5.83,mw
usp0000hw0,6.0,mwc
usp0000hw4,7.1,mwc
usp0000hw6,5.53,mw
usp0000hwd,5.67,mw
usp0000hx4,5.83,mw
usp0000hxr,5.93,mw
usp0000hyj,5.67,mw
usp0000hys,5.58,mw
usp0000hyv,5.67,mw
usp0000hze,6.3,mwc
usp0000hzv,6.3,mwc
usp0000hzy,5.62,mw
usp0000j0j,6.0,mw
usp0000j0p,6.4,mwc
usp0000j0r,5.96,mw
usp0000j1g,5.65,mw
usp0000j1s,5.87,mw
usp0000j39,5.47,mw
usp0000j3d,5.81,mw
usp0000j45,6.2,mw
usp0000j4y,5.86,mw
usp0000j5a,5.89,mw
usp0000j73,5.48,mw
usp0000j86,5.51,mw
usp0000j8y,5.63,mw
usp0000j95,5.86,mw
usp0000j9f,5.85,mw
usp0000jav,5.7,mw
usp0000jbc,5.25,mw
usp0000jd1,5.9,mw
usp0000jd8,5.94,mw
usp0000jda,5.72,mw
usp0000jdc,6.21,mw
usp0000jdj,6.0,mwc
usp0000jdt,5.96,mw
usp0000jex,6.0,mw
usp0000jg1,5.53,mw
usp0000jgu,5.6,mw
usp0000jgz,5.79,mw
usp0000jj3,6.0,mwc
usp0000jjd,5.8,mw
usp0000jjg,5.59,mw
usp0000jjw,5.62,mw
usp0000jkk,5.71,mw
usp0000jm0,5.76,mw
usp0000jpp,5.7,mwc
usp0000jq7,6.6,mwc
usp0000jqe,5.55,mw
usp0000jqk,5.25,mw
usp0000jqu,5.79,mw
usp0000jr5,5.79,mw
usp0000jrc,5.62,mw
usp0000jrg,5.63,mw
usp0000js5,6.3,mwc
usp0000jsc,5.7,mw
usp0000jsh,5.7,mw
usp0000jtj,5.86,mw
usp0000ju1,5.46,mw
usp0000juq,5.9,mwc
usp0000jxa,5.94,mw
usp0000jyb,5.73,mw
usp0000jzy,5.63,mw
usp0000k0e,5.84,mw
usp0000k21,5.87,mw
usp0000k3d,6.8,mwc
usp0000k46,5.81,mw
usp0000k4s,5.75,mw
usp0000k52,5.98,mw
usp0000k5e,6.6,mwc
usp0000k5g,5.8,mw
usp0000k5m,5.62,mw
usp0000k5x,5.6,mw
usp0000k7d,6.3,mwc
usp0000k7t,6.0,mwc
usp0000k82,5.58,mw
usp0000k85,6.8,mwc
usp0000k87,5.73,mw
usp0000k8j,6.2,mwc
usp0000k8x,5.95,mw
usp0000k97,5.66,mw
usp0000k9f,5.75,mw
usp0000kat,5.8,mw
usp0000kb9,6.4,mwc
usp0000kby,6.2,mwc
usp0000kc6,5.54,mw
usp0000kcn,6.4,mwc
usp0000kcr,6.5,mwc
usp0000kdw,5.74,mw
usp0000ke3,5.1,mwc
usp0000ke4,5.8,mwc
usp0000kem,5.65,mw
usp0000kf0,7.0,mwc
usp0000kf2,5.63,mw
usp0000kf8,5.62,mw
usp0000kfq,6.5,mwc
usp0000kfv,5.77,mw
usp0000kgs,5.52,mw
usp0000khb,5.9,mwc
usp0000kjc,7.5,mwc
usp0000kkc,5.8,mw
usp0000kmh,5.62,mw
usp0000kmj,5.55,mw
usp0000knf,5.77,mw
usp0000knp,6.14,mw
usp0000kph,6.03,mw
usp0000kps,5.85,mw
usp0000kq4,5.57,mw
usp0000kq6,5.88,mw
usp0000kqj,6.02,mw
usp0000kqr,6.42,mw
usp0000kr6,5.8,mw
usp0000krp,6.4,mwc
usp0000krs,5.88,mw
usp0000ks2,5.65,mw
usp0000ks9,5.54,mw
usp0000kt9,5.68,mw
usp0000ku5,5.56,mw
usp0000kuu,5.58,mw
usp0000kv9,6.7,mwc
usp0000kvh,5.77,mw
usp0000kw5,5.79,mw
usp0000kwv,5.92,mw
usp0000kx8,5.79,mw
usp0000kyd,5.8,mw
usp0000kz5,6.05,mw
usp0000m10,5.9,mwc
usp0000m11,6.3,mwc
usp0000m14,6.0,mwc
usp0000m1d,6.3,mwc
usp0000m2e,5.1,mwc
usp0000m2s,5.85,mw
usp0000m2u,6.8,mwc
usp0000m39,5.56,mw
usp0000m3f,5.4,mwc
usp0000m3k,5.7,mwc
usp0000m3u,6.0,mwc
usp0000m4u,5.4,mwc
usp0000m5c,5.9,mwc
usp0000m6a,5.5,mwc
usp0000m6b,5.8,mw
usp0000m78,5.8,mwc
usp0000m7k,5.9,mwc
usp0000m7m,6.8,mwc
usp0000m7t,6.1,mwc
usp0000m88,5.8,mwc
usp0000m8j,6.2,mwc
usp0000m9n,6.0,mwc
usp0000maa,5.9,mwc
usp0000mbj,5.5,mwc
usp0000mbk,5.8,mwc
usp0000mcc,5.8,mwc
usp0000mcs,5.8,mw
usp0000mcx,5.7,mwc
usp0000me4,6.0,mwc
usp0000mf1,5.1,mwc
usp0000mfa,6.7,mwc
usp0000mfp,6.3,mwc
usp0000mfx,5.8,mwc
usp0000mh3,6.1,mwc
usp0000mhz,5.91,mw
usp0000mj7,5.9,mwc
usp0000mk4,5.13,mw
usp0000mk9,6.0,mwc
usp0000mks,5.55,mw
usp0000mky,6.0,mwc
usp0000mm8,6.1,mwc
usp0000mmh,6.0,mwc
usp0000mmw,6.8,mwc
usp0000mq4,5.7,mwc
usp0000mqf,5.7,mwc
usp0000mqh,6.1,mwc
usp0000mrq,5.5,mwc
usp0000ms1,5.37,mw
usp0000msb,5.7,mwc
usp0000mse,6.4,mwc
usp0000mtc,7.5,mwc
usp0000mth,5.68,mw
usp0000mty,5.7,mwc
usp0000mum,5.8,mwc
usp0000mup,5.5,mwc
usp0000muw,5.73,mw
usp0000mux,6.1,mwc
usp0000mv9,6.9,mwc
usp0000mvc,5.5,mwc
usp0000mw0,5.8,mwc
usp0000mxe,6.2,mwc
usp0000mxn,6.0,mwc
usp0000myv,7.2,mwc
usp0000mz8,5.53,mw
usp0000mzr,5.7,mwc
usp0000mzv,5.53,mw
usp0000n00,6.1,mwc
usp0000n0z,5.7,mwc
usp0000n1c,6.7,mwc
usp0000n1k,6.1,mwc
usp0000n1r,6.0,mwc
usp0000n25,5.9,mwc
usp0000n2n,5.5,mwc
usp0000n2s,6.2,mwc
usp0000n2t,5.3,mw
usp0000n31,6.1,mwc
usp0000n38,5.5,mwc
usp0000n3g,5.74,mw
usp0000n4d,6.1,mwc
usp0000n4k,5.6,mwc
usp0000n5b,6.1,mwc
usp0000n7h,5.4,mwc
usp0000n7n,5.9,mwc
usp0000n80,5.86,mw
usp0000n82,7.3,mwc
usp0000n8u,6.1,mwc
usp0000n94,5.9,mwc
usp0000n9n,6.0,mwc
usp0000na2,5.59,mw
usp0000naf,6.1,mwc
usp0000nb9,5.5,mwc
usp0000nc2,5.2,mwc
usp0000nd5,5.4,mwc
usp0000nfs,5.7,mwc
usp0000ng6,5.4,mwc
usp0000nga,5.7,mwc
usp0000ngd,6.8,mwc
usp0000ngg,7.2,mwc
usp0000ngh,7.1,mwc
usp0000ngk,6.3,mw
usp0000ngn,5.73,mw
usp0000ngr,5.61,mw
usp0000ngu,6.56,mw
usp0000nh4,7.3,mwc
usp0000nh7,5.88,mw
usp0000nhd,6.08,mw
usp0000nhk,5.83,mw
usp0000njb,6.0,mwc
usp0000njd,5.5,mwc
usp0000nk1,5.3,mwc
usp0000nqd,5.45,mw
usp0000nqj,5.4,mwc
usp0000nr0,5.9,mwc
usp0000nu2,5.4,mwc
usp0000nu8,5.2,mwc
usp0000nur,5.7,mwc
usp0000nus,5.9,mwc
usp0000nvg,6.5,mwc
usp0000nvx,5.9,mwc
usp0000nvz,5.84,mw
usp0000nws,5.6,mwc
usp0000nz1,5.3,mwc
usp0000nz3,5.6,mwc
usp0000nz5,5.6,mwc
usp0000nz9,6.1,mwc
usp0000p0b,5.5,mwc
usp0000p0g,5.3,mwc
usp0000p0j,6.3,mwc
usp0000p11,6.3,mwc
usp0000p2a,6.1,mwc
usp0000p2j,5.7,mwc
usp0000p2p,5.3,mwc
usp0000p3a,6.3,mwc
usp0000p3t,5.6,mwc
usp0000p46,5.6,mwc
usp0000p4v,6.1,mwc
usp0000p58,5.9,mwc
usp0000p59,6.1,mwc
usp0000p76,5.8,mwc
usp0000p83,5.66,mw
usp0000p9e,5.7,mwc
usp0000p9f,5.9,mwc
usp0000pa2,5.8,mwc
usp0000pb0,6.2,mwc
usp0000pb9,5.3,mwc
usp0000pc8,6.1,mwc
usp0000pcc,5.9,mwc
usp0000pcf,5.8,mwc
usp0000pdx,8.0,mwc
usp0000pen,5.7,mwc
usp0000pf3,5.1,mwc
usp0000pfa,5.2,mwc
usp0000phb,5.7,mwc
usp0000phc,5.8,mwc
usp0000phf,5.9,mwc
usp0000phn,5.62,mw
usp0000pht,6.2,mwc
usp0000pjx,6.1,mwc
usp0000pkg,6.3,mwc
usp0000pmg,5.9,mwc
usp0000pmk,6.2,mwc
usp0000pmy,5.5,mwc
usp0000pnh,5.6,mw
usp0000pnk,5.2,mwc
usp0000pns,6.0,mwc
usp0000pnu,5.8,mwc
usp0000pp7,5.4,mwc
usp0000ppm,5.5,mwc
usp0000pq5,5.5,mwc
usp0000pqk,5.33,mw
usp0000pr3,5.8,mwc
usp0000pr6,5.7,mwc
usp0000pry,5.64,mw
usp0000ps3,5.4,mwc
usp0000ptq,6.9,mwc
usp0000pts,6.8,mwc
usp0000pue,6.1,mwc
usp0000pux,6.4,mwc
usp0000px4,7.1,mwc
usp0000pye,5.7,mwc
usp0000pz9,5.9,mwc
usp0000q0c,5.7,mwc
usp0000q0g,6.0,mwc
usp0000q10,5.7,mwc
usp0000q1k,5.3,mwc
usp0000q1v,6.7,mwc
usp0000q22,5.7,mwc
usp0000q2e,5.3,mwc
usp0000q3e,5.7,mw
usp0000q3f,6.1,mwc
usp0000q49,5.62,mw
usp0000q5j,5.7,mwc
usp0000q61,5.7,mwc
usp0000q64,6.17,mw
usp0000q66,5.59,mw
usp0000q6d,5.71,mw
usp0000q6g,6.03,mw
usp0000q6w,5.84,mw
usp0000q6x,5.9,mwc
usp0000q6z,5.8,mwc
usp0000q73,6.1,mwc
usp0000q75,6.3,mwc
usp0000q76,5.59,mw
usp0000q77,6.01,mw
usp0000q7d,6.3,mwc
usp0000q7q,6.6,mwc
usp0000q84,5.5,mwc
usp0000q8j,5.8,mw
usp0000q8q,5.2,mwc
usp0000q8r,5.6,mwc
usp0000q8s,5.57,mw
usp0000q9k,5.5,mwc
usp0000qat,6.3,mwc
usp0000qaz,5.5,mw
usp0000qba,6.0,mwc
usp0000qbd,7.2,mwc
usp0000qbf,5.52,mw
usp0000qbn,7.0,mwc
usp0000qbu,5.52,mw
usp0000qcc,5.8,mwc
usp0000qch,5.8,mwc
usp0000qcw,6.3,mwc
usp0000qdr,5.49,mw
usp0000qdu,6.5,mwc
usp0000qeq,5.2,mwc
usp0000qf3,5.5,mwc
usp0000qf8,6.2,mwc
usp0000qfz,6.6,mwc
usp0000qg0,6.6,mwc
usp0000qg5,5.72,mw
usp0000qg8,6.7,mwc
usp0000qg9,5.52,mw
usp0000qga,6.6,mwc
usp0000qgk,5.8,mwc
usp0000qgy,5.63,mw
usp0000qh0,5.3,mwc
usp0000qhd,5.6,mwc
usp0000qhe,5.5,mwc
usp0000qhg,5.8,mwc
usp0000qhw,5.5,mwc
usp0000qj0,5.5,mwc
usp0000qjx,5.5,mwc
usp0000qjy,5.7,mwc
usp0000qk8,5.7,mwc
usp0000qkc,5.8,mwc
usp0000qmb,6.1,mwc
usp0000qnc,6.1,mwc
usp0000qpk,6.2,mwc
usp0000qq5,5.4,mwc
usp0000qqe,6.2,mwc
usp0000qqp,5.5,mwc
usp0000qrh,5.5,mwc
usp0000qrm,5.8,mwc
usp0000qru,6.3,mwc
usp0000qse,5.8,mwc
usp0000qsj,5.4,mwc
usp0000qt4,5.6,mwc
usp0000qta,6.1,mwc
usp0000qua,5.71,mw
usp0000qv4,5.9,mwc
usp0000qv9,5.7,mwc
usp0000qvs,5.9,mwc
usp0000qwa,5.59,mw
usp0000qwy,5.8,mwc
usp0000qx0,5.5,mwc
usp0000qx3,5.73,mw
usp0000qx5,5.2,mwc
usp0000qx6,5.5,mwc
usp0000qxp,6.0,mwc
usp0000qxq,5.5,mwc
usp0000qxw,6.4,mwc
usp0000qxz,5.52,mw
usp0000qy3,6.0,mwc
usp0000qy4,6.0,mwc
usp0000qy7,5.6,mwc
usp0000qya,5.9,mwc
usp0000qyh,5.4,mwc
usp0000qyw,5.9,mwc
usp0000qz2,5.6,mwc
usp0000qz8,5.4,mwc
usp0000qzg,7.3,mwc
usp0000r08,5.4,mwc
usp0000r0u,5.8,mwc
usp0000r1g,6.1,mwc
usp0000r1n,5.7,mwc
usp0000r23,5.9,mwc
usp0000r2d,5.5,mwc
usp0000r2m,6.2,mwc
usp0000r2y,5.7,mwc
usp0000r34,7.0,mwc
usp0000r3v,5.6,mwc
usp0000r3z,5.5,mwc
usp0000r4k,5.5,mwc
usp0000r55,5.61,mw
usp0000r6a,6.7,mwc
usp0000r6m,5.8,mwc
usp0000r79,5.5,mwc
usp0000r7p,5.6,mwc
usp0000r7t,5.7,mwc
usp0000r7w,5.51,mw
usp0000r9c,5.4,mwc
usp0000r9p,6.1,mwc
usp0000r9v,5.6,mwc
usp0000ra0,5.8,mwc
usp0000ra3,6.2,mwc
usp0000rbf,5.3,mwc
usp0000rc6,6.8,mwc
usp0000rct,5.6,mwc
usp0000rcy,6.0,mwc
usp0000rdc,5.6,mw
usp0000rdu,5.7,mwc
usp0000re3,5.5,mwc
usp0000rjn,5.4,mwc
usp0000rjp,5.55,mw
usp0000rjq,5.7,mwc
usp0000rk7,6.4,mwc
usp0000rka,6.1,mwc
usp0000rku,5.6,mwc
usp0000rmv,6.0,mwc
usp0000rmz,5.8,mwc
usp0000rnn,6.3,mwc
usp0000rnp,5.55,mw
usp0000rp1,7.4,mwc
usp0000rp2,6.36,mw
usp0000rp5,5.71,mw
usp0000rp8,5.76,mw
usp0000rpb,5.96,mw
usp0000rpq,5.89,mw
usp0000rps,6.0,mwc
usp0000rq5,5.53,mw
usp0000rq9,5.91,mw
usp0000rqa,5.78,mw
usp0000rqb,6.02,mw
usp0000rr2,5.6,mwc
usp0000rr3,5.84,mw
usp0000rre,5.56,mw
usp0000rsp,5.4,mwc
usp0000rtb,6.0,mwc
usp0000rth,5.8,mwc
usp0000rtn,5.8,mwc
usp0000ruc,5.4,mwc
usp0000rue,5.6,mwc
usp0000run,6.1,mwc
usp0000ruz,5.57,mw
usp0000rvk,5.8,mwc
usp0000rwb,6.0,mwc
usp0000rwd,5.6,mwc
usp0000rx5,6.0,mwc
usp0000rxe,6.1,mwc
usp0000ry4,6.0,mwc
usp0000ry5,5.7,mwc
usp0000rya,5.64,mw
usp0000ryj,5.9,mwc
usp0000ryk,6.0,mwc
usp0000rzn,6.0,mwc
usp0000rzx,5.3,mwc
usp0000s0c,5.5,mwc
usp0000s0x,5.4,mwc
usp0000s1h,6.4,mwc
usp0000s1w,5.4,mwc
usp0000s25,5.5,mwc
usp0000s2h,5.6,mwc
usp0000s3b,5.7,mwc
usp0000s3r,5.5,mwc
usp0000s4a,5.8,mwc
usp0000s4q,5.9,mwc
usp0000s58,5.9,mwc
usp0000s5f,5.7,mwc
usp0000s5h,5.67,mw
usp0000s5w,6.5,mwc
usp0000s5z,6.01,mw
usp0000s67,5.6,mwc
usp0000s6c,5.4,mwc
usp0000s6f,6.0,mwc
usp0000s6k,5.7,mwc
usp0000s77,6.1,mwc
usp0000s79,6.56,mw
usp0000s83,5.6,mwc
usp0000s8t,6.6,mwc
usp0000s9x,5.8,mwc
usp0000s9z,5.9,mwc
usp0000sa7,6.16,mw
usp0000sb5,5.5,mwc
usp0000sc5,5.2,mwc
usp0000scj,6.1,mwc
usp0000se7,5.7,mwc
usp0000sg0,6.0,mwc
usp0000sge,6.6,mwc
usp0000sgs,5.6,mwc
usp0000sgu,6.3,mwc
usp0000sh4,5.8,mwc
usp0000shf,6.2,mwc
usp0000sjx,6.0,mwc
usp0000sm3,5.6,mwc
usp0000sm5,5.6,mwc
usp0000sme,5.4,mwc
usp0000snt,6.0,mwc
usp0000sp5,5.86,mw
usp0000sp9,6.1,mwc
usp0000spx,6.6,mwc
usp0000sqa,5.4,mwc
usp0000sr5,6.4,mwc
usp0000sr8,5.78,mw
usp0000srb,5.3,mwc
usp0000srr,6.0,mwc
usp0000sru,5.4,mwc
usp0000ss1,5.9,mwc
usp0000ss6,5.3,mwc
usp0000st0,5.55,mw
usp0000st9,6.1,mwc
usp0000stv,5.8,mwc
usp0000suy,6.4,mwc
usp0000sv1,5.6,mwc
usp0000sv7,5.7,mwc
usp0000sve,6.0,mwc
usp0000sw0,5.6,mwc
usp0000swb,7.0,mwc
usp0000swd,5.59,mw
usp0000swj,6.04,mw
usp0000swz,6.2,mwc
usp0000sx0,5.34,mw
usp0000sx3,6.3,mwc
usp0000sxa,5.4,mwc
usp0000sxx,5.8,mwc
usp0000szg,5.63,mw
usp0000szx,5.6,mwc
usp0000t0a,5.4,mwc
usp0000t0c,5.5,mwc
usp0000t0h,5.3,mwc
usp0000t0y,5.62,mw
usp0000t1m,6.0,mwc
usp0000t1u,5.5,mwc
usp0000t22,6.5,mwc
usp0000t2p,5.4,mwc
usp0000t2u,6.21,mw
usp0000t2v,6.8,mw
usp0000t2x,6.2,mwc
usp0000t37,6.3,mwc
usp0000t3g,5.8,mwc
usp0000t3j,6.0,mwc
usp0000t4b,5.6,mwc
usp0000t4w,5.7,mwc
usp0000t5g,6.0,mwc
usp0000t5q,5.8,mwc
usp0000t6w,5.7,mwc
usp0000t7b,6.28,mw
usp0000t7c,6.0,mwc
usp0000t7k,6.1,mwc
usp0000t7u,6.2,mwc
usp0000t8g,6.0,mwc
usp0000t8k,5.7,mwc
usp0000t8y,7.1,mwc
usp0000t8z,7.09,mw
usp0000t9a,5.4,mwc
usp0000t9d,5.6,mwc
usp0000t9e,5.89,mw
usp0000t9p,6.0,mwc
usp0000tar,5.4,mwc
usp0000tbc,5.9,mwc
usp0000tbj,5.5,mwc
usp0000tbq,5.2,mwc
usp0000tc3,5.3,mwc
usp0000tct,5.1,mwc
usp0000td9,5.8,mwc
usp0000tdu,6.5,mwc
usp0000tdx,6.1,mwc
usp0000tdz,5.68,mw
usp0000ter,5.5,mwc
usp0000tf7,5.9,mwc
usp0000tfe,6.6,mwc
usp0000tg6,5.4,mwc
usp0000tg7,6.0,mwc
usp0000tg8,6.2,mwc
usp0000th2,6.6,mwc
usp0000tha,5.88,mw
usp0000thy,6.4,mwc
usp0000tj3,7.0,mwc
usp0000tj4,5.71,mw
usp0000tj5,5.68,mw
usp0000tjb,6.54,mw
usp0000tje,6.23,mw
usp0000tjg,7.66,mw
usp0000tjh,7.6,mwc
usp0000tjj,5.59,mw
usp0000tjn,6.39,mw
usp0000tk3,5.98,mw
usp0000tk6,5.9,mwc
usp0000tm0,6.5,mwc
usp0000tm5,5.6,mwc
usp0000tm9,6.2,mwc
usp0000tmy,7.5,mwc
usp0000tmz,5.83,mw
usp0000tn6,6.9,mwc
usp0000tnj,6.31,mw
usp0000tqf,5.9,mwc
usp0000tqk,5.7,mwc
usp0000tqm,5.65,mw
usp0000ts2,5.68,mw
usp0000tsg,5.68,mw
usp0000tsp,6.1,mwc
usp0000ttn,6.1,mwc
usp0000ttr,5.84,mw
usp0000tu7,6.0,mwc
usp0000tu8,5.58,mw
usp0000tua,5.6,mwc
usp0000twj,6.3,mwc
usp0000twz,5.9,mwc
usp0000tx5,5.9,mwc
usp0000tx9,5.62,mw
usp0000txa,6.3,mwc
usp0000tyb,6.0,mwc
usp0000typ,5.75,mw
usp0000tzd,5.37,mw
usp0000u0r,6.6,mwc
usp0000u0u,6.0,mwc
usp0000u0v,5.93,mw
usp0000u1r,5.9,mwc
usp0000u1x,6.5,mwc
usp0000u2n,5.4,mwc
usp0000u2z,5.3,mw
usp0000u40,5.6,mwc
usp0000u4g,6.0,mwc
usp0000u58,5.7,mwc
usp0000u5b,5.55,mw
usp0000u5g,6.3,mwc
usp0000u5h,5.58,mw
usp0000u6s,5.4,mwc
usp0000u6y,6.0,mwc
usp0000u8f,5.8,mwc
usp0000u8r,6.2,mwc
usp0000u8w,5.9,mwc
usp0000uaq,5.6,mwc
usp0000uat,6.1,mwc
usp0000ub1,5.9,mwc
usp0000ubp,5.6,mwc
usp0000ubw,5.6,mwc
usp0000ucg,5.6,mwc
usp0000ucj,5.4,mwc
usp0000ud3,5.3,mwc
usp0000udy,5.9,mwc
usp0000ufs,5.3,mwc
usp0000ug3,6.1,mwc
usp0000ugt,5.5,mwc
usp0000uhc,6.8,mwc
usp0000uhz,5.8,mwc
usp0000uj6,5.83,mw
usp0000ujp,5.4,mwc
usp0000ujs,5.5,mwc
usp0000um5,5.1,mwc
usp0000umu,5.9,mwc
usp0000umy,5.51,mw
usp0000unp,5.7,mwc
usp0000unv,6.1,mwc
usp0000up5,6.0,mwc
usp0000up9,6.7,mwc
usp0000upg,5.5,mwc
usp0000upj,5.3,mwc
usp0000upm,5.6,mwc
usp0000upr,5.8,mwc
usp0000uq0,6.7,mwc
usp0000urg,5.5,mwc
usp0000urm,5.3,mwc
usp0000us1,5.5,mwc
usp0000usb,6.5,mwc
usp0000usm,6.0,mwc
usp0000utc,5.7,mwc
usp0000utu,6.4,mwc
usp0000utv,5.86,mw
usp0000uuk,5.9,mwc
usp0000uv9,5.49,mw
usp0000uvn,5.8,mwc
usp0000uwc,5.6,mw
usp0000uwz,5.6,mwc
usp0000uze,5.9,mwc
usp0000uzv,5.2,mwc
usp0000uzx,6.1,mwc
usp0000uzy,6.3,mwc
usp0000v06,5.5,mwc
usp0000v0e,5.67,mw
usp0000v0f,7.6,mwc
usp0000v13,5.7,mwc
usp0000v1s,6.4,mwc
usp0000v1t,6.9,mwc
usp0000v1u,6.6,mwc
usp0000v2b,6.1,mwc
usp0000v2c,5.79,mw
usp0000v2d,5.8,mwc
usp0000v2u,5.8,mwc
usp0000v30,5.9,mwc
usp0000v3r,6.9,mwc
usp0000v43,5.7,mwc
usp0000v5r,6.2,mwc
usp0000v6s,5.9,mwc
usp0000v6t,6.5,mwc
usp0000v7u,5.6,mwc
usp0000v8y,5.2,mwc
usp0000v96,6.4,mwc
usp0000v97,6.05,mw
usp0000v98,5.73,mw
usp0000v9t,5.7,mwc
usp0000vaw,5.8,mwc
usp0000vb9,5.7,mwc
usp0000vc5,5.4,mwc
usp0000vcb,5.3,mwc
usp0000vd1,6.5,mwc
usp0000vd9,5.86,mw
usp0000vdm,5.7,mwc
usp0000ve0,5.8,mwc
usp0000vew,5.6,mwc
usp0000vfh,6.0,mwc
usp0000vhd,5.8,mwc
usp0000vjc,5.8,mwc
usp0000vkx,5.5,mwc
usp0000vm9,6.5,mwc
usp0000vms,5.4,mwc
usp0000vmy,5.7,mwc
usp0000vp3,5.3,mwc
usp0000vpj,6.2,mwc
usp0000vpz,7.2,mwc
usp0000vrb,5.9,mwc
usp0000vrc,5.3,mw
usp0000vrk,6.4,mwc
usp0000vtx,6.0,mwc
usp0000vw7,5.7,mwc
usp0000vwx,5.8,mwc
usp0000vx2,5.6,mwc
usp0000vx6,5.7,mwc
usp0000vx8,6.8,mwc
usp0000vxb,6.4,mwc
usp0000vxr,6.1,mwc
usp0000vxs,6.0,mwc
usp0000vxx,5.9,mwc
usp0000vy0,5.6,mwc
usp0000vz2,6.2,mwc
usp0000vzq,5.7,mwc
usp0000vzu,5.4,mwc
usp0000vzx,5.67,mw
usp0000w06,6.3,mwc
usp0000w08,5.7,mwc
usp0000w1f,5.67,mw
usp0000w1t,5.5,mwc
usp0000w25,5.7,mwc
usp0000w2c,5.7,mwc
usp0000w2g,5.9,mwc
usp0000w2v,6.7,mwc
usp0000w2w,5.7,mw
usp0000w2y,5.66,mw
usp0000w3g,5.7,mwc
usp0000w3h,5.9,mwc
usp0000w3u,6.2,mwc
usp0000w4z,5.3,mwc
usp0000w55,5.88,mw
usp0000w5c,6.4,mwc
usp0000w5v,6.9,mwc
usp0000w6c,5.7,mw
usp0000w8j,5.5,mwc
usp0000w9x,5.87,mw
usp0000wa8,6.1,mwc
usp0000wab,5.5,mwc
usp0000wad,6.3,mwc
usp0000wae,5.66,mw
usp0000waz,6.3,mwc
usp0000wb0,5.7,mw
usp0000wbf,5.7,mwc
usp0000wbw,5.3,mwc
usp0000wdv,6.3,mwc
usp0000wdy,5.7,mwc
usp0000wdz,6.7,mwc
usp0000wf4,5.63,mw
usp0000wg6,6.1,mwc
usp0000wgd,6.0,mwc
usp0000wgw,6.0,mwc
usp0000whj,5.74,mw
usp0000wj3,5.2,mwc
usp0000wjh,6.0,mwc
usp0000wjx,7.3,mwc
usp0000wk8,5.8,mwc
usp0000wmd,5.5,mwc
usp0000wn8,5.2,mwc
usp0000wnd,5.62,mw
usp0000wph,6.7,mwc
usp0000wr2,5.2,mwc
usp0000wr7,5.6,mwc
usp0000wre,5.8,mwc
usp0000ws4,5.1,mwc
usp0000ws8,5.4,mwc
usp0000wsx,5.6,mwc
usp0000wt3,5.7,mwc
usp0000wtg,5.8,mwc
usp0000wu8,5.5,mwc
usp0000wxb,5.9,mwc
usp0000wyh,5.6,mwc
usp0000wym,5.7,mwc
usp0000x09,5.4,mwc
usp0000x0g,5.8,mwc
usp0000x1q,5.4,mwc
usp0000x2h,5.6,mwc
usp0000x3k,5.6,mwc
usp0000x57,5.8,mwc
usp0000x5k,5.4,mwc
usp0000x61,5.5,mwc
usp0000x6e,5.4,mwc
usp0000x6q,5.73,mw
usp0000x75,5.8,mwc
usp0000x7g,6.6,mwc
usp0000x85,5.8,mwc
usp0000x8y,6.3,mwc
usp0000x94,7.0,mwc
usp0000x96,6.1,mw
usp0000x9g,5.8,mwc
usp0000x9z,7.0,mwc
usp0000xaz,6.2,mwc
usp0000xb7,5.2,mwc
usp0000xbh,5.5,mwc
usp0000xbv,6.0,mwc
usp0000xcj,5.72,mw
usp0000xdy,5.8,mwc
usp0000xf5,5.4,mwc
usp0000xhb,5.5,mwc
usp0000xj9,5.93,mw
usp0000xk0,5.3,mwc
usp0000xkc,5.6,mwc
usp0000xn5,5.7,mwc
usp0000xnb,6.2,mwc
usp0000xny,5.5,mwc
usp0000xp7,7.7,mwc
usp0000xpa,5.76,mw
usp0000xqb,5.4,mwc
usp0000xqd,5.8,mwc
usp0000xqf,5.7,mwc
usp0000xre,5.8,mwc
usp0000xrz,5.4,mwc
usp0000xsm,6.1,mwc
usp0000xsp,5.91,mw
usp0000xsq,7.8,mwc
usp0000xsr,5.88,mw
usp0000xue,6.1,mwc
usp0000xv6,5.7,mwc
usp0000xvv,6.0,mwc
usp0000xwj,6.8,mwc
usp0000xwm,5.77,mw
usp0000xxb,6.1,mwc
usp0000xxq,6.1,mwc
usp0000xy0,5.8,mwc
usp0000xz6,6.6,mwc
usp0000xzf,5.66,mw
usp0000xzw,5.8,mwc
usp0000y0h,5.5,mwc
usp0000y0q,5.9,mwc
usp0000y0r,5.8,mwc
usp0000y11,6.4,mwc
usp0000y1r,6.1,mwc
usp0000y1x,5.8,mwc
usp0000y1y,7.0,mwc
usp0000y47,6.6,mwc
usp0000y55,5.7,mwc
usp0000y56,5.9,mwc
usp0000yac,5.7,mwc
usp0000yar,5.7,mwc
usp0000yaw,5.7,mwc
usp0000yba,5.5,mwc
usp0000yc1,6.0,mwc
usp0000yc9,5.9,mwc
usp0000ycb,6.1,mwc
usp0000ycq,6.2,mwc
usp0000ye0,6.0,mwc
usp0000yf1,5.5,mwc
usp0000yf2,6.5,mwc
usp0000yf8,6.3,mwc
usp0000yfg,5.4,mwc
usp0000yfp,5.5,mwc
usp0000yge,5.4,mwc
usp0000yjj,5.3,mwc
usp0000yk3,6.4,mwc
usp0000ykb,5.7,mwc
usp0000yks,6.6,mwc
usp0000ykv,5.8,mwc
usp0000ym5,5.3,mwc
usp0000yma,6.3,mwc
usp0000ymc,6.1,mwc
usp0000ymn,5.9,mwc
usp0000yn3,5.4,mwc
usp0000ynu,5.8,mwc
usp0000ypn,6.0,mwc
usp0000yra,6.4,mwc
usp0000yrm,5.4,mwc
usp0000ysx,5.6,mwc
usp0000yt0,5.9,mwc
usp0000yt3,6.2,mwc
usp0000yu0,6.6,mwc
usp0000yu5,5.5,mwc
usp0000yuz,6.1,mwc
usp0000yvm,6.3,mwc
usp0000yvv,7.1,mwc
usp0000yw3,5.6,mwc
usp0000ywr,5.34,mw
usp0000yws,6.4,mwc
usp0000yx5,5.5,mwc
usp0000yxm,6.3,mwc
usp0000yy6,5.4,mwc
usp0000yyx,6.0,mwc
usp0000yzc,5.4,mwc
usp0000yzh,5.8,mwc
usp0000z0g,5.4,mwc
usp0000z11,5.5,mwc
usp0000z2a,7.4,mwc
usp0000z3p,5.7,mwc
usp0000z5j,5.6,mwc
usp0000z5z,5.3,mwc
usp0000z7h,6.4,mwc
usp0000z7v,6.3,mwc
usp0000z9z,6.0,mwc
usp0000za6,5.8,mwc
usp0000zbw,7.4,mwc
usp0000zbx,5.62,mw
usp0000zcp,6.0,mwc
usp0000zed,5.8,mwc
usp0000zg9,5.5,mwc
usp0000zhm,6.1,mwc
usp0000zhu,5.4,mwc
usp0000zj8,5.4,mwc
usp0000zmk,5.6,mwc
usp0000zmq,6.6,mwc
usp0000zqz,5.6,mwc
usp0000zs2,5.2,mwc
usp0000zs7,5.6,mwc
usp0000zsf,5.7,mwc
usp0000zsw,5.7,mwc
usp0000zsx,5.69,mw
usp0000zuc,5.4,mwc
usp0000zv0,5.7,mw
usp0000zvn,5.6,mwc
usp0000zxb,7.0,mwc
usp0000zzp,6.7,mwc
usp000100b,6.93,mw
usp000101a,5.8,mwc
usp000101w,6.5,mwc
usp0001037,5.2,mwc
usp000105c,5.8,mwc
usp000107m,6.0,mwc
usp000107x,6.0,mwc
usp0001086,6.1,mwc
usp000108d,6.3,mwc
usp000108g,6.2,mwc
usp0001090,5.7,mwc
usp000109s,5.9,mwc
usp00010av,5.7,mwc
usp00010az,5.7,mwc
usp00010b9,6.1,mwc
usp00010ba,5.3,mwc
usp00010c2,6.1,mwc
usp00010cy,6.2,mwc
usp00010d8,7.4,mwc
usp00010dm,5.7,mwc
usp00010em,5.4,mwc
usp00010f4,6.0,mwc
usp00010f9,5.4,mwc
usp00010gd,5.9,mwc
usp00010h4,5.7,mwc
usp00010k5,5.0,mwc
usp00010m6,6.7,mwc
usp00010me,6.0,mwc
usp00010n5,5.5,mwc
usp00010n9,6.3,mwc
usp00010nh,6.1,mwc
usp00010nu,6.5,mwc
usp00010qu,6.4,mwc
usp00010qx,6.3,mwc
usp00010rj,5.8,mwc
usp00010rm,6.6,mwc
usp00010rx,5.9,mwc
usp00010s6,5.8,mwc
usp00010sv,5.8,mwc
usp00010t2,6.8,mwc
usp00010t6,5.68,mw
usp00010tc,5.5,mwc
usp00010tt,5.7,mwc
usp00010tw,5.8,mwc
usp00010u8,5.7,mwc
usp00010up,5.6,mwc
usp00010uu,6.2,mwc
usp00010vy,6.2,mwc
usp00010w2,6.0,mwc
usp00010wp,5.56,mw
usp00010ys,5.9,mwc
usp00010yz,5.9,mwc
usp0001105,6.2,mwc
usp0001115,5.7,mwc
usp000112d,6.1,mwc
usp0001138,5.7,mwc
usp000113h,5.62,mw
usp0001147,5.6,mwc
usp000116j,5.9,mwc
usp000116k,6.1,mwc
usp000116u,5.8,mwc
usp000117e,5.7,mwc
usp0001183,5.6,mwc
usp000118c,5.7,mwc
usp0001190,5.8,mwc
usp00011ae,5.4,mwc
usp00011ea,5.7,mwc
usp00011fk,5.1,mwc
usp00011fr,6.9,mwc
usp00011gu,5.8,mwc
usp00011hg,6.6,mwc
usp00011hn,5.8,mwc
usp00011hq,5.5,mwc
usp00011j1,5.4,mwc
usp00011k0,6.3,mwc
usp00011k6,5.6,mwc
usp00011ka,5.6,mwc
usp00011nk,6.2,mwc
usp00011q1,5.8,mwc
usp00011qf,5.2,mwc
usp00011qy,5.7,mwc
usp00011rc,5.7,mwc
usp00011rw,5.8,mwc
usp00011s4,5.3,mwc
usp00011sj,5.4,mwc
usp00011sm,6.1,mwc
usp00011td,5.9,mwc
usp00011u5,5.8,mwc
usp00011uj,6.1,mwc
usp00011ws,5.7,mwc
usp00011x2,5.3,mwc
usp00011zp,5.8,mwc
usp0001201,5.5,mwc
usp0001203,5.9,mwc
usp0001215,6.1,mwc
usp000121k,7.0,mwc
usp000123x,5.5,mwc
usp000124a,5.4,mwc
usp000126e,5.58,mw
usp000127f,5.69,mw
usp000127u,6.5,mwc
usp000128x,5.4,mwc
usp000129u,5.53,mw
usp00012bd,5.9,mwc
usp00012bq,5.6,mwc
usp00012ce,5.8,mwc
usp00012cx,6.0,mwc
usp00012f9,5.7,mwc
usp00012fp,6.6,mwc
usp00012fz,6.4,mwc
usp00012g2,5.9,mwc
usp00012g8,5.3,mwc
usp00012hf,5.7,mwc
usp00012jq,5.7,mwc
usp00012kf,6.4,mwc
usp00012kv,5.7,mwc
usp00012m8,6.7,mwc
usp00012mm,5.7,mwc
usp00012mv,6.3,mwc
usp00012mz,6.7,mwc
usp00012rd,5.6,mwc
usp00012rr,5.5,mwc
usp00012t1,5.9,mwc
usp00012t6,5.4,mwc
usp00012ta,5.6,mwc
usp00012tj,6.0,mwc
usp00012wb,5.3,mwc
usp00012wp,7.5,mwc
usp00012ws,5.8,mw
usp00012wt,5.74,mw
usp00012xf,6.1,mwc
usp00012xg,5.73,mw
usp00012y8,5.8,mwc
usp00012yg,5.7,mwc
usp00012yv,5.4,mwc
usp00012z8,5.5,mwc
usp00012zk,5.6,mwc
usp00012zm,5.9,mwc
usp000130x,5.8,mwc
usp000132w,5.7,mwc
usp0001335,6.0,mwc
usp0001336,6.19,mw
usp000133g,5.67,mw
usp000133h,5.61,mw
usp000133s,5.6,mwc
usp000134g,5.7,mwc
usp0001359,6.0,mwc
usp0001364,5.9,mwc
usp000136a,6.8,mwc
usp0001374,5.6,mwc
usp000137y,5.61,mw
usp000138d,5.2,mwc
usp000138j,5.4,mwc
usp000138s,5.3,mwc
usp00013bk,5.8,mwc
usp00013c0,5.5,mwc
usp00013ck,7.27,mw
usp00013cs,5.69,mw
usp00013fj,5.4,mwc
usp00013gp,5.89,mw
usp00013h9,7.0,mwc
usp00013hh,6.0,mwc
usp00013j3,6.0,mwc
usp00013jf,5.8,mwc
usp00013k3,6.0,mwc
usp00013km,6.4,mwc
usp00013m6,5.4,mwc
usp00013n0,6.5,mwc
usp00013n8,5.4,mwc
usp00013nj,6.1,mwc
usp00013nn,7.0,mwc
usp00013np,5.71,mw
usp00013nq,5.84,mw
usp00013nt,5.65,mw
usp00013pm,5.8,mwc
usp00013qn,5.25,mw
usp00013qx,6.8,mwc
usp00013r5,6.8,mwc
usp00013rc,5.5,mwc
usp00013sa,6.1,mwc
usp00013t5,5.5,mwc
usp00013t6,5.8,mwc
usp00013tk,6.1,mwc
usp00013tu,6.5,mwc
usp00013ub,5.9,mwc
usp00013us,5.65,mw
usp00013uz,6.2,mwc
usp00013ve,5.6,mwc
usp00013vp,6.1,mwc
usp00013wp,6.2,mwc
usp00013x8,5.7,mwc
usp00013x9,5.5,mwc
usp00013xb,6.3,mwc
usp00013y4,5.8,mwc
usp00013yz,5.3,mwc
usp0001406,6.3,mwc
usp0001407,6.5,mwc
usp000140d,6.5,mwc
usp000140s,5.9,mwc
usp000141q,6.8,mwc
usp000141t,6.1,mwc
usp000142u,5.1,mwc
usp000143h,6.4,mwc
usp000143u,5.8,mwc
usp0001447,5.8,mwc
usp000144e,6.4,mwc
usp000145h,7.2,mwc
usp0001466,6.4,mwc
usp000147g,5.5,mwc
usp000147t,7.0,mwc
usp000149y,5.5,mwc
usp00014a6,5.9,mwc
usp00014bt,5.7,mwc
usp00014c8,6.1,mwc
usp00014cj,5.8,mwc
usp00014cz,5.4,mwc
usp00014d2,4.9,mwc
usp00014eq,6.6,mwc
usp00014ey,8.1,mwc
usp00014f1,5.84,mw
usp00014fr,6.0,mwc
usp00014fx,6.3,mwc
usp00014gf,5.7,mwc
usp00014gw,5.3,mwc
usp00014h9,6.5,mwc
usp00014jf,5.2,mwc
usp00014jk,5.4,mwc
usp00014jy,6.5,mwc
usp00014k4,5.9,mwc
usp00014m4,5.7,mwc
usp00014mj,5.3,mwc
usp00014ns,6.0,mwc
usp00014pn,5.6,mwc
usp00014pp,5.2,mwc
usp00014py,5.8,mwc
usp00014qe,5.6,mwc
usp00014su,5.6,mwc
usp00014sx,5.2,mwc
usp00014tb,6.0,mwc
usp00014tu,6.9,mwc
usp00014ud,6.9,mwc
usp00014ue,5.91,mw
usp00014v0,6.0,mwc
usp00014v3,5.9,mwc
usp00014vc,5.9,mwc
usp00014x4,5.7,mwc
usp00014xf,5.9,mwc
usp00014xs,5.8,mwc
usp00014za,6.0,mwc
usp00014zb,6.1,mwc
usp00014zy,5.3,mwc
usp0001501,6.0,mwc
usp0001506,5.9,mwc
usp000150d,5.6,mwc
usp000150n,5.5,mwc
usp0001512,5.9,mwc
usp0001517,6.0,mwc
usp0001525,6.3,mwc
usp0001526,6.2,mwc
usp000152c,6.0,mwc
usp000152x,5.8,mwc
usp000152z,5.2,mwc
usp0001542,5.8,mwc
usp0001545,5.7,mwc
usp000154c,5.5,mwc
usp000154m,5.6,mwc
usp0001566,5.4,mwc
usp000157h,6.2,mwc
usp000158c,5.8,mwc
usp00015a6,6.3,mwc
usp00015ag,5.9,mwc
usp00015am,6.2,mwc
usp00015b5,5.9,mwc
usp00015bk,6.8,mwc
usp00015bm,5.88,mw
usp00015ct,5.4,mwc
usp00015dc,6.4,mwc
usp00015df,5.79,mw
usp00015e9,6.0,mwc
usp00015fd,6.0,mwc
usp00015ff,5.7,mwc
usp00015h4,5.55,mw
usp00015hf,5.4,mwc
usp00015j7,5.7,mwc
usp00015kc,5.6,mwc
usp00015kg,5.8,mwc
usp00015ku,5.4,mwc
usp00015m1,6.3,mwc
usp00015mn,6.2,mwc
usp00015mw,7.1,mwc
usp00015mx,5.68,mw
usp00015nc,6.0,mwc
usp00015pu,5.7,mwc
usp00015qk,5.6,mwc
usp00015qq,5.3,mwc
usp00015qu,5.7,mwc
usp00015qz,6.8,mwc
usp00015r0,6.06,mw
usp00015r1,6.4,mwc
usp00015r2,5.55,mw
usp00015rx,6.3,mwc
usp00015ta,6.3,mwc
usp00015tc,5.9,mwc
usp00015ts,5.3,mwc
usp00015v7,5.5,mw
usp00015vh,6.1,mwc
usp00015vv,5.9,mwc
usp00015vw,5.91,mw
usp00015w8,6.3,mwc
usp00015we,7.2,mwc
usp00015x3,5.3,mwc
usp00015z4,5.3,mwc
usp000161p,5.4,mwc
usp0001651,6.0,mwc
usp0001664,5.4,mwc
usp0001668,6.9,mwc
usp0001669,6.39,mw
usp000168f,6.4,mwc
usp000168y,5.9,mwc
usp0001690,5.7,mwc
usp000169s,5.31,mw
usp00016aj,6.7,mwc
usp00016ar,6.1,mwc
usp00016c8,6.2,mwc
usp00016ce,6.4,mwc
usp00016cf,6.1,mwc
usp00016cp,5.6,mwc
usp00016cy,6.0,mwc
usp00016d4,6.0,mwc
usp00016e0,5.7,mwc
usp00016e4,5.9,mwc
usp00016f9,5.8,mwc
usp00016fx,5.2,mwc
usp00016hf,5.3,mwc
usp00016hs,5.7,mwc
usp00016jx,6.4,mwc
usp00016ku,5.7,mwc
usp00016ma,7.6,mwc
usp00016mw,6.4,mwc
usp00016n2,6.2,mwc
usp00016p5,6.1,mwc
usp00016p6,5.75,mw
usp00016rg,6.4,mwc
usp00016rp,5.3,mwc
usp00016t8,6.4,mwc
usp00016ta,6.0,mwc
usp00016w0,5.7,mwc
usp00016w6,5.4,mwc
usp00016xu,5.2,mwc
usp00016z9,5.8,mwc
usp0001716,5.7,mwc
usp0001720,6.5,mwc
usp000172q,6.0,mwc
usp000173q,5.8,mwc
usp000174h,6.4,mwc
usp000174p,6.2,mwc
usp000175k,5.6,mwc
usp0001762,5.5,mwc
usp0001764,6.2,mwc
usp0001779,6.3,mwc
usp000177y,6.4,mwc
usp0001780,5.8,mwc
usp00017a5,5.9,mwc
usp00017bk,5.7,mwc
usp00017cv,5.7,mwc
usp00017da,5.8,mwc
usp00017kh,6.6,mwc
usp00017nd,5.7,mwc
usp00017ry,5.7,mwc
usp00017s3,5.53,mw
usp00017yc,5.9,mwc
usp0001802,5.5,mwc
usp000181j,6.2,mwc
usp0001827,6.1,mwc
usp000182e,5.4,mwc
usp000182f,5.9,mwc
usp000182g,5.7,mwc
usp000182m,5.5,mwc
usp000184k,6.0,mwc
usp000184v,5.3,mwc
usp000184w,5.8,mwc
usp000187t,5.9,mwc
usp0001882,6.1,mwc
usp000188s,5.5,mwc
usp000189a,6.0,mwc
usp000189j,5.8,mwc
usp00018a7,6.9,mwc
usp00018a8,5.98,mw
usp00018a9,6.4,mwc
usp00018ad,6.9,mwc
usp00018am,5.79,mw
usp00018ay,5.8,mw
usp00018b9,6.1,mwc
usp00018bd,6.5,mwc
usp00018bn,5.8,mwc
usp00018br,6.0,mwc
usp00018ce,5.8,mwc
usp00018cy,6.4,mwc
usp00018e0,5.7,mwc
usp00018eg,6.3,mwc
usp00018es,5.48,mw
usp00018fj,6.3,mwc
usp00018fp,5.5,mwc
usp00018ft,6.6,mwc
usp00018hz,6.4,mwc
usp00018m4,5.4,mwc
usp00018p9,5.0,mwc
usp00018ps,5.9,mwc
usp00018qr,6.5,mwc
usp00018r3,7.5,mwc
usp00018r8,6.6,mwc
usp00018r9,6.01,mw
usp00018rt,6.0,mwc
usp00018rw,5.9,mwc
usp00018s5,6.6,mwc
usp00018s6,6.53,mw
usp00018um,5.7,mwc
usp00018vj,6.6,mwc
usp00018xa,7.3,mwc
usp00018y0,7.7,mwc
usp00018y2,5.79,mw
usp00018y4,5.61,mw
usp00018yw,5.3,mwc
usp00018z3,5.9,mwc
usp00018zd,5.71,mw
usp0001901,6.3,mwc
usp0001904,5.9,mwc
usp000190p,5.8,mwc
usp000190q,6.4,mwc
usp0001912,6.3,mwc
usp000191w,5.7,mwc
usp000192e,6.0,mwc
usp000192p,5.1,mwc
usp000194t,6.7,mwc
usp0001955,5.5,mwc
usp0001959,6.5,mwc
usp000195y,6.3,mwc
usp000197z,6.3,mwc
usp000198f,5.6,mwc
usp00019aw,6.5,mwc
usp00019d2,5.9,mwc
usp00019dz,5.36,mw
usp00019er,5.9,mwc
usp00019f4,6.1,mwc
usp00019fz,6.4,mwc
usp00019g4,5.6,mwc
usp00019ht,6.2,mwc
usp00019je,5.24,mw
usp00019jq,5.2,mwc
usp00019ms,5.4,mwc
usp00019np,5.56,mw
usp00019p2,6.1,mwc
usp00019rt,5.3,mwc
usp00019rv,5.9,mwc
usp00019tb,5.7,mwc
usp00019tw,5.9,mwc
usp00019ur,5.6,mwc
usp00019vg,5.8,mwc
usp00019wb,5.4,mwc
usp00019wk,5.2,mwc
usp00019ym,6.0,mwc
usp00019yn,5.59,mw
usp00019zv,6.6,mwc
usp00019zz,5.7,mwc
usp0001a0s,5.5,mwc
usp0001a0x,5.9,mwc
usp0001a2b,5.9,mwc
usp0001a2u,6.5,mwc
usp0001a3e,5.6,mwc
usp0001a3f,5.4,mwc
usp0001a4a,5.8,mwc
usp0001a4n,5.8,mwc
usp0001a4p,5.58,mw
usp0001a4r,6.4,mwc
usp0001a4w,5.7,mwc
usp0001a4x,6.0,mwc
usp0001a5d,6.2,mwc
usp0001a5w,7.1,mwc
usp0001a67,6.2,mwc
usp0001aa7,5.5,mwc
usp0001aaz,5.9,mwc
usp0001ab1,5.8,mwc
usp0001ab8,5.5,mwc
usp0001abe,5.5,mwc
usp0001acq,5.9,mwc
usp0001adc,5.5,mwc
usp0001adk,6.8,mwc
usp0001adm,5.76,mw
usp0001adp,5.39,mw
usp0001ae2,7.1,mwc
usp0001aep,7.1,mwc
usp0001aez,7.4,mwc
usp0001af2,5.57,mw
usp0001afa,6.6,mwc
usp0001afz,6.35,mw
usp0001ag2,5.9,mwc
usp0001ag8,5.9,mwc
usp0001agn,5.9,mwc
usp0001ah2,5.5,mwc
usp0001ah8,6.3,mwc
usp0001ahp,5.4,mwc
usp0001ahq,6.0,mwc
usp0001ajt,6.5,mwc
usp0001ajv,5.36,mw
usp0001akb,6.1,mwc
usp0001ame,5.3,mwc
usp0001amq,6.3,mwc
usp0001ans,5.9,mwc
usp0001ap1,6.1,mwc
usp0001ap6,5.7,mwc
usp0001aq1,7.3,mwc
usp0001arm,5.6,mwc
usp0001arz,6.8,mwc
usp0001au9,5.5,mwc
usp0001av6,5.76,mw
usp0001aw2,6.2,mwc
usp0001aw3,5.39,mw
usp0001awn,5.9,mwc
usp0001ax2,6.0,mwc
usp0001axn,5.3,mwc
usp0001ay4,6.9,mwc
usp0001b1p,5.8,mwc
usp0001b2j,5.4,mwc
usp0001b2w,5.9,mwc
usp0001b3u,6.3,mwc
usp0001b4m,5.6,mwc
usp0001b56,5.55,mw
usp0001b5c,5.4,mwc
usp0001b6e,5.6,mwc
usp0001b71,6.1,mwc
usp0001b79,5.7,mwc
usp0001b80,6.3,mwc
usp0001b86,5.7,mwc
usp0001b8d,5.9,mwc
usp0001b8p,6.0,mwc
usp0001b9b,5.4,mwc
usp0001b9f,5.7,mwc
usp0001b9u,6.3,mwc
usp0001ba0,5.5,mwc
usp0001ba1,5.53,mw
usp0001baj,6.3,mwc
usp0001bax,6.7,mwc
usp0001bb6,6.1,mwc
usp0001bbg,6.2,mwc
usp0001bbk,6.2,mwc
usp0001bc5,6.2,mwc
usp0001bcd,5.6,mwc
usp0001bd2,6.0,mwc
usp0001bde,5.71,mw
usp0001bdt,6.0,mwc
usp0001beu,5.7,mwc
usp0001bew,5.6,mwc
usp0001bfk,5.5,mwc
usp0001bft,5.6,mwc
usp0001bhu,6.8,mwc
usp0001bhx,5.76,mw
usp0001bjn,5.9,mwc
usp0001bjs,6.9,mwc
usp0001bju,5.38,mw
usp0001bjy,5.4,mwc
usp0001bk9,5.7,mwc
usp0001bmh,5.5,mwc
usp0001bmu,5.6,mwc
usp0001bmy,6.1,mwc
usp0001bn0,6.0,mwc
usp0001bnc,5.5,mwc
usp0001bp2,5.4,mwc
usp0001bp9,6.0,mwc
usp0001brn,5.7,mwc
usp0001bsc,6.1,mwc
usp0001bsf,5.8,mwc
usp0001bsh,5.8,mwc
usp0001bsr,6.4,mwc
usp0001bss,6.98,mw
usp0001bsz,5.9,mwc
usp0001bt1,6.0,mwc
usp0001bta,6.6,mwc
usp0001btg,6.2,mwc
usp0001btr,5.5,mwc
usp0001buj,5.3,mwc
usp0001buy,6.4,mwc
usp0001bv4,6.8,mwc
usp0001bv7,6.0,mwc
usp0001bve,6.5,mwc
usp0001bvf,6.9,mwc
usp0001bvx,5.5,mwc
usp0001bx3,5.3,mwc
usp0001bxr,5.8,mwc
usp0001bxx,5.9,mwc
usp0001byn,5.5,mwc
usp0001byq,7.0,mwc
usp0001bys,5.81,mw
usp0001byw,5.8,mwc
usp0001bza,5.6,mwc
usp0001c0b,5.5,mwc
usp0001c0h,5.7,mwc
usp0001c0j,5.6,mwc
usp0001c0s,5.7,mwc
usp0001c1m,5.3,mwc
usp0001c20,6.1,mwc
usp0001c35,5.4,mwc
usp0001c5c,5.9,mwc
usp0001c5q,5.8,mwc
usp0001c60,5.6,mwc
usp0001c7c,5.7,mwc
usp0001c85,6.7,mwc
usp0001c8s,5.7,mwc
usp0001c97,6.0,mwc
usp0001c9n,5.8,mwc
usp0001ca1,5.9,mwc
usp0001cab,5.2,mwc
usp0001cb4,6.3,mwc
usp0001cbd,5.5,mwc
usp0001cbn,5.8,mwc
usp0001cbw,6.0,mwc
usp0001cbx,5.6,mwc
usp0001cc3,6.6,mwc
usp0001cc4,5.98,mw
usp0001ccb,6.6,mwc
usp0001ccv,6.3,mwc
usp0001ce8,5.4,mwc
usp0001ceb,6.5,mwc
usp0001cfg,6.0,mwc
usp0001cfz,6.0,mwc
usp0001cgu,5.3,mwc
usp0001ch4,6.2,mwc
usp0001cht,5.9,mwc
usp0001cjs,5.4,mwc
usp0001cjt,6.6,mwc
usp0001ck4,5.4,mwc
usp0001ckd,5.8,mwc
usp0001cme,5.9,mwc
usp0001cmt,5.4,mwc
usp0001cn6,5.6,mwc
usp0001cnk,5.3,mwc
usp0001cph,5.6,mwc
usp0001cpr,5.9,mwc
usp0001ctd,5.8,mwc
usp0001ctp,6.2,mwc
usp0001cuk,6.4,mwc
usp0001cuq,5.5,mwc
usp0001cv9,5.6,mwc
usp0001cvp,5.3,mwc
usp0001cwb,5.9,mwc
usp0001cwe,5.5,mwc
usp0001cwq,6.5,mwc
usp0001cws,6.5,mwc
usp0001cx3,5.4,mwc
usp0001cyd,5.8,mwc
usp0001cyj,5.4,mwc
usp0001czm,6.52,mw
usp0001czn,5.46,mw
usp0001d0r,5.8,mwc
usp0001d15,5.3,mwc
usp0001d26,5.5,mwc
usp0001d2b,6.3,mwc
usp0001d2k,6.0,mwc
usp0001d2y,5.6,mwc
usp0001d3a,5.8,mwc
usp0001d49,5.5,mwc
usp0001d67,5.6,mwc
usp0001d74,5.8,mwc
usp0001da1,5.66,mw
usp0001day,5.9,mwc
usp0001db4,6.8,mwc
usp0001dbb,6.1,mwc
usp0001dbc,6.14,mw
usp0001dbp,5.7,mwc
usp0001ddz,6.5,mwc
usp0001dek,6.7,mwc
usp0001dfc,6.3,mwc
usp0001dgc,6.5,mwc
usp0001djh,6.4,mwc
usp0001dke,6.4,mwc
usp0001dkm,5.4,mw
usp0001dkq,5.8,mwc
usp0001dn5,6.3,mwc
usp0001dph,5.4,mwc
usp0001drb,5.7,mwc
usp0001dt5,6.1,mwc
usp0001dv1,7.6,mwc
usp0001dvq,5.5,mwc
usp0001dx3,6.2,mwc
usp0001dxb,6.3,mwc
usp0001dxc,5.41,mw
usp0001dy4,5.7,mwc
usp0001dza,5.2,mwc
usp0001dzb,6.2,mwc
usp0001e00,6.6,mwc
usp0001e0t,5.3,mwc
usp0001e12,5.2,mwc
usp0001e1s,5.9,mwc
usp0001e2j,6.0,mwc
usp0001e35,6.6,mwc
usp0001e4c,6.3,mwc
usp0001e4m,5.6,mwc
usp0001e6r,5.7,mwc
usp0001e8b,5.8,mwc
usp0001e8f,5.7,mwc
usp0001e93,5.7,mwc
usp0001ebj,6.0,mwc
usp0001ebn,6.1,mwc
usp0001ehz,5.7,mwc
usp0001ej2,7.5,mwc
usp0001ejv,6.9,mwc
usp0001ejy,5.66,mw
usp0001ek7,5.3,mwc
usp0001eny,5.3,mwc
usp0001epa,5.3,mwc
usp0001epu,5.9,mwc
usp0001eq4,7.1,mwc
usp0001eqz,5.8,mwc
usp0001et3,5.7,mwc
usp0001et6,5.8,mwc
usp0001eup,5.9,mwc
usp0001evr,5.8,mwc
usp0001evs,5.7,mwc
usp0001eyf,5.51,mw
usp0001ez3,5.6,mwc
usp0001ezf,7.2,mwc
usp0001ezz,6.3,mwc
usp0001f24,5.6,mwc
usp0001f3y,5.6,mwc
usp0001f5g,6.1,mwc
usp0001f85,5.5,mwc
usp0001f8m,5.7,mwc
usp0001f99,5.7,mwc
usp0001fb2,5.3,mwc
usp0001fb5,5.5,mwc
usp0001fb6,6.0,mwc
usp0001fbc,5.5,mwc
usp0001fc4,5.5,mwc
usp0001fcf,6.2,mwc
usp0001fds,5.3,mwc
usp0001feq,5.5,mwc
usp0001ff0,6.0,mwc
usp0001ffv,5.7,mwc
usp0001ffw,5.78,mw
usp0001fgp,5.9,mwc
usp0001fkw,5.8,mwc
usp0001fkx,7.5,mwc
usp0001fky,5.59,mw
usp0001fma,5.6,mwc
usp0001fmc,5.7,mwc
usp0001fmp,5.9,mwc
usp0001fmq,5.7,mwc
usp0001fn4,6.0,mwc
usp0001fn5,6.5,mwc
usp0001fnh,5.6,mwc
usp0001fp1,6.6,mwc
usp0001fq6,6.0,mwc
usp0001fr3,5.8,mwc
usp0001frn,5.7,mwc
usp0001fst,5.6,mwc
usp0001ftp,6.1,mwc
usp0001fuy,6.0,mwc
usp0001fuz,5.9,mwc
usp0001fvu,6.1,mwc
usp0001fwd,5.6,mwc
usp0001fxq,6.1,mwc
usp0001fxr,6.7,mwc
usp0001fxu,5.69,mw
usp0001fzd,5.5,mwc
usp0001fzu,5.9,mwc
usp0001fzv,5.6,mwc
usp0001g00,5.4,mwc
usp0001g0v,5.8,mwc
usp0001g0x,6.2,mwc
usp0001g2r,5.5,mwc
usp0001g2u,5.6,mwc
usp0001g3e,6.0,mwc
usp0001g3f,5.7,mwc
usp0001g51,5.6,mwc
usp0001g5g,6.53,mw
usp0001g7g,5.5,mwc
usp0001g7z,5.9,mwc
usp0001g80,5.9,mwc
usp0001g9a,6.2,mwc
usp0001g9k,5.6,mwc
usp0001gau,6.5,mwc
usp0001gaz,5.5,mwc
usp0001gb2,5.7,mwc
usp0001gca,6.3,mwc
usp0001gd4,5.6,mwc
usp0001gff,5.7,mwc
usp0001gg1,7.1,mwc
usp0001ggd,5.5,mwc
usp0001ggj,5.8,mwc
usp0001ggu,6.4,mwc
usp0001gh1,6.0,mwc
usp0001gh6,6.1,mwc
usp0001ghc,6.0,mwc
usp0001ghq,5.6,mwc
usp0001gk9,5.4,mwc
usp0001gms,5.82,mw
usp0001gmt,5.6,mwc
usp0001gnv,7.2,mwc
usp0001gpv,6.3,mwc
usp0001gs6,5.6,mwc
usp0001gsh,5.7,mwc
usp0001gss,5.9,mwc
usp0001gsw,6.4,mwc
usp0001gtb,6.5,mwc
usp0001gtj,5.7,mwc
usp0001gu6,5.7,mw
usp0001gud,6.6,mwc
usp0001gun,6.9,mwc
usp0001gux,6.5,mwc
usp0001gvf,6.1,mwc
usp0001gvm,5.63,mw
usp0001gvq,5.4,mwc
usp0001gw2,5.7,mwc
usp0001gxn,5.0,mwc
usp0001gze,6.0,mwc
usp0001gzj,5.4,mwc
usp0001h00,6.3,mwc
usp0001h06,6.0,mwc
usp0001h12,5.5,mwc
usp0001h17,5.9,mwc
usp0001h39,6.4,mwc
usp0001h3t,5.9,mwc
usp0001h4g,6.7,mwc
usp0001h4h,5.74,mw
usp0001h4t,5.6,mwc
usp0001h54,5.9,mwc
usp0001h55,6.0,mwc
usp0001h56,5.2,mwc
usp0001h5d,5.4,mwc
usp0001h5r,6.1,mwc
usp0001h7e,5.6,mwc
usp0001h7s,5.4,mwc
usp0001h7u,6.3,mwc
usp0001h7x,5.5,mwc
usp0001h7y,5.8,mwc
usp0001h95,5.8,mwc
usp0001h9g,6.3,mwc
usp0001h9j,5.6,mwc
usp0001hby,6.2,mwc
usp0001hcd,6.4,mwc
usp0001hcv,5.6,mwc
usp0001hcy,5.8,mwc
usp0001hd5,5.4,mwc
usp0001hdb,5.6,mwc
usp0001hdy,6.0,mwc
usp0001hgc,6.8,mwc
usp0001hk7,5.7,mwc
usp0001hmc,5.9,mwc
usp0001hmm,6.8,mwc
usp0001hmn,5.55,mw
usp0001hnf,5.6,mwc
usp0001hp7,7.0,mwc
usp0001hpp,5.8,mwc
usp0001hpw,6.3,mwc
usp0001hqp,5.6,mwc
usp0001hsb,5.3,mwc
usp0001hu8,5.6,mwc
usp0001huc,6.57,mw
usp0001hvb,7.1,mwc
usp0001hvt,6.5,mwc
usp0001hvu,5.77,mw
usp0001hw2,6.4,mwc
usp0001hws,5.2,mwc
usp0001hxb,5.7,mwc
usp0001hxc,5.9,mwc
usp0001hxd,5.69,mw
usp0001hym,5.5,mwc
usp0001hze,7.1,mwc
usp0001hzg,6.44,mw
usp0001hzw,6.2,mwc
usp0001j01,6.1,mwc
usp0001j0c,6.1,mwc
usp0001j0g,5.7,mwc
usp0001j0k,5.7,mwc
usp0001j17,6.1,mwc
usp0001j1a,5.7,mwc
usp0001j1v,6.0,mwc
usp0001j36,5.8,mwc
usp0001j3b,6.6,mwc
usp0001j3u,5.78,mw
usp0001j5b,6.2,mwc
usp0001j5h,6.1,mwc
usp0001j5p,5.66,mw
usp0001j75,5.4,mwc
usp0001j83,6.0,mwc
usp0001j88,6.3,mwc
usp0001j89,5.54,mw
usp0001j95,6.61,mw
usp0001ja0,5.9,mwc
usp0001jav,5.3,mwc
usp0001jbr,5.5,mwc
usp0001jcw,5.9,mwc
usp0001jcz,6.0,mwc
usp0001jdm,5.5,mwc
usp0001jfq,5.73,mw
usp0001jh9,5.6,mwc
usp0001jjp,5.6,mw
usp0001jju,6.7,mwc
usp0001jmt,5.3,mwc
usp0001jmz,5.8,mwc
usp0001jnh,5.9,mwc
usp0001jqp,5.6,mwc
usp0001jqv,6.8,mwc
usp0001jr4,6.5,mwc
usp0001jrf,5.5,mwc
usp0001jsa,5.6,mw
usp0001jsd,5.7,mwc
usp0001jsk,5.2,mwc
usp0001jvt,6.3,mwc
usp0001jwj,5.6,mwc
usp0001jwk,5.3,mwc
usp0001jxe,5.2,mwc
usp0001jye,6.1,mwc
usp0001jzn,5.8,mwc
usp0001jzx,5.4,mwc
usp0001k07,5.6,mwc
usp0001k0b,5.9,mwc
usp0001k17,5.1,mwc
usp0001k22,6.5,mwc
usp0001k2g,6.5,mwc
usp0001k2x,6.0,mwc
usp0001k50,5.9,mwc
usp0001k6x,5.6,mwc
usp0001k81,6.9,mwc
usp0001k8k,5.5,mwc
usp0001k8q,5.8,mwc
usp0001k93,5.7,mwc
usp0001kb6,6.3,mwc
usp0001kbt,5.5,mwc
usp0001kck,6.1,mwc
usp0001kd2,6.1,mwc
usp0001kd6,6.0,mwc
usp0001kdf,6.3,mwc
usp0001ke0,6.3,mwc
usp0001ke9,5.9,mwc
usp0001keb,6.4,mwc
usp0001ken,6.0,mwc
usp0001kgx,5.4,mwc
usp0001kjv,6.7,mwc
usp0001kk9,5.2,mwc
usp0001kkg,5.4,mwc
usp0001km0,5.4,mwc
usp0001km9,5.5,mwc
usp0001kma,5.56,mw
usp0001kmj,6.3,mwc
usp0001kmp,5.5,mwc
usp0001knk,6.2,mwc
usp0001knm,5.34,mw
usp0001kr3,5.4,mwc
usp0001krv,6.1,mwc
usp0001ksn,6.3,mwc
usp0001kt1,5.2,mwc
usp0001ktc,5.7,mwc
usp0001ktd,5.3,mwc
usp0001ktf,6.0,mwc
usp0001ku2,5.7,mwc
usp0001kug,6.2,mwc
usp0001kvd,5.4,mwc
usp0001kwq,5.6,mwc
usp0001kxk,5.4,mwc
usp0001kz4,5.6,mwc
usp0001m0s,5.4,mwc
usp0001m22,6.4,mwc
usp0001m32,5.5,mwc
usp0001m4k,5.7,mwc
usp0001m4x,5.1,mwc
usp0001m50,5.7,mwc
usp0001m51,7.0,mwc
usp0001m6p,5.33,mw
usp0001m87,5.8,mwc
usp0001m8r,5.9,mwc
usp0001mbr,5.8,mwc
usp0001mct,5.2,mwc
usp0001meg,6.0,mwc
usp0001mej,5.8,mwc
usp0001mf9,5.5,mwc
usp0001mg1,5.7,mwc
usp0001mgd,5.8,mwc
usp0001mk0,5.6,mwc
usp0001mkb,5.8,mwc
usp0001mkx,6.5,mwc
usp0001mm3,6.4,mwc
usp0001mm8,6.1,mwc
usp0001mme,6.4,mwc
usp0001mnh,6.3,mwc
usp0001mp7,6.0,mwc
usp0001mpm,6.0,mwc
usp0001mps,5.1,mwc
usp0001mqv,6.3,mwc
usp0001mr4,5.3,mwc
usp0001mrd,6.9,mwc
usp0001mrg,6.9,mwc
usp0001msh,5.7,mwc
usp0001mst,6.4,mwc
usp0001msy,5.5,mwc
usp0001mu1,6.8,mwc
usp0001mu2,5.63,mw
usp0001mx7,5.7,mwc
usp0001mya,5.6,mwc
usp0001mzt,5.3,mwc
usp0001mzy,5.7,mwc
usp0001n10,5.3,mwc
usp0001n27,5.5,mwc
usp0001n2e,7.4,mwc
usp0001n3j,5.5,mwc
usp0001n3t,5.7,mwc
usp0001n4b,5.7,mwc
usp0001n5f,6.2,mwc
usp0001n6n,7.1,mwc
usp0001n7b,5.8,mwc
usp0001n8w,6.7,mwc
usp0001n8z,5.3,mwc
usp0001n9b,5.5,mwc
usp0001n9h,5.5,mwc
usp0001n9w,5.7,mwc
usp0001nap,7.2,mwc
usp0001nbm,5.6,mwc
usp0001ndm,5.3,mwc
usp0001ner,5.27,mw
usp0001nfw,6.2,mwc
usp0001ngz,5.1,mw
usp0001nh0,5.74,mw
usp0001nkk,7.0,mwc
usp0001nkx,6.0,mwc
usp0001nnd,5.7,mwc
usp0001nq4,5.8,mwc
usp0001nrh,5.5,mwc
usp0001nrz,6.2,mwc
usp0001ntn,5.4,mwc
usp0001nts,5.8,mwc
usp0001nuy,5.5,mwc
usp0001nvd,6.9,mwc
usp0001nvx,5.8,mwc
usp0001nvy,5.67,mw
usp0001nwg,5.9,mwc
usp0001nwj,6.4,mwc
usp0001nx7,5.6,mwc
usp0001nxj,5.6,mwc
usp0001nxx,5.76,mw
usp0001nz1,5.7,mwc
usp0001nzq,6.5,mwc
usp0001nzy,6.0,mwc
usp0001p03,5.58,mw
usp0001p1t,6.0,mwc
usp0001p29,5.6,mwc
usp0001p3s,5.8,mwc
usp0001p3w,6.3,mwc
usp0001p3x,5.61,mw
usp0001p4q,5.7,mwc
usp0001p53,6.8,mwc
usp0001p6c,5.6,mwc
usp0001p79,5.5,mwc
usp0001p8f,6.0,mwc
usp0001pae,5.9,mwc
usp0001pcf,5.4,mwc
usp0001pcn,6.1,mwc
usp0001pcs,5.9,mwc
usp0001pcy,5.4,mwc
usp0001pd4,5.4,mwc
usp0001pd9,6.4,mwc
usp0001pda,6.2,mwc
usp0001pdb,5.5,mwc
usp0001pde,6.0,mwc
usp0001pdn,5.5,mwc
usp0001pej,6.8,mwc
usp0001pen,5.8,mwc
usp0001pg8,5.31,mw
usp0001pj5,6.2,mwc
usp0001pjm,5.6,mwc
usp0001pm0,6.4,mwc
usp0001pmm,6.3,mwc
usp0001pms,5.6,mwc
usp0001pn3,5.6,mwc
usp0001pny,6.1,mwc
usp0001ppj,5.8,mwc
usp0001pqd,6.0,mwc
usp0001pqh,5.96,mw
usp0001pqj,5.8,mwc
usp0001pqm,5.7,mwc
usp0001pqv,5.8,mwc
usp0001pqw,6.2,mwc
usp0001pt6,5.7,mwc
usp0001ptd,5.9,mwc
usp0001ptx,5.7,mwc
usp0001pu0,5.2,mwc
usp0001pud,5.3,mwc
usp0001puj,5.4,mwc
usp0001pv7,5.8,mwc
usp0001pw2,6.4,mwc
usp0001pwe,5.6,mwc
usp0001pxw,5.7,mwc
usp0001pzn,6.0,mwc
usp0001q0r,5.4,mwc
usp0001q1j,5.9,mwc
usp0001q1n,5.4,mwc
usp0001q1z,5.7,mwc
usp0001q20,5.6,mwc
usp0001q2u,6.7,mwc
usp0001q59,5.1,mwc
usp0001q5n,5.2,mwc
usp0001qar,5.4,mwc
usp0001qbh,5.7,mwc
usp0001qbw,6.1,mwc
usp0001qd1,5.9,mwc
usp0001qgz,5.8,mwc
usp0001qha,5.7,mwc
usp0001qhj,5.5,mwc
usp0001qj5,5.5,mwc
usp0001qkf,5.4,mwc
usp0001qmp,5.3,mwc
usp0001qq5,5.2,mwc
usp0001qtz,6.0,mwc
usp0001qu3,6.2,mwc
usp0001quu,5.5,mwc
usp0001qv8,5.4,mwc
usp0001qx5,5.5,mwc
usp0001qxe,5.6,mwc
usp0001qyr,6.0,mwc
usp0001qyv,5.6,mwc
usp0001qz6,5.4,mwc
usp0001qzg,5.8,mwc
usp0001qzr,6.5,mwc
usp0001qzv,6.0,mwc
usp0001r03,6.6,mwc
usp0001r0b,5.6,mwc
usp0001r0x,5.7,mwc
usp0001r1t,6.2,mwc
usp0001r1v,5.4,mwc
usp0001r21,5.4,mwc
usp0001r3d,5.6,mwc
usp0001r4c,5.5,mwc
usp0001r4w,6.0,mwc
usp0001r82,5.4,mwc
usp0001r88,5.6,mwc
usp0001r8k,6.5,mwc
usp0001r9a,5.7,mwc
usp0001r9m,5.9,mwc
usp0001raq,5.6,mwc
usp0001ray,5.57,mw
usp0001rb4,6.0,mwc
usp0001rb7,5.4,mwc
usp0001rbc,5.6,mwc
usp0001rdy,5.4,mwc
usp0001re7,6.0,mwc
usp0001reb,6.2,mwc
usp0001rf1,5.8,mwc
usp0001rf3,5.5,mwc
usp0001rg4,6.4,mwc
usp0001rgn,6.5,mwc
usp0001rh0,5.3,mwc
usp0001rh2,5.7,mwc
usp0001rhj,5.5,mwc
usp0001rj0,5.6,mwc
usp0001rj6,7.5,mwc
usp0001rj8,5.72,mw
usp0001rjd,5.31,mw
usp0001rjj,5.65,mw
usp0001rjp,5.71,mw
usp0001rjs,5.8,mwc
usp0001rju,6.07,mw
usp0001rjw,6.3,mwc
usp0001rk1,5.8,mwc
usp0001rkc,5.62,mw
usp0001rkg,5.8,mwc
usp0001rkp,6.1,mwc
usp0001rkq,5.79,mw
usp0001rmm,5.9,mwc
usp0001rnb,5.5,mwc
usp0001rnh,5.4,mwc
usp0001rp4,5.6,mwc
usp0001rqt,5.9,mwc
usp0001rtc,5.5,mwc
usp0001rtm,6.1,mwc
usp0001ru1,6.1,mwc
usp0001ru5,5.4,mwc
usp0001ruy,5.8,mwc
usp0001rwv,6.0,mwc
usp0001rxe,5.3,mwc
usp0001rxv,6.3,mwc
usp0001ryz,5.33,mw
usp0001rz1,5.5,mwc
usp0001rze,5.4,mwc
usp0001s02,5.7,mwc
usp0001s06,6.0,mwc
usp0001s1h,6.0,mwc
usp0001s30,6.3,mwc
usp0001s33,6.1,mwc
usp0001s40,5.9,mwc
usp0001s44,5.8,mwc
usp0001s4c,5.9,mwc
usp0001s4e,5.7,mwc
usp0001s6j,6.1,mwc
usp0001s7f,6.0,mwc
usp0001s7t,5.5,mwc
usp0001s7v,5.62,mw
usp0001s7w,5.6,mw
usp0001s98,5.6,mwc
usp0001s9g,6.5,mwc
usp0001sa1,7.0,mw
usp0001sc6,6.4,mwc
usp0001scn,5.8,mwc
usp0001sfc,5.6,mwc
usp0001sfq,5.4,mwc
usp0001sfr,6.0,mw
usp0001sfu,6.2,mwc
usp0001sh9,5.3,mwc
usp0001shv,6.8,mwc
usp0001shx,5.52,mw
usp0001sj8,5.8,mwc
usp0001sj9,5.52,mw
usp0001sjj,5.9,mwc
usp0001sjv,6.8,mwc
usp0001sk5,5.9,mwc
usp0001sm6,6.4,mwc
usp0001smj,7.0,mwc
usp0001snh,5.7,mwc
usp0001snx,5.9,mwc
usp0001sp9,5.7,mwc
usp0001spj,5.9,mwc
usp0001sq7,5.5,mwc
usp0001src,5.6,mwc
usp0001ss8,5.5,mwc
usp0001su3,5.2,mwc
usp0001sug,5.61,mw
usp0001sv6,5.7,mwc
usp0001sv7,5.4,mwc
usp0001sw2,5.4,mwc
usp0001sw3,5.5,mwc
usp0001sw4,5.9,mwc
usp0001sw9,6.1,mwc
usp0001swp,5.7,mwc
usp0001sxk,5.9,mwc
usp0001sz9,6.3,mwc
usp0001t06,6.2,mwc
usp0001t0h,6.1,mwc
usp0001t12,6.0,mwc
usp0001t1b,6.5,mwc
usp0001t1g,5.9,mwc
usp0001t48,5.5,mwc
usp0001t65,6.0,mwc
usp0001t6s,6.4,mw
usp0001t6v,5.63,mw
usp0001t8b,5.6,mwc
usp0001taw,5.9,mwc
usp0001tax,6.7,mwc
usp0001tb9,6.3,mwc
usp0001tbx,5.4,mwc
usp0001tc5,5.9,mwc
usp0001tce,6.1,mwc
usp0001tcz,6.0,mwc
usp0001tds,5.7,mwc
usp0001teb,5.5,mwc
usp0001tf6,5.7,mwc
usp0001tgk,5.3,mwc
usp0001tgr,5.9,mwc
usp0001thd,6.0,mwc
usp0001thp,5.8,mwc
usp0001tj3,5.7,mwc
usp0001tk0,6.1,mwc
usp0001tk3,6.6,mwc
usp0001tke,6.1,mwc
usp0001tna,5.0,mwc
usp0001tns,5.6,mwc
usp0001tp2,5.61,mw
usp0001tp6,6.5,mwc
usp0001tq4,5.8,mwc
usp0001tqb,5.1,mwc
usp0001tqg,5.8,mwc
usp0001tr1,7.7,mwc
usp0001ts5,5.6,mwc
usp0001tsj,5.3,mwc
usp0001tsn,6.3,mwc
usp0001ttb,5.6,mwc
usp0001tte,6.6,mwc
usp0001ttf,5.77,mw
usp0001ttm,5.66,mw
usp0001tv0,6.4,mwc
usp0001tv8,5.7,mwc
usp0001twa,6.2,mwc
usp0001txb,5.5,mwc
usp0001ty6,5.5,mwc
usp0001u26,5.6,mwc
usp0001u34,5.6,mwc
usp0001u45,5.3,mwc
usp0001u4p,7.4,mwc
usp0001u4r,5.66,mw
usp0001u5e,5.5,mwc
usp0001u5s,7.0,mwc
usp0001u5t,5.81,mw
usp0001u6a,5.9,mwc
usp0001u6e,6.5,mwc
usp0001u6g,6.1,mwc
usp0001u6q,5.8,mwc
usp0001u8d,5.2,mwc
usp0001u8h,5.9,mwc
usp0001u8x,6.5,mwc
usp0001uam,5.6,mwc
usp0001ubj,6.1,mwc
usp0001uc0,5.5,mwc
usp0001uc1,5.64,mw
usp0001uct,7.0,mwc
usp0001ufk,5.9,mwc
usp0001uft,5.8,mwc
usp0001ufz,5.3,mwc
usp0001ug7,5.5,mwc
usp0001ugu,5.8,mwc
usp0001uhj,6.3,mwc
usp0001uj8,6.7,mwc
usp0001und,5.8,mwc
usp0001unv,5.3,mwc
usp0001upz,5.3,mwc
usp0001uqk,5.7,mwc
usp0001uqr,5.7,mwc
usp0001ur5,6.3,mwc
usp0001usw,5.4,mwc
usp0001ut3,5.8,mwc
usp0001utq,6.0,mwc
usp0001uu7,5.7,mwc
usp0001uut,5.3,mwc
usp0001uvg,5.6,mwc
usp0001uvt,6.3,mwc
usp0001uwm,6.1,mwc
usp0001uwr,5.6,mwc
usp0001ux3,5.9,mwc
usp0001v05,5.8,mwc
usp0001v2j,5.8,mwc
usp0001v2r,5.8,mwc
usp0001v3x,5.8,mwc
usp0001v5s,5.8,mwc
usp0001v6h,6.1,mwc
usp0001v6m,5.6,mwc
usp0001v6r,6.2,mwc
usp0001v6w,6.3,mwc
usp0001v71,5.7,mwc
usp0001v7c,6.4,mwc
usp0001v7p,6.6,mwc
usp0001v7v,6.1,mwc
usp0001v8p,5.6,mwc
usp0001v96,5.9,mwc
usp0001v97,5.63,mw
usp0001vac,5.7,mwc
usp0001vbx,6.6,mwc
usp0001vf0,5.5,mwc
usp0001vgk,5.2,mwc
usp0001vk0,5.4,mwc
usp0001vk5,5.8,mwc
usp0001vmy,7.7,mwc
usp0001vn1,5.87,mw
usp0001vn4,5.93,mw
usp0001vnd,5.7,mw
usp0001vnf,5.76,mw
usp0001vp9,5.5,mw
usp0001vr5,5.5,mwc
usp0001vsm,5.3,mwc
usp0001vtb,5.3,mwc
usp0001vub,5.9,mwc
usp0001vuc,6.5,mwc
usp0001vup,6.2,mwc
usp0001vv8,5.6,mwc
usp0001vvq,6.2,mwc
usp0001vy9,5.3,mwc
usp0001vyq,5.3,mwc
usp0001vzg,5.9,mwc
usp0001vzj,5.9,mwc
usp0001vzr,6.0,mwc
usp0001vzs,5.5,mwc
usp0001w02,5.6,mwc
usp0001w0b,5.6,mwc
usp0001w1m,5.7,mwc
usp0001w40,5.7,mwc
usp0001w5c,5.8,mwc
usp0001w5q,5.4,mwc
usp0001w68,5.1,mwc
usp0001w6a,5.3,mwc
usp0001w7a,6.2,mwc
usp0001w81,6.8,mwc
usp0001w84,5.64,mw
usp0001w8q,6.2,mwc
usp0001w8z,5.9,mwc
usp0001wac,5.8,mwc
usp0001way,6.2,mwc
usp0001wb0,6.6,mwc
usp0001wcj,5.5,mwc
usp0001wcu,5.8,mwc
usp0001wd0,5.64,mw
usp0001weg,5.8,mwc
usp0001wgf,5.7,mwc
usp0001wgk,5.6,mwc
usp0001wgv,5.6,mwc
usp0001wh6,5.5,mwc
usp0001wh9,5.6,mwc
usp0001whf,5.7,mwc
usp0001whv,5.8,mwc
usp0001wjc,6.3,mwc
usp0001wk1,6.2,mwc
usp0001wk3,5.8,mw
usp0001wk4,6.5,mwc
usp0001wk7,6.1,mwc
usp0001wka,5.83,mw
usp0001wkk,5.7,mwc
usp0001wmw,6.0,mwc
usp0001wn5,6.4,mwc
usp0001wna,5.8,mwc
usp0001wnn,5.2,mwc
usp0001wq7,6.9,mwc
usp0001wr3,5.8,mwc
usp0001wra,6.0,mwc
usp0001wrg,6.4,mwc
usp0001wtb,6.2,mwc
usp0001wtx,5.9,mwc
usp0001wuh,5.3,mwc
usp0001wvu,5.2,mwc
usp0001wvw,5.88,mw
usp0001wwn,6.4,mwc
usp0001wz6,5.4,mwc
usp0001wzn,5.7,mwc
usp0001x0j,5.45,mw
usp0001x29,5.8,mwc
usp0001x37,6.2,mwc
usp0001x38,6.0,mwc
usp0001x5v,5.7,mwc
usp0001x64,5.4,mwc
usp0001x6s,5.4,mwc
usp0001x85,5.8,mwc
usp0001x99,5.7,mwc
usp0001x9n,6.2,mwc
usp0001x9q,5.4,mwc
usp0001xaq,5.8,mwc
usp0001xbn,5.4,mwc
usp0001xbr,5.9,mwc
usp0001xbu,5.27,mw
usp0001xcd,5.6,mwc
usp0001xcs,6.6,mwc
usp0001xe6,5.9,mwc
usp0001xgb,5.6,mwc
usp0001xk4,5.5,mwc
usp0001xkv,5.8,mwc
usp0001xm5,5.4,mwc
usp0001xnc,5.67,mw
usp0001xnj,5.8,mwc
usp0001xpa,6.0,mwc
usp0001xq0,5.5,mwc
usp0001xqy,7.0,mwc
usp0001xr0,6.6,mwc
usp0001xt8,5.4,mwc
usp0001xtd,5.8,mwc
usp0001xu6,5.8,mwc
usp0001xuc,5.8,mwc
usp0001xuh,5.2,mwc
usp0001xvg,5.8,mwc
usp0001xwk,5.9,mwc
usp0001xxv,6.5,mwc
usp0001xzd,6.0,mwc
usp0001y03,5.3,mwc
usp0001y0q,6.0,mwc
usp0001y1u,6.0,mwc
usp0001y1y,5.7,mwc
usp0001y3q,6.2,mwc
usp0001y3r,5.88,mw
usp0001y3t,5.9,mwc
usp0001y50,5.7,mwc
usp0001y5f,5.4,mwc
usp0001y6d,6.3,mwc
usp0001y6j,5.5,mwc
usp0001yac,6.1,mwc
usp0001yaj,5.9,mwc
usp0001yb5,5.6,mwc
usp0001ybv,5.7,mwc
usp0001ybz,6.3,mwc
usp0001yda,6.3,mwc
usp0001yds,6.0,mwc
usp0001ye2,5.5,mwc
usp0001yeb,6.0,mwc
usp0001yeg,6.5,mwc
usp0001yej,5.53,mw
usp0001yev,5.3,mwc
usp0001ygk,5.4,mwc
usp0001yhr,6.4,mwc
usp0001ykr,6.0,mwc
usp0001ym5,5.6,mwc
usp0001ymp,5.4,mwc
usp0001ymw,6.2,mwc
usp0001yps,5.4,mwc
usp0001yqn,5.5,mwc
usp0001yru,5.7,mwc
usp0001ysb,5.7,mwc
usp0001ysq,5.68,mw
usp0001yt1,6.0,mwc
usp0001yt8,5.5,mwc
usp0001ytj,7.6,mwc
usp0001ytk,5.85,mw
usp0001yua,5.2,mwc
usp0001yv8,6.1,mwc
usp0001yvj,5.8,mwc
usp0001yvs,6.5,mwc
usp0001yvz,5.5,mwc
usp0001yxh,5.8,mwc
usp0001yxn,5.7,mwc
usp0001yxr,6.0,mwc
usp0001yyw,5.2,mwc
usp0001yz2,5.5,mwc
usp0001yz7,6.0,mwc
usp0001z0k,6.6,mwc
usp0001z19,6.4,mwc
usp0001z1c,5.9,mwc
usp0001z25,6.1,mwc
usp0001z2b,6.4,mwc
usp0001z4a,5.4,mwc
usp0001z5e,7.0,mwc
usp0001z5h,6.4,mwc
usp0001z5u,6.5,mwc
usp0001z65,5.2,mwc
usp0001z6n,5.3,mwc
usp0001z7c,5.6,mwc
usp0001z8j,6.4,mwc
usp0001z9x,5.7,mwc
usp0001zb4,6.4,mwc
usp0001zbg,6.0,mwc
usp0001zbv,6.9,mwc
usp0001zda,5.55,mw
usp0001zdf,5.6,mwc
usp0001zdn,6.6,mwc
usp0001ze7,5.6,mwc
usp0001zeg,5.3,mwc
usp0001zf2,6.4,mwc
usp0001zhg,5.9,mwc
usp0001zhm,5.3,mwc
usp0001zkr,5.8,mwc
usp0001zm0,5.5,mwc
usp0001zmb,6.0,mwc
usp0001zmc,6.6,mw
usp0001zmq,6.4,mwc
usp0001zmr,5.62,mw
usp0001zmv,5.7,mwc
usp0001zqd,5.5,mwc
usp0001zux,5.8,mwc
usp0001zuz,5.3,mwc
usp0001zvq,5.3,mwc
usp0001zw1,5.5,mwc
usp0001zy5,6.0,mwc
usp0001zyk,6.1,mwc
usp0001zzc,5.6,mwc
usp0001zzs,6.7,mwc
usp0001zzv,5.55,mw
usp0002004,5.7,mwc
usp000200r,7.4,mwc
usp0002027,6.0,mwc
usp0002028,6.0,mwc
usp000202b,5.63,mw
usp0002038,6.3,mwc
usp000203t,5.4,mwc
usp000204a,5.5,mwc
usp0002052,5.3,mwc
usp0002054,5.7,mwc
usp0002056,6.0,mwc
usp000205b,5.9,mwc
usp000205j,5.6,mwc
usp000205u,7.7,mwc
usp000206n,5.7,mwc
usp000207b,7.0,mwc
usp0002081,6.1,mwc
usp000208h,6.3,mwc
usp00020bf,5.7,mwc
usp00020bk,6.0,mwc
usp00020bs,5.7,mwc
usp00020bt,5.7,mwc
usp00020bx,6.2,mwc
usp00020by,5.71,mw
usp00020dr,6.3,mwc
usp00020dv,5.63,mw
usp00020e9,5.65,mw
usp00020eu,6.4,mwc
usp00020f7,5.5,mwc
usp00020gh,6.0,mwc
usp00020gt,6.3,mwc
usp00020h9,5.9,mwc
usp00020m4,5.8,mwc
usp00020nh,5.5,mwc
usp00020nk,6.1,mwc
usp00020nn,6.1,mwc
usp00020ph,6.9,mwc
usp00020pj,6.09,mw
usp00020q0,6.2,mwc
usp00020q1,5.6,mwc
usp00020q3,6.5,mwc
usp00020q5,6.3,mwc
usp00020q7,5.5,mwc
usp00020rd,5.5,mwc
usp00020rf,5.32,mw
usp00020rz,5.8,mwc
usp00020tn,5.5,mwc
usp00020tz,5.5,mwc
usp00020ur,5.2,mwc
usp00020v3,5.8,mwc
usp00020v9,5.4,mwc
usp00020xw,7.4,mwc
usp00020xx,5.31,mw
usp00020z1,5.5,mwc
usp00020z7,7.1,mwc
usp00020zf,6.0,mwc
usp00020zz,6.4,mwc
usp000210p,5.7,mwc
usp000210q,5.7,mwc
usp000211e,5.8,mwc
usp0002125,5.71,mw
usp000213u,6.7,mwc
usp0002144,5.8,mwc
usp0002145,5.6,mwc
usp000215a,5.5,mwc
usp000215j,5.6,mwc
usp000216h,5.5,mwc
usp000216k,5.7,mwc
usp0002193,5.4,mwc
usp00021a1,6.2,mwc
usp00021ak,5.5,mwc
usp00021an,5.6,mwc
usp00021ax,5.5,mwc
usp00021b1,5.7,mwc
usp00021b2,5.5,mwc
usp00021b7,5.6,mwc
usp00021bp,5.62,mw
usp00021bw,5.6,mwc
usp00021cu,6.2,mwc
usp00021cv,6.0,mwc
usp00021d7,5.6,mwc
usp00021fg,5.5,mwc
usp00021g6,5.9,mwc
usp00021hf,5.8,mwc
usp00021hr,5.6,mwc
usp00021jw,5.5,mwc
usp00021jy,5.5,mwc
usp00021jz,5.5,mwc
usp00021kh,6.0,mwc
usp00021mm,5.7,mwc
usp00021n1,5.89,mw
usp00021n8,5.5,mwc
usp00021nb,5.5,mwc
usp00021qe,6.3,mwc
usp00021qk,6.1,mwc
usp00021rm,5.6,mwc
usp00021ry,5.8,mwc
usp00021ts,5.71,mw
usp00021u1,5.6,mwc
usp00021u7,7.5,mwc
usp00021ub,6.4,mwc
usp00021vn,6.0,mwc
usp00021w5,5.6,mwc
usp00021wr,5.7,mwc
usp00021yg,5.5,mwc
usp000221d,6.4,mwc
usp000221x,6.0,mwc
usp0002221,6.0,mwc
usp0002227,5.5,mwc
usp000223s,5.5,mwc
usp000223t,5.7,mwc
usp000225t,5.5,mwc
usp000225x,5.8,mwc
usp000227q,5.5,mwc
usp0002282,5.6,mwc
usp0002285,5.7,mwc
usp000228e,5.7,mwc
usp0002291,6.1,mwc
usp000229t,5.7,mwc
usp00022af,5.7,mwc
usp00022cs,6.0,mwc
usp00022cv,5.4,mwc
usp00022d9,6.0,mwc
usp00022es,7.2,mwc
usp00022ey,5.83,mw
usp00022f0,5.7,mwc
usp00022f8,5.4,mwc
usp00022fa,7.4,mwc
usp00022fk,5.7,mwc
usp00022gh,6.0,mwc
usp00022j3,5.9,mwc
usp00022k4,5.4,mwc
usp00022km,6.1,mwc
usp00022mz,5.7,mwc
usp00022n4,5.4,mwc
usp00022nc,6.0,mwc
usp00022nu,5.5,mwc
usp00022pz,5.6,mwc
usp00022qn,5.4,mwc
usp00022qw,5.5,mwc
usp00022s5,7.0,mwc
usp00022t3,5.5,mwc
usp00022tj,5.4,mwc
usp00022u3,5.8,mwc
usp00022ud,6.0,mwc
usp00022ug,5.7,mwc
usp00022w0,5.7,mwc
usp00022wg,5.8,mwc
usp00022wz,5.5,mwc
usp00022xe,5.9,mwc
usp00022y2,7.1,mwc
usp000231b,5.5,mwc
usp000231k,6.4,mwc
usp000231n,5.82,mw
usp0002323,5.9,mwc
usp0002331,5.8,mwc
usp000233u,5.4,mwc
usp000234b,5.6,mwc
usp0002364,5.9,mwc
usp0002373,5.47,mw
usp000237p,5.4,mwc
usp000239c,5.4,mwc
usp000239x,5.5,mwc
usp00023a6,6.0,mwc
usp00023aj,6.8,mwc
usp00023db,5.6,mwc
usp00023f2,5.4,mwc
usp00023ht,6.1,mwc
usp00023jp,5.5,mwc
usp00023mj,5.7,mwc
usp00023mz,5.63,mw
usp00023n2,6.4,mwc
usp00023nw,5.5,mwc
usp00023p5,5.7,mwc
usp00023qh,6.2,mwc
usp00023rs,6.0,mwc
usp00023sa,6.3,mwc
usp00023sd,6.2,mwc
usp00023ud,5.5,mwc
usp00023ue,6.5,mwc
usp00023uf,5.9,mwc
usp00023uq,6.9,mwc
usp00023vz,6.3,mwc
usp00023w4,5.7,mwc
usp00023x5,5.5,mwc
usp00023yh,5.6,mwc
usp00023z1,5.6,mwc
usp00023zg,5.6,mwc
usp000240a,5.6,mwc
usp000240f,5.6,mwc
usp000241e,5.5,mwc
usp000243f,5.4,mwc
usp0002443,5.5,mwc
usp0002444,5.6,mwc
usp0002467,6.0,mwc
usp000246a,5.6,mwc
usp000246s,5.6,mwc
usp000246t,5.9,mwc
usp0002472,6.1,mwc
usp000248h,5.6,mwc
usp000249a,5.5,mwc
usp00024bq,5.4,mwc
usp00024bs,5.5,mwc
usp00024cq,5.5,mwc
usp00024d5,5.6,mwc
usp00024dp,5.5,mwc
usp00024dw,5.5,mwc
usp00024em,5.7,mwc
usp00024eq,5.9,mwc
usp00024ev,6.9,mwc
usp00024fe,5.66,mw
usp00024hs,5.59,mw
usp00024ht,6.0,mwc
usp00024k1,6.1,mwc
usp00024m1,5.5,mwc
usp00024mp,5.6,mwc
usp00024mq,5.4,mwc
usp00024mr,6.4,mwc
usp00024mu,6.2,mwc
usp00024mx,6.7,mwc
usp00024n7,5.5,mwc
usp00024nd,6.4,mwc
usp00024ne,5.55,mw
usp00024nf,5.93,mw
usp00024nh,5.6,mwc
usp00024ps,5.6,mwc
usp00024q6,5.6,mwc
usp00024qb,5.4,mwc
usp00024qw,7.1,mw
usp00024t5,5.4,mwc
usp00024tt,5.4,mwc
usp00024u0,5.8,mwc
usp00024uu,5.5,mwc
usp00024ux,5.6,mwc
usp00024v1,5.6,mwc
usp00024vk,6.1,mwc
usp00024we,5.5,mwc
usp00024wg,6.0,mwc
usp00024xn,6.2,mwc
usp00024yh,5.7,mwc
usp00024z4,5.6,mwc
usp00024zq,5.6,mwc
usp0002502,5.4,mwc
usp000251s,6.6,mwc
usp000252t,5.1,mwc
usp0002530,5.7,mwc
usp000253j,6.4,mwc
usp000254b,5.5,mwc
usp0002551,5.6,mwc
usp000255c,6.2,mwc
usp000255w,5.6,mwc
usp0002568,5.7,mwc
usp000256j,6.3,mwc
usp000257x,6.7,mwc
usp0002582,6.1,mwc
usp000258c,5.8,mwc
usp000259e,5.5,mwc
usp000259h,5.7,mwc
usp00025c5,5.8,mwc
usp00025cc,6.1,mwc
usp00025cg,5.5,mwc
usp00025du,5.95,mw
usp00025e5,5.98,mw
usp00025ek,5.6,mwc
usp00025ev,6.1,mwc
usp00025f1,5.5,mwc
usp00025fa,5.5,mwc
usp00025fk,5.7,mwc
usp00025ft,5.4,mwc
usp00025g4,5.5,mwc
usp00025ga,5.6,mwc
usp00025gm,6.6,mwc
usp00025hk,5.7,mwc
usp00025k3,5.6,mwc
usp00025m4,5.4,mwc
usp00025mm,6.6,mwc
usp00025n4,5.5,mwc
usp00025n6,5.5,mwc
usp00025ng,5.5,mwc
usp00025nr,5.8,mwc
usp00025q8,5.4,mwc
usp00025re,5.5,mwc
usp00025sh,6.2,mwc
usp00025tf,6.0,mwc
usp00025uc,5.5,mwc
usp00025uv,5.5,mwc
usp00025v0,5.8,mwc
usp00025vd,5.5,mwc
usp00025xm,5.5,mwc
usp00025xn,5.7,mwc
usp00025y3,6.3,mwc
usp00025yg,5.8,mwc
usp00025zs,5.8,mwc
usp000260q,5.6,mwc
usp000260v,5.6,mwc
usp000261r,5.4,mwc
usp000263q,5.7,mwc
usp0002647,5.5,mwc
usp0002667,5.5,mwc
usp000266g,5.4,mwc
usp000266j,5.8,mwc
usp000268f,7.4,mwc
usp000268g,6.9,mwc
usp000268r,5.5,mwc
usp00026b4,6.1,mwc
usp00026c9,5.4,mwc
usp00026cd,5.6,mwc
usp00026cn,5.5,mwc
usp00026dt,5.8,mwc
usp00026em,5.4,mwc
usp00026et,5.5,mwc
usp00026g2,5.5,mwc
usp00026gm,5.4,mwc
usp00026gn,5.5,mwc
usp00026hk,5.5,mw
usp00026m1,5.7,mwc
usp00026m2,5.5,mwc
usp00026mn,5.8,mwc
usp00026mp,5.8,mwc
usp00026nw,6.1,mwc
usp00026pp,5.8,mwc
usp00026r0,5.5,mwc
usp00026r8,6.4,mwc
usp00026sb,5.6,mwc
usp00026ta,5.8,mwc
usp00026ts,5.7,mwc
usp00026vf,5.9,mwc
usp00026vk,5.9,mwc
usp00026w8,5.6,mwc
usp00026wk,6.4,mwc
usp00026wr,6.2,mwc
usp00026xs,5.7,mwc
usp00026y6,5.7,mw
usp0002733,5.4,mwc
usp0002735,5.9,mwc
usp000273t,5.7,mwc
usp000274m,5.7,mwc
usp000275m,5.8,mwc
usp000278e,6.6,mwc
usp000279m,6.1,mwc
usp00027aw,5.4,mwc
usp00027cb,6.2,mwc
usp00027d9,5.7,mwc
usp00027ek,5.5,mwc
usp00027ep,5.7,mwc
usp00027f2,5.5,mwc
usp00027f9,6.2,mwc
usp00027fd,6.2,mwc
usp00027g4,5.5,mwc
usp00027ga,6.8,mw
usp00027gh,5.7,mwc
usp00027gq,5.6,mwc
usp00027gr,5.7,mwc
usp00027hb,5.5,mwc
usp00027hf,5.5,mwc
usp00027hu,5.5,mwc
usp00027j0,5.6,mwc
usp00027j1,5.6,mwc
usp00027ju,5.6,mwc
usp00027kk,5.4,mwc
usp00027ks,5.5,mwc
usp00027ku,5.7,mw
usp00027m1,6.1,mwc
usp00027m6,5.8,mwc
usp00027m7,6.1,mwc
usp00027my,5.9,mwc
usp00027pe,5.5,mwc
usp00027q8,5.6,mwc
usp00027rt,6.5,mwc
usp00027rx,6.0,mwc
usp00027s7,6.1,mwc
usp00027ts,5.9,mwc
usp00027un,5.9,mw
usp00027uw,5.5,mwc
usp00027v9,5.46,mw
usp00027x6,6.3,mwc
usp00027xu,5.5,mwc
usp00027y5,5.5,mwc
usp00027yc,5.8,mwc
usp0002802,5.6,mwc
usp000281e,5.6,mwc
usp000281m,5.6,mwc
usp000281w,5.5,mwc
usp0002825,5.5,mwc
usp000282m,5.6,mwc
usp000283e,6.2,mwc
usp000283g,5.8,mwc
usp000283t,6.0,mwc
usp000283y,6.2,mwc
usp000284e,5.9,mwc
usp000284k,5.5,mwc
usp000284x,5.5,mwc
usp000286c,7.1,mwc
usp00028a7,6.0,mwc
usp00028ac,5.7,mwc
usp00028af,5.6,mwc
usp00028ar,5.7,mwc
usp00028b7,6.1,mwc
usp00028ba,5.5,mwc
usp00028bj,5.5,mwc
usp00028bp,5.4,mwc
usp00028d4,5.5,mwc
usp00028gh,5.5,mwc
usp00028ha,5.6,mwc
usp00028he,6.2,mwc
usp00028hw,6.1,mwc
usp00028je,5.5,mwc
usp00028mq,6.5,mwc
usp00028ms,6.5,mwc
usp00028nd,5.8,mwc
usp00028ne,5.5,mwc
usp00028pr,7.0,mwc
usp00028pw,5.79,mw
usp00028q3,6.3,mwc
usp00028qm,5.5,mwc
usp00028qq,5.7,mwc
usp00028sx,5.4,mwc
usp00028tb,5.9,mwc
usp00028u6,5.9,mwc
usp00028u7,5.6,mwc
usp00028vw,5.6,mwc
usp00028w0,5.5,mwc
usp00028we,5.9,mwc
usp00028y8,5.62,mw
usp00028z3,5.7,mwc
usp00028zk,5.6,mwc
usp00028zn,5.5,mwc
usp0002903,5.5,mwc
usp0002907,5.5,mwc
usp000291s,5.5,mwc
usp000292p,7.0,mwc
usp000292v,6.3,mwc
usp0002943,5.4,mwc
usp0002946,5.4,mwc
usp000294p,5.53,mw
usp000294z,7.1,mwc
usp0002954,5.7,mwc
usp000295b,5.6,mwc
usp000295c,6.7,mwc
usp000295g,5.5,mwc
usp000295j,5.6,mwc
usp000295p,6.2,mwc
usp000295t,5.7,mwc
usp000296s,5.8,mwc
usp000296y,5.6,mwc
usp000297p,7.5,mwc
usp000298z,6.4,mwc
usp0002994,6.1,mwc
usp000299d,6.0,mwc
usp00029a8,5.8,mwc
usp00029ad,6.4,mwc
usp00029b1,6.4,mw
usp00029b2,6.8,mwc
usp00029b6,6.0,mwc
usp00029bs,5.6,mwc
usp00029ck,5.5,mwc
usp00029g4,5.5,mwc
usp00029gh,5.67,mw
usp00029hz,5.8,mwc
usp00029j9,5.7,mwc
usp00029jb,5.7,mwc
usp00029ks,5.5,mwc
usp00029q7,6.4,mwc
usp00029qy,6.1,mwc
usp00029r8,6.4,mwc
usp00029re,5.14,mw
usp00029sa,5.6,mwc
usp00029te,5.6,mwc
usp00029uw,5.8,mwc
usp00029v0,6.1,mwc
usp00029vv,5.9,mwc
usp00029w7,5.6,mwc
usp00029xd,5.6,mwc
usp00029ye,6.4,mwc
usp00029z5,5.5,mwc
usp00029zq,5.5,mwc
usp0002a44,5.9,mwc
usp0002a5j,6.1,mwc
usp0002a5m,6.0,mwc
usp0002a7n,5.7,mwc
usp0002a90,5.9,mwc
usp0002a9w,5.5,mwc
usp0002aa1,6.2,mwc
usp0002acm,6.2,mw
usp0002acw,5.9,mwc
usp0002ae8,5.5,mwc
usp0002afy,6.7,mwc
usp0002agb,5.7,mwc
usp0002age,5.6,mwc
usp0002agk,5.6,mwc
usp0002ajh,5.5,mwc
usp0002ajn,5.4,mwc
usp0002ajr,5.7,mwc
usp0002ajv,6.8,mwc
usp0002ajx,6.0,mwc
usp0002akb,5.8,mwc
usp0002akg,5.5,mwc
usp0002akt,6.0,mwc
usp0002an3,5.9,mwc
usp0002anu,5.7,mwc
usp0002aq1,5.6,mwc
usp0002aq6,5.8,mwc
usp0002arc,5.5,mwc
usp0002arg,6.1,mwc
usp0002arp,5.7,mwc
usp0002at7,5.5,mwc
usp0002au5,5.74,mw
usp0002aum,5.5,mw
usp0002av1,5.6,mwc
usp0002avv,5.5,mwc
usp0002awg,5.53,mw
usp0002axq,6.0,mwc
usp0002ay7,5.8,mwc
usp0002ayf,5.6,mwc
usp0002ayg,6.1,mwc
usp0002ayz,5.6,mwc
usp0002b0f,5.4,mwc
usp0002b1m,5.4,mwc
usp0002b2j,5.9,mwc
usp0002b4q,6.1,mwc
usp0002b4s,6.1,mwc
usp0002b5g,6.3,mwc
usp0002b7w,6.7,mwc
usp0002bac,5.5,mwc
usp0002bae,5.6,mwc
usp0002bb2,5.6,mwc
usp0002bbj,5.91,mw
usp0002bce,5.8,mwc
usp0002bct,5.9,mwc
usp0002bdy,5.6,mwc
usp0002bgt,6.1,mw
usp0002bgv,5.5,mwc
usp0002bgy,6.3,mwc
usp0002bh0,5.7,mwc
usp0002bhs,5.8,mwc
usp0002bjn,5.5,mwc
usp0002bjw,5.4,mwc
usp0002bkb,5.9,mwc
usp0002bt5,5.7,mwc
usp0002btc,5.55,mw
usp0002bvj,5.5,mwc
usp0002bw7,5.6,mwc
usp0002bz3,5.6,mwc
usp0002bz4,5.79,mw
usp0002bzp,5.5,mwc
usp0002c0k,5.6,mwc
usp0002c0z,5.5,mwc
usp0002c3g,5.7,mwc
usp0002c3m,5.6,mwc
usp0002c4c,5.6,mwc
usp0002c5y,6.2,mwc
usp0002c60,5.81,mw
usp0002c6a,5.5,mwc
usp0002c6b,5.9,mwc
usp0002c7e,5.6,mwc
usp0002c9d,5.4,mwc
usp0002c9r,5.8,mwc
usp0002ca1,6.0,mwc
usp0002cad,5.4,mwc
usp0002car,5.5,mwc
usp0002cau,6.4,mwc
usp0002cb4,5.9,mwc
usp0002cbw,6.6,mwc
usp0002ccy,5.93,mw
usp0002ccz,8.0,mw
usp0002cd0,6.2,mw
usp0002cd1,6.02,mw
usp0002cd3,7.3,mwc
usp0002cde,6.44,mw
usp0002cdg,6.57,mw
usp0002cdj,6.3,mwc
usp0002cdk,5.68,mw
usp0002cdm,5.65,mw
usp0002ce9,5.7,mwc
usp0002cec,6.3,mwc
usp0002cek,6.1,mwc
usp0002cez,5.83,mw
usp0002cfr,6.1,mwc
usp0002cft,5.87,mw
usp0002cgz,5.7,mwc
usp0002chr,5.8,mwc
usp0002cj0,5.4,mwc
usp0002cjb,5.8,mwc
usp0002cjv,5.6,mwc
usp0002cjy,5.4,mwc
usp0002cmd,6.1,mwc
usp0002cmm,5.6,mwc
usp0002cp1,5.5,mwc
usp0002cp2,5.71,mw
usp0002cpr,5.4,mwc
usp0002cq6,5.7,mwc
usp0002cqn,5.5,mwc
usp0002cr8,5.5,mwc
usp0002cs5,5.8,mwc
usp0002cuh,6.4,mwc
usp0002cv3,5.61,mw
usp0002cv9,5.5,mwc
usp0002cwc,5.9,mwc
usp0002cxs,5.6,mwc
usp0002cy6,6.3,mwc
usp0002cy7,5.73,mw
usp0002cz9,6.5,mwc
usp0002d0r,6.5,mwc
usp0002d14,6.6,mwc
usp0002d1e,5.8,mwc
usp0002d47,6.3,mwc
usp0002d52,5.7,mwc
usp0002d53,5.5,mwc
usp0002d5f,5.4,mwc
usp0002d5w,5.7,mwc
usp0002d6c,6.3,mwc
usp0002d6h,5.4,mwc
usp0002d6k,6.2,mwc
usp0002d71,5.6,mwc
usp0002d7p,5.5,mwc
usp0002d87,6.0,mwc
usp0002d95,6.3,mwc
usp0002daq,5.7,mwc
usp0002dc5,5.7,mwc
usp0002ddx,5.6,mwc
usp0002de6,6.1,mwc
usp0002de9,5.5,mwc
usp0002ded,6.4,mwc
usp0002dg0,5.6,mwc
usp0002dgk,5.4,mwc
usp0002dj8,6.4,mwc
usp0002dks,5.9,mwc
usp0002dku,6.0,mwc
usp0002dm4,7.1,mwc
usp0002dme,6.1,mwc
usp0002dp4,6.3,mwc
usp0002dpd,5.4,mwc
usp0002dpz,5.8,mwc
usp0002dq5,5.6,mwc
usp0002dqx,6.0,mwc
usp0002drm,5.9,mwc
usp0002drr,6.9,mwc
usp0002dst,5.8,mwc
usp0002dtw,5.5,mwc
usp0002dwv,5.7,mwc
usp0002dwy,5.7,mwc
usp0002dy0,6.1,mwc
usp0002dz1,6.3,mwc
usp0002dzt,5.6,mwc
usp0002dzw,5.9,mwc
usp0002e2z,6.8,mwc
usp0002e3e,6.1,mwc
usp0002e43,5.6,mwc
usp0002e4w,6.0,mwc
usp0002e5g,5.5,mwc
usp0002e5u,5.5,mwc
usp0002e6x,5.6,mwc
usp0002e6y,5.5,mwc
usp0002e7e,5.9,mwc
usp0002e81,5.6,mwc
usp0002e8b,5.9,mwc
usp0002e8u,5.9,mwc
usp0002e91,5.8,mwc
usp0002e9e,5.5,mwc
usp0002eaw,5.6,mwc
usp0002ec4,6.5,mwc
usp0002ecu,6.3,mwc
usp0002ed2,5.5,mwc
usp0002edn,5.8,mwc
usp0002egc,5.9,mwc
usp0002egj,5.6,mwc
usp0002egt,6.2,mwc
usp0002ej4,5.4,mwc
usp0002ejb,5.6,mwc
usp0002ejf,5.5,mwc
usp0002ek7,5.8,mwc
usp0002ekx,5.6,mwc
usp0002ekz,6.2,mwc
usp0002em0,5.63,mw
usp0002en1,7.2,mwc
usp0002en9,5.86,mw
usp0002es8,5.5,mwc
usp0002etu,6.0,mwc
usp0002eu6,6.3,mwc
usp0002euv,5.7,mwc
usp0002evn,6.4,mwc
usp0002evv,5.5,mwc
usp0002ew9,6.3,mwc
usp0002eyg,5.9,mwc
usp0002ez5,5.5,mwc
usp0002ez8,5.8,mwc
usp0002ezu,6.2,mwc
usp0002f0n,5.8,mwc
usp0002f5h,6.1,mwc
usp0002f6p,5.7,mwc
usp0002fab,5.8,mwc
usp0002fb8,5.5,mwc
usp0002fbc,5.7,mwc
usp0002fbj,5.5,mwc
usp0002fc9,6.0,mwc
usp0002fd7,5.6,mwc
usp0002fds,5.7,mwc
usp0002feu,5.7,mwc
usp0002few,5.8,mwc
usp0002fez,5.4,mwc
usp0002ffh,6.2,mwc
usp0002ffr,5.5,mwc
usp0002ffw,6.6,mwc
usp0002fgt,6.2,mwc
usp0002fh3,5.4,mwc
usp0002fh5,5.6,mwc
usp0002fjt,6.3,mwc
usp0002fjz,6.4,mwc
usp0002fk9,5.6,mwc
usp0002fke,5.53,mw
usp0002fmc,5.4,mwc
usp0002fne,5.5,mwc
usp0002fq7,5.5,mwc
usp0002fqu,6.3,mwc
usp0002frf,5.5,mwc
usp0002fs0,5.62,mw
usp0002fs7,5.9,mwc
usp0002fwm,5.4,mwc
usp0002fxr,5.5,mwc
usp0002g11,5.9,mwc
usp0002g2p,5.7,mwc
usp0002g32,6.5,mwc
usp0002g34,5.63,mw
usp0002g35,5.63,mw
usp0002g36,5.9,mw
usp0002g3d,6.3,mwc
usp0002g66,5.9,mwc
usp0002g6c,5.4,mwc
usp0002g7u,5.6,mwc
usp0002g8c,5.6,mwc
usp0002g8k,5.6,mw
usp0002ga5,5.4,mwc
usp0002gab,5.5,mwc
usp0002gbg,5.6,mwc
usp0002gbh,5.9,mwc
usp0002gc2,6.4,mwc
usp0002gc3,7.2,mwc
usp0002gcy,6.4,mwc
usp0002gdg,5.6,mwc
usp0002gfb,5.5,mwc
usp0002ggc,6.2,mwc
usp0002ggm,5.5,mwc
usp0002gh1,5.5,mwc
usp0002gja,6.0,mwc
usp0002gkk,5.9,mwc
usp0002gm3,6.3,mwc
usp0002gn1,5.7,mwc
usp0002gnd,6.1,mwc
usp0002gpy,5.5,mwc
usp0002grv,5.4,mwc
usp0002gry,5.5,mwc
usp0002gv2,5.9,mwc
usp0002gv7,5.5,mwc
usp0002gvc,6.0,mwc
usp0002gvn,5.9,mwc
usp0002gx2,6.0,mwc
usp0002gz6,5.6,mwc
usp0002h02,5.8,mwc
usp0002h04,6.8,mwc
usp0002h3q,5.7,mwc
usp0002h4k,5.9,mwc
usp0002h5q,6.3,mwc
usp0002h5w,5.6,mwc
usp0002h5z,7.4,mwc
usp0002h8p,5.6,mwc
usp0002h9w,5.7,mwc
usp0002ha9,5.5,mwc
usp0002hap,6.3,mwc
usp0002hbr,6.4,mwc
usp0002hbt,5.8,mwc
usp0002hdn,5.6,mw
usp0002he6,5.6,mwc
usp0002he7,5.9,mwc
usp0002hft,5.5,mwc
usp0002hgq,6.2,mwc
usp0002hgr,5.63,mw
usp0002hh2,5.6,mwc
usp0002hhe,6.0,mwc
usp0002hj2,6.1,mwc
usp0002hjh,5.6,mwc
usp0002hk3,5.7,mwc
usp0002hke,5.9,mwc
usp0002hky,6.2,mwc
usp0002hmc,6.2,mwc
usp0002hmv,6.4,mwc
usp0002hmw,5.8,mw
usp0002hp1,5.5,mwc
usp0002hpc,5.89,mw
usp0002hqe,5.4,mwc
usp0002hqf,5.5,mwc
usp0002ht2,5.6,mwc
usp0002htv,5.6,mwc
usp0002hvj,5.4,mwc
usp0002hw6,5.9,mwc
usp0002hwz,5.7,mwc
usp0002hz7,5.8,mwc
usp0002hz9,6.3,mwc
usp0002j0z,5.6,mwc
usp0002j21,6.9,mwc
usp0002j2k,5.62,mw
usp0002j36,5.5,mwc
usp0002j3w,5.5,mwc
usp0002j5q,5.9,mwc
usp0002j6b,5.6,mwc
usp0002j6e,5.5,mwc
usp0002j7t,6.6,mwc
usp0002j82,5.7,mwc
usp0002jb4,5.5,mwc
usp0002jde,5.7,mwc
usp0002jes,5.5,mwc
usp0002jfa,5.5,mwc
usp0002jg3,5.7,mwc
usp0002jg8,5.7,mwc
usp0002jgj,5.4,mwc
usp0002jjm,5.6,mwc
usp0002jkc,6.4,mwc
usp0002jkn,6.4,mwc
usp0002jkz,5.47,mw
usp0002jnu,5.8,mwc
usp0002jnv,5.9,mwc
usp0002jnx,5.9,mwc
usp0002jp1,6.1,mwc
usp0002jsb,6.04,mw
usp0002jsc,6.3,mwc
usp0002jse,5.68,mw
usp0002jsf,6.3,mwc
usp0002jsu,6.0,mwc
usp0002jsz,5.7,mwc
usp0002jt5,5.8,mwc
usp0002jua,5.7,mwc
usp0002jvz,5.5,mwc
usp0002jwe,8.0,mwc
usp0002jy9,5.4,mwc
usp0002jyp,7.5,mwc
usp0002jz4,5.55,mw
usp0002jza,5.6,mwc
usp0002k0g,5.7,mwc
usp0002k31,5.9,mwc
usp0002k3m,5.7,mwc
usp0002k3r,5.4,mwc
usp0002k4s,6.9,mwc
usp0002k4w,5.78,mw
usp0002k69,6.6,mwc
usp0002k6m,6.0,mwc
usp0002k6x,5.6,mwc
usp0002k8y,5.6,mwc
usp0002kc1,5.7,mwc
usp0002kcq,5.4,mwc
usp0002kct,5.7,mw
usp0002kd8,5.4,mwc
usp0002key,6.0,mwc
usp0002kf6,5.9,mwc
usp0002kfd,5.5,mwc
usp0002kgp,6.6,mwc
usp0002khr,6.1,mwc
usp0002kkm,5.8,mwc
usp0002km5,6.4,mwc
usp0002kmh,6.6,mwc
usp0002kq9,6.2,mwc
usp0002kr6,5.8,mwc
usp0002kre,6.4,mwc
usp0002ks3,5.8,mwc
usp0002kwk,5.5,mwc
usp0002kwp,5.7,mwc
usp0002kzq,5.9,mwc
usp0002kzr,5.4,mwc
usp0002m15,5.58,mw
usp0002m1d,5.7,mwc
usp0002m2u,5.5,mwc
usp0002m3v,5.9,mwc
usp0002m4c,6.0,mwc
usp0002m6e,5.8,mwc
usp0002m71,5.7,mwc
usp0002m7d,5.9,mwc
usp0002m8u,6.1,mwc
usp0002m8x,6.4,mwc
usp0002m91,5.9,mwc
usp0002mad,5.8,mwc
usp0002mbh,6.1,mwc
usp0002mbn,6.4,mwc
usp0002mcm,5.7,mwc
usp0002mdn,6.2,mwc
usp0002mdr,5.53,mw
usp0002mfd,5.6,mwc
usp0002mgm,6.1,mwc
usp0002mhs,6.5,mwc
usp0002mhx,6.0,mwc
usp0002mjr,6.1,mwc
usp0002mju,5.7,mwc
usp0002mkg,5.7,mwc
usp0002mmu,5.8,mwc
usp0002mn1,5.5,mwc
usp0002mph,6.3,mwc
usp0002mrx,5.5,mwc
usp0002msj,6.0,mwc
usp0002mu8,6.4,mwc
usp0002mvw,7.1,mwc
usp0002mw5,6.0,mwc
usp0002mwm,5.6,mwc
usp0002mxg,5.6,mwc
usp0002n1h,5.5,mwc
usp0002n29,6.1,mwc
usp0002n7t,5.4,mwc
usp0002n7x,5.4,mwc
usp0002n85,5.7,mwc
usp0002n92,5.6,mwc
usp0002n9p,5.5,mwc
usp0002na6,5.5,mwc
usp0002na9,6.9,mwc
usp0002nae,7.0,mwc
usp0002nam,5.9,mwc
usp0002nb1,5.6,mwc
usp0002nbt,5.4,mwc
usp0002nby,5.4,mwc
usp0002nd0,6.0,mwc
usp0002nft,5.5,mwc
usp0002nge,5.8,mwc
usp0002nmd,6.0,mwc
usp0002nud,5.63,mw
usp0002nut,6.2,mwc
usp0002nvh,5.7,mwc
usp0002nx8,6.1,mwc
usp0002nxp,5.7,mw
usp0002nxq,6.5,mwc
usp0002nyc,5.7,mwc
usp0002nz9,5.7,mwc
usp0002nzc,5.7,mwc
usp0002p2k,5.5,mwc
usp0002p3u,5.8,mwc
usp0002p4n,7.1,mwc
usp0002p4u,6.5,mwc
usp0002p5a,6.2,mwc
usp0002p8f,6.0,mwc
usp0002p8m,6.0,mwc
usp0002p9m,6.7,mwc
usp0002pak,5.5,mwc
usp0002pbe,6.2,mwc
usp0002pbf,5.9,mwc
usp0002pbg,5.7,mwc
usp0002pcu,5.8,mwc
usp0002pcw,5.7,mwc
usp0002pdk,5.56,mw
usp0002pdm,5.72,mw
usp0002pdy,6.1,mwc
usp0002pfd,6.5,mwc
usp0002phb,6.3,mwc
usp0002phr,6.1,mwc
usp0002pkg,6.1,mwc
usp0002pkh,5.63,mw
usp0002pmt,5.7,mwc
usp0002ppd,5.5,mwc
usp0002pqg,6.1,mwc
usp0002pry,5.6,mwc
usp0002psk,5.8,mwc
usp0002pup,5.6,mwc
usp0002puz,5.5,mwc
usp0002py5,5.6,mwc
usp0002pyf,5.64,mw
usp0002pz0,5.6,mwc
usp0002q06,5.6,mwc
usp0002q1g,5.5,mwc
usp0002q30,7.0,mwc
usp0002q31,7.1,mw
usp0002q3j,5.8,mwc
usp0002q3r,5.4,mwc
usp0002q43,6.0,mwc
usp0002q44,5.6,mwc
usp0002q4b,5.7,mwc
usp0002q50,5.63,mw
usp0002q6b,5.5,mwc
usp0002qaw,6.2,mwc
usp0002qb1,5.6,mwc
usp0002qdh,5.5,mwc
usp0002qft,6.0,mwc
usp0002qg0,5.5,mwc
usp0002qh9,5.9,mwc
usp0002qj5,5.7,mwc
usp0002qna,5.9,mwc
usp0002qpu,6.4,mwc
usp0002qtu,5.6,mwc
usp0002qw0,5.4,mwc
usp0002qwf,5.8,mwc
usp0002qxj,6.2,mwc
usp0002qxr,5.8,mwc
usp0002qxt,5.7,mwc
usp0002qy9,5.6,mwc
usp0002qyd,5.7,mwc
usp0002qz3,5.7,mwc
usp0002r03,5.5,mwc
usp0002r19,5.8,mwc
usp0002r49,6.0,mwc
usp0002r51,5.8,mwc
usp0002r55,5.7,mwc
usp0002r8a,5.4,mwc
usp0002r8m,5.9,mwc
usp0002r9s,6.2,mwc
usp0002rae,5.5,mwc
usp0002rbt,5.8,mwc
usp0002rdu,5.8,mwc
usp0002re0,5.5,mwc
usp0002ree,5.6,mwc
usp0002req,5.7,mwc
usp0002rer,5.8,mwc
usp0002rjh,6.1,mwc
usp0002rjw,6.5,mwc
usp0002rk6,5.4,mwc
usp0002rkd,5.8,mwc
usp0002rke,5.92,mw
usp0002rm4,6.4,mwc
usp0002rpn,5.7,mwc
usp0002rs6,5.5,mwc
usp0002rtg,6.1,mwc
usp0002ruk,5.5,mwc
usp0002rus,6.0,mwc
usp0002rv1,6.1,mwc
usp0002rvw,6.3,mwc
usp0002rw5,5.6,mwc
usp0002rxm,5.7,mwc
usp0002rzr,5.5,mwc
usp0002s1f,5.4,mwc
usp0002s1g,5.5,mwc
usp0002s1s,5.9,mwc
usp0002s2h,5.6,mwc
usp0002s2r,5.5,mwc
usp0002s2w,5.8,mwc
usp0002s3q,6.1,mwc
usp0002s6g,6.2,mwc
usp0002s7q,6.6,mwc
usp0002s87,5.5,mwc
usp0002s9f,5.7,mwc
usp0002sa0,5.4,mwc
usp0002sam,5.7,mwc
usp0002san,6.3,mwc
usp0002sb7,5.9,mwc
usp0002sbw,5.6,mwc
usp0002sce,5.7,mwc
usp0002sdv,5.5,mwc
usp0002sdx,5.8,mwc
usp0002se2,5.33,mw
usp0002ser,5.7,mwc
usp0002sht,5.9,mwc
usp0002shz,5.6,mwc
usp0002sr7,5.5,mwc
usp0002srz,5.6,mwc
usp0002st5,5.8,mwc
usp0002stb,6.1,mwc
usp0002suq,6.0,mwc
usp0002svj,5.7,mwc
usp0002swe,6.3,mwc
usp0002swx,5.7,mwc
usp0002sx0,6.3,mwc
usp0002sxa,5.4,mwc
usp0002sxt,5.5,mwc
usp0002sy7,5.8,mwc
usp0002syk,6.3,mwc
usp0002t21,6.8,mw
usp0002t3e,5.9,mwc
usp0002t4n,5.8,mwc
usp0002t6g,5.5,mwc
usp0002t74,5.5,mwc
usp0002t7d,5.9,mwc
usp0002t82,5.9,mwc
usp0002tb1,5.5,mwc
usp0002tcb,6.9,mwc
usp0002tck,5.6,mwc
usp0002tcp,5.7,mwc
usp0002tcx,5.6,mwc
usp0002tdk,5.8,mwc
usp0002tdn,6.1,mwc
usp0002te1,5.5,mwc
usp0002tee,6.1,mwc
usp0002thr,6.0,mwc
usp0002thv,5.9,mwc
usp0002thy,5.4,mwc
usp0002tj3,5.7,mwc
usp0002tj6,5.8,mwc
usp0002tjd,5.5,mwc
usp0002tmj,6.2,mwc
usp0002tmu,7.9,mwc
usp0002tna,5.8,mw
usp0002tne,6.02,mw
usp0002tnh,5.86,mw
usp0002tp0,6.05,mw
usp0002tp1,5.74,mw
usp0002tpa,5.69,mw
usp0002tps,5.86,mw
usp0002tq1,6.4,mwc
usp0002trj,6.4,mwc
usp0002tsp,5.91,mw
usp0002tsq,5.77,mw
usp0002ttu,5.9,mwc
usp0002ttz,5.9,mwc
usp0002tux,5.6,mwc
usp0002tv0,5.4,mwc
usp0002tvn,6.5,mwc
usp0002twn,5.7,mwc
usp0002tws,5.6,mwc
usp0002tx1,5.4,mwc
usp0002tyq,5.7,mwc
usp0002tyr,5.6,mwc
usp0002tz6,5.8,mwc
usp0002u0n,5.5,mwc
usp0002u0x,6.4,mwc
usp0002u1f,5.6,mwc
usp0002u2u,5.8,mwc
usp0002u3x,6.5,mw
usp0002u6y,5.8,mwc
usp0002u79,6.2,mwc
usp0002u7a,5.61,mw
usp0002u85,5.5,mwc
usp0002u8a,5.4,mwc
usp0002u8k,6.3,mwc
usp0002uas,5.5,mwc
usp0002ubj,5.7,mwc
usp0002uce,6.0,mwc
usp0002ueb,5.9,mwc
usp0002uf3,6.8,mwc
usp0002uf4,7.1,mwc
usp0002uf6,5.61,mw
usp0002ug1,5.57,mw
usp0002ug4,6.0,mwc
usp0002ugq,5.86,mw
usp0002uhc,5.5,mwc
usp0002ukk,5.6,mwc
usp0002umf,5.5,mwc
usp0002upe,5.9,mwc
usp0002upj,5.6,mwc
usp0002uq6,5.9,mwc
usp0002uqn,5.7,mwc
usp0002urh,6.0,mwc
usp0002us1,5.6,mwc
usp0002utb,5.7,mwc
usp0002uua,5.5,mwc
usp0002uuj,5.8,mwc
usp0002uw8,5.9,mwc
usp0002uyh,5.8,mwc
usp0002uyr,6.0,mwc
usp0002uz0,6.2,mwc
usp0002v03,5.5,mwc
usp0002v1g,5.5,mwc
usp0002v1v,5.7,mwc
usp0002v26,5.8,mwc
usp0002v2c,5.7,mwc
usp0002v33,5.5,mwc
usp0002v3n,7.0,mwc
usp0002v3z,5.7,mwc
usp0002v45,5.5,mwc
usp0002v4j,6.0,mwc
usp0002v4y,6.5,mwc
usp0002v5r,6.4,mwc
usp0002v6r,6.3,mwc
usp0002v72,5.9,mwc
usp0002v7f,6.1,mwc
usp0002v7n,5.5,mwc
usp0002v80,6.0,mwc
usp0002v81,5.8,mwc
usp0002v88,5.6,mwc
usp0002vbq,6.6,mwc
usp0002vbr,7.2,mwc
usp0002vbx,6.4,mwc
usp0002vcj,5.8,mwc
usp0002vcm,5.9,mwc
usp0002vg9,6.5,mwc
usp0002vhq,5.5,mwc
usp0002vhy,6.1,mwc
usp0002vj6,5.5,mwc
usp0002vj9,5.7,mwc
usp0002vjg,5.7,mwc
usp0002vjn,5.8,mwc
usp0002vky,5.9,mwc
usp0002vm4,6.0,mwc
usp0002vm7,5.85,mw
usp0002vme,5.9,mwc
usp0002vmg,5.9,mwc
usp0002vmj,5.7,mwc
usp0002vn7,5.7,mwc
usp0002vnh,5.5,mwc
usp0002vnp,5.7,mwc
usp0002vqk,5.6,mwc
usp0002vqx,5.5,mwc
usp0002vr4,6.1,mw
usp0002vr6,5.72,mw
usp0002vr7,6.0,mwc
usp0002vrr,5.9,mwc
usp0002vss,6.3,mwc
usp0002vtb,5.73,mw
usp0002vvr,5.5,mwc
usp0002vw0,6.8,mw
usp0002vw4,6.12,mw
usp0002vxe,5.6,mwc
usp0002vyg,5.7,mwc
usp0002vyn,5.5,mwc
usp0002vyu,5.9,mwc
usp0002vzd,5.9,mwc
usp0002w2h,6.5,mwc
usp0002w2z,5.4,mwc
usp0002w3x,5.6,mwc
usp0002w52,5.4,mwc
usp0002w5k,5.6,mwc
usp0002w5q,6.3,mwc
usp0002w5r,5.9,mwc
usp0002w6p,6.0,mwc
usp0002w80,5.4,mwc
usp0002w9f,5.5,mwc
usp0002wbg,5.4,mwc
usp0002wdp,5.9,mwc
usp0002wg7,5.8,mwc
usp0002wg8,5.81,mw
usp0002wh5,6.1,mwc
usp0002wjk,5.4,mwc
usp0002wkd,5.8,mwc
usp0002wn0,5.7,mwc
usp0002wn7,5.5,mwc
usp0002wq1,5.5,mwc
usp0002wqp,5.7,mwc
usp0002wrd,5.5,mwc
usp0002wsn,5.5,mwc
usp0002wtq,5.6,mwc
usp0002wtw,5.6,mwc
usp0002wu0,5.5,mwc
usp0002wuj,5.9,mwc
usp0002wxd,5.8,mwc
usp0002wyn,5.7,mwc
usp0002wzv,5.5,mwc
usp0002x0r,6.2,mwc
usp0002x1t,5.4,mwc
usp0002x1v,5.6,mwc
usp0002x23,5.62,mw
usp0002x2m,5.8,mwc
usp0002x3j,5.7,mwc
usp0002x57,7.5,mwc
usp0002x5n,5.88,mw
usp0002x5t,5.89,mw
usp0002x61,6.2,mwc
usp0002x7a,6.4,mwc
usp0002x7d,6.0,mwc
usp0002x8a,6.4,mwc
usp0002x8b,6.29,mw
usp0002x8d,5.58,mw
usp0002x94,6.1,mwc
usp0002x9g,5.8,mwc
usp0002x9y,5.5,mwc
usp0002xba,6.2,mwc
usp0002xbv,5.5,mwc
usp0002xc0,6.4,mwc
usp0002xd5,5.5,mwc
usp0002xfa,5.5,mwc
usp0002xfn,6.4,mwc
usp0002xgr,5.5,mw
usp0002xgy,5.5,mwc
usp0002xhm,5.4,mwc
usp0002xjb,5.9,mwc
usp0002xju,5.9,mwc
usp0002xjw,5.92,mw
usp0002xjx,5.53,mw
usp0002xpm,7.2,mwc
usp0002xpz,5.9,mwc
usp0002xuh,6.1,mwc
usp0002xvy,5.7,mwc
usp0002xwt,5.6,mwc
usp0002xy9,5.5,mwc
usp0002xz8,5.6,mwc
usp0002xzc,6.5,mwc
usp0002y04,5.8,mwc
usp0002y12,6.5,mwc
usp0002y1k,6.3,mwc
usp0002y1t,6.4,mwc
usp0002y1v,5.9,mwc
usp0002y27,5.4,mwc
usp0002y37,6.1,mwc
usp0002y3q,5.8,mwc
usp0002y4b,5.6,mwc
usp0002y54,6.6,mwc
usp0002y58,5.9,mwc
usp0002y5k,5.6,mwc
usp0002y5m,5.66,mw
usp0002y5v,5.5,mwc
usp0002y67,6.2,mwc
usp0002y9g,5.7,mwc
usp0002y9z,5.56,mw
usp0002yaf,5.9,mwc
usp0002ybd,5.6,mwc
usp0002yc2,6.0,mwc
usp0002yct,6.0,mwc
usp0002yjs,5.6,mwc
usp0002ymm,5.4,mwc
usp0002ynn,5.9,mwc
usp0002ypw,5.4,mwc
usp0002yq6,5.5,mwc
usp0002yqg,5.6,mw
usp0002yrn,5.6,mwc
usp0002yu9,5.7,mwc
usp0002yuv,5.6,mwc
usp0002yxc,5.5,mwc
usp0002yxf,5.6,mwc
usp0002yxy,6.1,mwc
usp0002yy6,6.7,mwc
usp0002yzg,5.47,mw
usp0002yzk,5.4,mwc
usp0002z0r,6.4,mwc
usp0002z1e,5.6,mwc
usp0002z1r,5.5,mwc
usp0002z25,5.7,mw
usp0002z3e,5.79,mw
usp0002z3j,7.7,mwc
usp0002z4g,5.73,mw
usp0002z4k,5.86,mw
usp0002z4t,6.0,mwc
usp0002z52,5.9,mwc
usp0002z54,5.8,mwc
usp0002z58,5.58,mw
usp0002z59,5.67,mw
usp0002z5d,5.6,mwc
usp0002z5j,5.6,mwc
usp0002z5v,5.7,mwc
usp0002z65,5.4,mwc
usp0002z67,5.9,mwc
usp0002z6h,5.8,mwc
usp0002z75,5.6,mwc
usp0002z7m,6.0,mwc
usp0002z84,5.5,mwc
usp0002z8j,6.2,mwc
usp0002z8m,6.0,mwc
usp0002z8y,6.7,mwc
usp0002z92,6.4,mwc
usp0002z9b,5.8,mwc
usp0002z9j,5.5,mwc
usp0002z9m,6.3,mwc
usp0002z9p,6.0,mwc
usp0002z9q,6.2,mwc
usp0002zbs,6.1,mwc
usp0002zby,5.5,mwc
usp0002zc3,5.7,mwc
usp0002zf8,5.8,mwc
usp0002zfc,5.5,mwc
usp0002zg9,5.6,mwc
usp0002zgh,5.6,mwc
usp0002zgu,7.1,mwc
usp0002zk4,5.6,mwc
usp0002zmh,5.7,mwc
usp0002zp8,5.5,mwc
usp0002zqj,5.7,mwc
usp0002zqr,5.7,mwc
usp0002zrc,5.9,mwc
usp0002zsd,6.1,mwc
usp0002zss,5.4,mwc
usp0002zw0,5.6,mwc
usp0002zw4,5.9,mwc
usp0002zw8,5.9,mwc
usp0002zwt,6.0,mwc
usp0002zxy,5.5,mwc
usp0002zzh,5.8,mwc
usp0002zzt,5.5,mwc
usp0003009,7.3,mwc
usp000300a,5.71,mw
usp000300e,6.6,mw
usp0003016,5.7,mwc
usp000305k,5.5,mwc
usp000305r,5.66,mw
usp000305w,5.5,mwc
usp0003063,5.5,mwc
usp000306y,5.6,mwc
usp0003094,5.9,mwc
usp000309y,5.9,mw
usp00030ah,6.8,mwc
usp00030d1,5.5,mwc
usp00030fm,5.8,mwc
usp00030g3,5.7,mwc
usp00030ha,6.0,mwc
usp00030ht,6.1,mwc
usp00030hw,6.0,mwc
usp00030j7,5.8,mwc
usp00030k5,5.5,mwc
usp00030kf,5.6,mwc
usp00030kt,5.5,mwc
usp00030mr,5.8,mwc
usp00030n2,6.0,mwc
usp00030n3,5.4,mwc
usp00030nf,5.7,mwc
usp00030nz,5.6,mwc
usp00030ph,5.8,mwc
usp00030pu,5.6,mwc
usp00030pv,6.0,mwc
usp00030py,6.1,mwc
usp00030v4,5.7,mwc
usp00030wv,5.6,mwc
usp00030xt,5.5,mwc
usp00030zf,6.4,mwc
usp000310s,6.0,mwc
usp0003119,5.5,mwc
usp000311j,6.5,mwc
usp000311v,5.4,mwc
usp000312h,5.6,mwc
usp000312n,6.4,mwc
usp000314z,6.3,mwc
usp000315t,5.8,mwc
usp0003164,5.36,mw
usp000316x,5.7,mwc
usp000317x,6.2,mwc
usp000318q,5.8,mwc
usp0003198,5.6,mwc
usp000319h,5.6,mwc
usp000319t,6.0,mwc
usp00031bc,5.6,mwc
usp00031br,5.5,mwc
usp00031cb,6.1,mwc
usp00031cd,6.2,mwc
usp00031cn,6.6,mwc
usp00031ct,5.8,mwc
usp00031d6,5.9,mwc
usp00031d9,6.3,mwc
usp00031dt,6.7,mwc
usp00031e9,5.7,mwc
usp00031ed,5.7,mwc
usp00031hj,6.6,mwc
usp00031hm,6.5,mwc
usp00031mn,5.5,mwc
usp00031ms,5.7,mwc
usp00031mu,6.0,mwc
usp00031n3,5.8,mwc
usp00031nt,5.9,mwc
usp00031nv,6.8,mwc
usp00031nx,5.58,mw
usp00031pk,5.63,mw
usp00031qp,5.5,mwc
usp00031r8,5.8,mwc
usp00031ta,5.7,mwc
usp00031tk,5.9,mwc
usp00031uh,5.6,mwc
usp00031vf,5.9,mwc
usp00031w0,6.1,mwc
usp00031x9,5.7,mwc
usp00031yn,5.5,mwc
usp00031zs,5.8,mwc
usp0003203,5.9,mwc
usp000320a,6.4,mwc
usp000320b,5.55,mw
usp000321p,6.9,mwc
usp000323b,5.6,mwc
usp000325b,5.8,mwc
usp000325s,5.4,mwc
usp0003266,5.4,mwc
usp000327c,6.4,mwc
usp000327d,6.7,mwc
usp0003287,5.6,mwc
usp0003289,6.2,mwc
usp000329f,6.2,mwc
usp000329h,7.3,mwc
usp00032a4,5.8,mwc
usp00032a5,5.71,mw
usp00032af,5.6,mwc
usp00032aw,5.6,mwc
usp00032b2,6.0,mwc
usp00032bc,6.4,mwc
usp00032bz,5.4,mwc
usp00032cp,5.5,mwc
usp00032ct,6.0,mwc
usp00032cx,6.4,mwc
usp00032da,6.1,mwc
usp00032ej,6.7,mwc
usp00032fg,5.6,mwc
usp00032fr,5.6,mwc
usp00032fw,5.9,mwc
usp00032fy,5.5,mwc
usp00032hb,5.7,mwc
usp00032hy,6.2,mwc
usp00032jc,5.7,mw
usp00032jj,6.8,mw
usp00032jt,5.5,mwc
usp00032k6,6.2,mwc
usp00032ke,5.4,mwc
usp00032na,5.5,mwc
usp00032pt,6.1,mwc
usp00032q7,6.9,mwc
usp00032qm,5.9,mwc
usp00032rf,5.6,mwc
usp00032rr,6.0,mwc
usp00032rz,5.6,mwc
usp00032s6,5.8,mwc
usp00032u7,6.9,mwc
usp00032uz,5.7,mwc
usp00032vc,5.5,mwc
usp00032x6,6.5,mwc
usp00032x7,5.89,mw
usp00032xb,6.2,mwc
usp00032xd,5.56,mw
usp00032y3,5.7,mwc
usp00032zb,5.4,mwc
usp0003304,7.5,mwc
usp0003306,5.71,mw
usp0003307,5.71,mw
usp0003308,6.9,mwc
usp000330g,5.5,mwc
usp000330t,6.4,mwc
usp000330w,7.1,mwc
usp0003313,6.0,mwc
usp0003315,6.0,mwc
usp0003319,6.2,mwc
usp000331c,5.6,mwc
usp000331e,5.7,mwc
usp000332c,5.9,mwc
usp000332y,5.7,mwc
usp0003354,5.8,mwc
usp0003359,5.6,mwc
usp000335a,5.6,mwc
usp000335y,5.7,mwc
usp0003362,5.5,mwc
usp0003380,6.1,mwc
usp000338b,5.4,mwc
usp000338u,5.5,mwc
usp000338x,5.5,mwc
usp0003391,5.6,mwc
usp0003394,6.1,mwc
usp00033a3,5.6,mwc
usp00033ac,5.8,mwc
usp00033ar,5.8,mwc
usp00033au,5.5,mwc
usp00033bd,5.5,mwc
usp00033bn,5.5,mwc
usp00033c2,5.5,mwc
usp00033c3,5.6,mwc
usp00033c8,6.0,mwc
usp00033c9,5.6,mwc
usp00033dc,6.0,mwc
usp00033dd,6.6,mwc
usp00033dq,5.6,mwc
usp00033ez,5.7,mwc
usp00033f3,5.6,mwc
usp00033f4,6.5,mwc
usp00033gg,6.4,mwc
usp00033gj,5.8,mwc
usp00033h9,6.1,mwc
usp00033hb,6.0,mwc
usp00033kk,5.6,mwc
usp00033nc,5.6,mwc
usp00033np,6.1,mwc
usp00033ns,6.0,mwc
usp00033qb,5.7,mwc
usp00033qy,5.6,mwc
usp00033rd,5.7,mwc
usp00033th,6.9,mwc
usp00033v8,5.5,mwc
usp00033wb,5.9,mwc
usp00033xv,5.5,mwc
usp00033z3,6.6,mwc
usp00033z4,5.57,mw
usp0003408,5.5,mwc
usp000340n,6.4,mwc
usp000340y,6.2,mwc
usp000341w,5.6,mwc
usp0003439,5.5,mwc
usp000344f,5.7,mwc
usp000344z,6.0,mwc
usp000345e,5.7,mwc
usp000345v,5.6,mwc
usp0003473,5.8,mwc
usp000347a,6.0,mwc
usp000347m,5.5,mwc
usp00034ac,5.8,mwc
usp00034bb,6.1,mwc
usp00034cp,6.6,mwc
usp00034f8,6.64,mw
usp00034f9,6.8,mwc
usp00034fg,6.4,mwc
usp00034g2,5.7,mwc
usp00034gf,5.8,mwc
usp00034j1,5.4,mwc
usp00034je,5.7,mwc
usp00034jt,5.7,mwc
usp00034k1,6.5,mwc
usp00034kg,5.5,mwc
usp00034kh,5.6,mwc
usp00034pd,5.6,mwc
usp00034qh,5.5,mwc
usp00034ra,6.1,mwc
usp00034re,6.2,mwc
usp00034ry,6.6,mwc
usp00034sg,6.4,mwc
usp00034sx,6.8,mwc
usp00034uu,5.5,mwc
usp00034uv,5.6,mwc
usp00034w5,5.4,mwc
usp00034x0,5.4,mwc
usp00034x3,6.3,mwc
usp00034xm,5.8,mwc
usp00034xs,6.4,mwc
usp00034y4,5.4,mwc
usp00034yc,6.1,mwc
usp0003504,5.96,mw
usp0003507,5.9,mwc
usp0003512,5.5,mwc
usp000352d,5.6,mwc
usp000352p,5.5,mwc
usp0003533,6.2,mwc
usp0003536,6.8,mwc
usp000353a,5.5,mwc
usp000353b,6.08,mw
usp000353c,6.2,mwc
usp000353n,5.7,mw
usp000353s,5.5,mwc
usp000353z,6.1,mwc
usp0003543,5.6,mwc
usp0003578,5.7,mwc
usp0003588,6.0,mwc
usp0003596,5.5,mwc
usp00035ck,5.7,mwc
usp00035eb,5.5,mwc
usp00035fa,5.5,mwc
usp00035fr,5.6,mwc
usp00035g8,5.5,mwc
usp00035h9,5.8,mwc
usp00035j1,5.4,mwc
usp00035j7,6.1,mwc
usp00035j8,5.8,mwc
usp00035j9,5.5,mw
usp00035k1,6.18,mw
usp00035k6,6.4,mwc
usp00035kr,6.2,mwc
usp00035m4,5.8,mwc
usp00035nc,6.2,mwc
usp00035nu,5.5,mwc
usp00035p3,5.6,mwc
usp00035p9,5.5,mwc
usp00035pp,5.7,mwc
usp00035pt,6.2,mwc
usp00035r4,5.4,mwc
usp00035rq,5.5,mwc
usp00035rx,5.5,mwc
usp00035sc,6.2,mwc
usp00035se,5.6,mw
usp00035sy,5.5,mwc
usp00035td,5.4,mwc
usp00035te,5.75,mw
usp00035uj,5.5,mwc
usp00035ur,7.1,mwc
usp00035w5,5.9,mwc
usp00035w8,6.3,mwc
usp00035x2,5.7,mwc
usp00035xk,5.6,mwc
usp00035yd,5.5,mwc
usp00035yn,6.5,mwc
usp00035yp,5.67,mw
usp00035z0,5.4,mwc
usp00035zr,5.7,mwc
usp0003606,5.7,mwc
usp0003615,6.4,mwc
usp000361g,5.7,mwc
usp000361h,5.8,mwc
usp000361n,5.7,mwc
usp000362a,5.7,mwc
usp000363t,6.1,mwc
usp000363y,6.5,mwc
usp000364p,5.9,mwc
usp000364x,5.6,mwc
usp0003654,5.5,mwc
usp0003671,5.6,mwc
usp000369h,5.6,mwc
usp000369j,5.8,mwc
usp00036a2,5.7,mwc
usp00036bw,5.6,mwc
usp00036ck,5.9,mwc
usp00036cp,6.7,mw
usp00036ct,6.6,mwc
usp00036cu,5.8,mw
usp00036ea,5.7,mwc
usp00036ek,5.6,mwc
usp00036fq,6.4,mwc
usp00036fw,5.4,mwc
usp00036g8,5.7,mwc
usp00036gj,6.0,mwc
usp00036hz,6.3,mwc
usp00036je,5.5,mwc
usp00036js,5.6,mwc
usp00036mu,6.0,mwc
usp00036nn,5.9,mwc
usp00036nq,5.7,mwc
usp00036nt,6.2,mwc
usp00036pg,5.9,mwc
usp00036q0,5.7,mwc
usp00036q2,6.1,mwc
usp00036qt,5.5,mwc
usp00036tu,5.8,mwc
usp00036uk,5.6,mwc
usp00036uy,5.6,mwc
usp00036x1,5.6,mwc
usp00036xr,5.6,mwc
usp00036y7,5.75,mw
usp00036z4,5.6,mwc
usp00036z6,5.9,mwc
usp0003703,5.9,mwc
usp000371n,5.6,mwc
usp000371s,5.7,mwc
usp000372u,5.5,mwc
usp00037a3,5.6,mwc
usp00037aj,5.5,mwc
usp00037bn,5.6,mwc
usp00037bs,5.7,mwc
usp00037c3,7.2,mwc
usp00037cx,5.5,mwc
usp00037d9,5.6,mwc
usp00037dj,5.6,mwc
usp00037ds,5.6,mwc
usp00037du,5.6,mwc
usp00037dx,6.0,mwc
usp00037f3,5.6,mwc
usp00037f7,5.9,mwc
usp00037fc,5.6,mwc
usp00037ff,5.6,mwc
usp00037gc,6.5,mwc
usp00037gn,5.54,mw
usp00037h2,5.9,mwc
usp00037hr,6.0,mwc
usp00037ju,6.4,mwc
usp00037ke,6.1,mwc
usp00037m5,6.0,mwc
usp00037pw,5.9,mwc
usp00037px,5.8,mwc
usp00037q7,5.5,mwc
usp00037u6,6.1,mwc
usp00037zn,6.3,mwc
usp000381s,7.4,mwc
usp000381u,6.8,mwc
usp0003822,5.59,mw
usp000382v,6.2,mwc
usp0003855,5.7,mwc
usp000385f,5.6,mwc
usp0003861,5.7,mwc
usp0003862,6.6,mwc
usp000386h,5.7,mwc
usp000386u,6.0,mwc
usp000386v,5.93,mw
usp000387d,5.6,mwc
usp0003894,5.5,mwc
usp00038a6,5.5,mwc
usp00038c1,5.8,mwc
usp00038c4,5.5,mwc
usp00038cb,5.9,mwc
usp00038d2,5.6,mwc
usp00038du,6.0,mwc
usp00038ff,6.1,mwc
usp00038g9,5.6,mwc
usp00038h6,5.5,mwc
usp00038ht,5.7,mwc
usp00038m3,6.3,mwc
usp00038mb,6.0,mwc
usp00038mh,5.5,mwc
usp00038mw,5.8,mwc
usp00038n5,6.2,mwc
usp00038n6,6.1,mwc
usp00038nr,5.9,mwc
usp00038ns,5.4,mwc
usp00038qt,5.5,mwc
usp00038rn,5.5,mwc
usp00038sj,5.85,mw
usp00038t5,6.0,mwc
usp00038tb,6.8,mwc
usp00038te,6.5,mwc
usp00038ts,5.5,mwc
usp00038uj,6.5,mwc
usp00038vj,5.7,mwc
usp00038vq,5.6,mwc
usp00038x5,5.7,mwc
usp00038xq,5.6,mwc
usp00038xy,5.9,mwc
usp00038y5,6.3,mwc
usp00038y6,6.1,mwc
usp00038yu,6.1,mwc
usp00038yw,5.6,mwc
usp00038z9,5.9,mwc
usp000390c,5.6,mwc
usp000390n,7.2,mwc
usp0003914,5.6,mwc
usp000391f,6.5,mwc
usp000391s,5.6,mwc
usp000392g,6.3,mwc
usp000393p,5.5,mwc
usp0003952,5.9,mwc
usp000395z,5.6,mwc
usp000396s,7.0,mwc
usp000396t,5.58,mw
usp000397y,5.6,mwc
usp0003988,5.5,mwc
usp000398f,5.89,mw
usp000398y,5.7,mwc
usp0003999,5.9,mwc
usp00039av,7.3,mwc
usp00039b9,5.4,mwc
usp00039cp,5.5,mwc
usp00039e8,5.9,mwc
usp00039ek,5.6,mwc
usp00039gr,5.7,mwc
usp00039jh,5.7,mwc
usp00039kf,6.2,mwc
usp00039kg,6.8,mwc
usp00039np,5.8,mwc
usp00039p3,6.4,mwc
usp00039ph,6.0,mwc
usp00039pu,5.6,mwc
usp00039qx,6.8,mwc
usp00039sg,5.8,mwc
usp00039td,6.2,mwc
usp00039tr,5.4,mwc
usp00039tx,5.9,mwc
usp00039uy,6.2,mwc
usp00039wv,5.7,mwc
usp00039xn,5.9,mwc
usp00039yn,6.2,mw
usp00039zk,5.5,mwc
usp0003a2k,5.8,mwc
usp0003a35,5.56,mw
usp0003a4h,5.8,mwc
usp0003a4j,5.9,mwc
usp0003a4k,6.2,mwc
usp0003a5n,5.6,mwc
usp0003a67,6.4,mwc
usp0003a6c,7.1,mwc
usp0003a6j,5.66,mw
usp0003a7g,5.4,mwc
usp0003a84,5.8,mwc
usp0003a8a,6.3,mwc
usp0003a92,5.7,mwc
usp0003abk,5.5,mwc
usp0003acn,5.5,mwc
usp0003aey,5.5,mwc
usp0003af0,5.5,mwc
usp0003af3,5.4,mwc
usp0003ag2,5.9,mwc
usp0003aj2,6.1,mwc
usp0003ajq,6.5,mwc
usp0003akb,6.2,mwc
usp0003akm,6.1,mwc
usp0003akv,5.5,mwc
usp0003am8,5.5,mwc
usp0003am9,5.4,mwc
usp0003amc,6.2,mwc
usp0003amu,6.3,mwc
usp0003ans,5.4,mwc
usp0003apc,5.4,mwc
usp0003apr,5.6,mwc
usp0003aq8,7.9,mw
usp0003aqa,6.17,mw
usp0003asc,5.75,mw
usp0003ata,5.8,mwc
usp0003aya,6.3,mwc
usp0003b14,5.5,mwc
usp0003b1s,6.3,mwc
usp0003b1v,6.2,mwc
usp0003b2z,5.5,mwc
usp0003b3h,5.5,mwc
usp0003b56,5.5,mwc
usp0003b5c,5.5,mwc
usp0003b5y,6.0,mwc
usp0003b79,6.3,mwc
usp0003b8j,5.6,mwc
usp0003bab,5.9,mwc
usp0003bac,5.4,mwc
usp0003bbq,6.5,mwc
usp0003bc8,6.0,mwc
usp0003bcm,5.5,mwc
usp0003bd4,5.8,mwc
usp0003bdp,5.4,mwc
usp0003bfe,5.5,mwc
usp0003bfr,5.5,mwc
usp0003bgm,5.6,mwc
usp0003bjc,5.9,mwc
usp0003bm4,5.9,mwc
usp0003bnr,5.4,mwc
usp0003bp1,5.8,mwc
usp0003bph,5.5,mwc
usp0003brb,5.9,mwc
usp0003bx3,5.9,mwc
usp0003by1,5.6,mwc
usp0003bzn,5.9,mwc
usp0003bzy,6.5,mwc
usp0003c0c,5.4,mwc
usp0003c0d,5.5,mwc
usp0003c13,5.5,mwc
usp0003c18,5.5,mwc
usp0003c1a,5.9,mwc
usp0003c1e,5.5,mwc
usp0003c2z,6.4,mwc
usp0003c3c,5.7,mwc
usp0003c3g,5.4,mwc
usp0003c3k,5.9,mwc
usp0003c4m,5.5,mwc
usp0003c5y,5.7,mwc
usp0003c61,7.0,mwc
usp0003c66,5.9,mwc
usp0003c7t,5.9,mwc
usp0003c7w,5.5,mwc
usp0003c88,6.1,mwc
usp0003c94,6.2,mwc
usp0003c9b,6.3,mwc
usp0003c9n,6.6,mwc
usp0003car,5.8,mwc
usp0003cav,5.5,mwc
usp0003cb6,5.4,mwc
usp0003cbx,5.8,mwc
usp0003cc0,5.9,mwc
usp0003ccg,5.5,mwc
usp0003cd9,5.5,mwc
usp0003cdz,5.5,mwc
usp0003cfz,5.5,mwc
usp0003cgy,6.0,mwc
usp0003chk,5.9,mwc
usp0003chs,5.71,mw
usp0003cj3,6.0,mwc
usp0003cjd,5.7,mwc
usp0003cma,5.6,mwc
usp0003cmk,5.5,mwc
usp0003cpk,5.5,mwc
usp0003cq2,5.7,mwc
usp0003crc,5.7,mwc
usp0003crh,5.4,mwc
usp0003crv,7.1,mwc
usp0003cs5,6.3,mwc
usp0003ct7,5.8,mwc
usp0003ct9,6.2,mwc
usp0003cte,6.5,mwc
usp0003ctk,6.1,mwc
usp0003cuh,6.3,mwc
usp0003cvc,5.8,mwc
usp0003cvg,5.8,mwc
usp0003cwn,5.4,mwc
usp0003cy1,5.6,mwc
usp0003cyu,5.8,mwc
usp0003cz2,5.4,mwc
usp0003cz8,5.6,mwc
usp0003d1s,5.5,mwc
usp0003d29,6.0,mwc
usp0003d3c,5.5,mwc
usp0003d42,5.6,mwc
usp0003d4q,5.8,mwc
usp0003d5v,5.9,mwc
usp0003d5z,5.5,mwc
usp0003d64,6.4,mwc
usp0003d6z,5.4,mwc
usp0003d7k,5.5,mwc
usp0003d7v,5.6,mwc
usp0003d8y,6.6,mwc
usp0003d97,5.9,mwc
usp0003d9u,5.6,mwc
usp0003da3,7.2,mwc
usp0003da8,5.81,mw
usp0003dam,5.4,mwc
usp0003dar,5.6,mwc
usp0003dc0,5.5,mwc
usp0003dc5,6.8,mw
usp0003dca,5.59,mw
usp0003ddk,5.5,mwc
usp0003df7,6.9,mwc
usp0003dha,5.5,mwc
usp0003dk4,5.8,mwc
usp0003dks,5.6,mwc
usp0003dm5,5.5,mwc
usp0003dna,5.81,mw
usp0003dnb,7.7,mwc
usp0003dne,6.51,mw
usp0003dpu,5.5,mwc
usp0003dqp,5.9,mwc
usp0003dqr,5.8,mwc
usp0003drc,5.5,mwc
usp0003ds8,5.9,mwc
usp0003dsq,6.6,mwc
usp0003dt5,5.76,mw
usp0003dte,6.6,mwc
usp0003dtv,5.4,mwc
usp0003duj,6.0,mwc
usp0003dvu,5.8,mwc
usp0003dwb,5.9,mwc
usp0003dx7,5.8,mwc
usp0003dxb,5.9,mwc
usp0003dxc,5.62,mw
usp0003dxt,5.72,mw
usp0003dzh,5.6,mwc
usp0003e0b,5.8,mwc
usp0003e0g,5.7,mwc
usp0003e0r,5.5,mwc
usp0003e1n,5.9,mwc
usp0003e23,5.6,mwc
usp0003e36,6.2,mwc
usp0003e37,5.55,mw
usp0003e44,5.7,mwc
usp0003e4r,5.7,mwc
usp0003e6c,6.4,mwc
usp0003e83,5.5,mwc
usp0003e86,6.1,mwc
usp0003e8f,5.6,mwc
usp0003ea0,5.7,mwc
usp0003eaf,5.5,mwc
usp0003eaq,6.2,mwc
usp0003ec7,5.5,mwc
usp0003edy,5.8,mwc
usp0003eed,5.8,mwc
usp0003ef6,5.8,mwc
usp0003eff,5.61,mw
usp0003ega,6.2,mwc
usp0003ej3,5.6,mwc
usp0003ekb,6.2,mwc
usp0003emn,5.8,mwc
usp0003enw,5.9,mwc
usp0003enz,5.8,mwc
usp0003eq8,5.8,mwc
usp0003err,5.6,mwc
usp0003esu,5.7,mwc
usp0003et6,5.6,mwc
usp0003etk,5.7,mwc
usp0003euf,6.4,mwc
usp0003eug,5.77,mw
usp0003euv,5.6,mwc
usp0003ey6,5.4,mwc
usp0003eyp,5.4,mwc
usp0003ezd,5.6,mwc
usp0003ezg,7.1,mwc
usp0003ezn,6.2,mwc
usp0003ezu,5.4,mwc
usp0003ezw,5.7,mwc
usp0003f0s,5.7,mwc
usp0003f3f,5.5,mwc
usp0003f3p,6.2,mwc
usp0003f5z,5.4,mwc
usp0003f62,5.6,mwc
usp0003f65,5.8,mwc
usp0003f6d,5.5,mwc
usp0003f6e,5.5,mwc
usp0003f6m,5.5,mwc
usp0003fav,5.4,mwc
usp0003fbn,6.2,mwc
usp0003fcp,5.9,mwc
usp0003fcq,5.8,mwc
usp0003fg7,5.7,mwc
usp0003fh4,5.6,mwc
usp0003fk7,6.2,mwc
usp0003fmu,6.0,mwc
usp0003fmv,5.9,mwc
usp0003fnv,6.3,mwc
usp0003fnw,5.58,mw
usp0003fp7,5.6,mwc
usp0003fpb,6.3,mwc
usp0003fpn,6.1,mwc
usp0003fpp,5.7,mwc
usp0003fpu,5.6,mwc
usp0003fq8,6.6,mwc
usp0003fqa,6.1,mw
usp0003fqe,5.7,mwc
usp0003fqj,5.4,mwc
usp0003fqr,5.9,mwc
usp0003fsn,5.9,mwc
usp0003fvq,5.5,mwc
usp0003fxc,5.7,mwc
usp0003fz4,5.5,mwc
usp0003g0p,6.0,mwc
usp0003g1d,6.2,mwc
usp0003g24,5.8,mwc
usp0003g27,5.5,mwc
usp0003g3a,5.62,mw
usp0003g46,5.6,mwc
usp0003g4f,5.7,mwc
usp0003g4r,6.0,mwc
usp0003g54,5.6,mwc
usp0003g5z,6.1,mwc
usp0003g67,5.9,mwc
usp0003g68,5.84,mw
usp0003g7y,5.9,mwc
usp0003g85,5.4,mwc
usp0003gc1,5.5,mwc
usp0003gcg,5.6,mwc
usp0003gg1,5.7,mwc
usp0003ggh,5.5,mwc
usp0003gj3,6.8,mwc
usp0003gj4,5.93,mw
usp0003gpe,6.7,mwc
usp0003gre,6.5,mwc
usp0003guy,5.8,mwc
usp0003gvc,5.6,mwc
usp0003gvx,5.4,mwc
usp0003gwh,6.1,mwc
usp0003gxk,6.5,mwc
usp0003gxx,5.7,mwc
usp0003h1u,5.8,mwc
usp0003h1x,5.6,mwc
usp0003h2w,5.7,mwc
usp0003h35,6.6,mwc
usp0003h3x,5.5,mwc
usp0003h43,6.2,mwc
usp0003h4t,5.6,mwc
usp0003h5d,5.7,mwc
usp0003h5y,5.4,mwc
usp0003h6z,5.5,mwc
usp0003h7u,5.6,mwc
usp0003h88,5.9,mwc
usp0003h8h,5.6,mwc
usp0003h9f,5.6,mwc
usp0003h9v,5.5,mwc
usp0003hc7,6.0,mwc
usp0003hdy,6.0,mwc
usp0003hg4,5.7,mwc
usp0003hg5,5.9,mwc
usp0003hhe,6.3,mwc
usp0003hj0,5.6,mwc
usp0003hjb,6.5,mwc
usp0003hjn,5.5,mwc
usp0003hk4,5.8,mwc
usp0003hk6,5.6,mwc
usp0003hm4,6.8,mw
usp0003hmd,5.9,mwc
usp0003hme,5.5,mwc
usp0003hnb,6.2,mwc
usp0003hnf,5.5,mwc
usp0003hnq,5.8,mwc
usp0003hq2,5.6,mwc
usp0003hqz,5.7,mwc
usp0003hrt,5.6,mwc
usp0003hs0,6.0,mwc
usp0003htg,5.5,mwc
usp0003hwz,5.6,mwc
usp0003hx3,5.6,mwc
usp0003hx4,5.6,mwc
usp0003hxe,5.6,mwc
usp0003hxg,5.4,mwc
usp0003hxr,5.8,mwc
usp0003hxy,5.5,mwc
usp0003hyw,5.9,mwc
usp0003hzc,6.3,mwc
usp0003hzf,5.5,mwc
usp0003hzy,5.6,mwc
usp0003j0w,5.5,mwc
usp0003j1r,5.9,mwc
usp0003j40,5.4,mwc
usp0003j4c,5.9,mwc
usp0003j4p,6.4,mwc
usp0003j4t,6.9,mwc
usp0003j4y,5.75,mw
usp0003j6r,6.9,mwc
usp0003j8m,5.6,mwc
usp0003j9z,5.6,mwc
usp0003ja7,6.7,mwc
usp0003ja8,5.9,mwc
usp0003jay,6.1,mwc
usp0003jce,5.5,mwc
usp0003jda,5.7,mwc
usp0003jds,5.5,mwc
usp0003jf5,6.5,mwc
usp0003jfb,5.9,mwc
usp0003jk0,5.7,mwc
usp0003jk8,5.5,mwc
usp0003jkz,5.4,mwc
usp0003jmf,5.3,mwc
usp0003jn9,5.4,mwc
usp0003jpj,5.6,mw
usp0003jpw,7.2,mwc
usp0003jq4,6.0,mwc
usp0003jqb,6.2,mwc
usp0003js0,5.5,mwc
usp0003jsr,5.5,mwc
usp0003jsx,5.5,mwc
usp0003jtm,7.5,mwc
usp0003jtp,6.06,mw
usp0003jtw,6.45,mw
usp0003ju5,5.65,mw
usp0003ju8,5.9,mwc
usp0003jud,6.7,mwc
usp0003jux,5.6,mwc
usp0003jvv,6.2,mwc
usp0003jvx,5.39,mw
usp0003jw1,5.8,mwc
usp0003jw2,6.0,mwc
usp0003jx9,5.5,mw
usp0003jxq,5.7,mwc
usp0003jy5,5.6,mwc
usp0003jzc,6.1,mwc
usp0003jzr,6.6,mwc
usp0003k0t,6.1,mwc
usp0003k1y,5.5,mwc
usp0003k2n,6.0,mwc
usp0003k30,6.1,mwc
usp0003k33,5.6,mwc
usp0003k36,5.5,mwc
usp0003k5k,5.5,mwc
usp0003k5m,5.8,mwc
usp0003k60,5.9,mwc
usp0003k6t,6.8,mwc
usp0003k7m,5.6,mwc
usp0003k7p,5.4,mwc
usp0003k7s,5.4,mwc
usp0003k7y,5.5,mwc
usp0003kat,5.8,mwc
usp0003kde,5.7,mwc
usp0003ke5,5.8,mwc
usp0003kem,5.8,mwc
usp0003key,5.7,mwc
usp0003kez,5.5,mwc
usp0003kph,5.6,mwc
usp0003ks4,6.6,mwc
usp0003ksy,5.9,mwc
usp0003ktj,5.53,mw
usp0003kud,5.5,mwc
usp0003kvr,5.7,mwc
usp0003kvu,5.5,mwc
usp0003kw2,5.5,mwc
usp0003kx5,5.6,mwc
usp0003kxr,5.9,mwc
usp0003ky7,5.6,mwc
usp0003kzb,5.9,mwc
usp0003m02,6.2,mwc
usp0003m09,5.5,mwc
usp0003m0k,5.7,mwc
usp0003m3p,5.6,mwc
usp0003m4d,5.8,mwc
usp0003m4u,5.5,mwc
usp0003m4v,5.7,mwc
usp0003m5q,5.6,mwc
usp0003m61,5.5,mwc
usp0003m91,5.5,mwc
usp0003m92,5.9,mwc
usp0003m9k,5.7,mwc
usp0003m9s,5.6,mwc
usp0003m9t,5.4,mwc
usp0003m9y,5.6,mwc
usp0003mct,5.4,mwc
usp0003mcx,5.6,mwc
usp0003mcz,5.7,mwc
usp0003mdm,5.8,mwc
usp0003me6,6.3,mwc
usp0003mfs,5.4,mwc
usp0003mh2,6.1,mwc
usp0003mhg,5.6,mwc
usp0003mk0,5.9,mwc
usp0003mmh,7.1,mwc
usp0003mn9,5.9,mw
usp0003mp3,5.5,mwc
usp0003mpn,5.7,mwc
usp0003mpq,5.6,mw
usp0003mps,5.6,mwc
usp0003mqb,6.2,mwc
usp0003mqc,5.7,mwc
usp0003ms7,5.6,mwc
usp0003mve,6.0,mwc
usp0003mvg,5.8,mwc
usp0003mwh,5.5,mwc
usp0003myf,5.6,mwc
usp0003mzs,5.6,mwc
usp0003n37,5.5,mwc
usp0003n3h,5.7,mwc
usp0003n3u,5.9,mwc
usp0003n48,5.6,mwc
usp0003n4a,5.5,mwc
usp0003n5d,5.5,mwc
usp0003n95,5.7,mwc
usp0003n9x,5.5,mwc
usp0003na1,5.9,mwc
usp0003ncx,5.6,mwc
usp0003nen,6.2,mwc
usp0003neq,5.7,mwc
usp0003ng5,6.6,mwc
usp0003ngb,5.9,mwc
usp0003ngm,6.0,mwc
usp0003nh4,5.6,mwc
usp0003nh6,5.5,mwc
usp0003nj5,6.2,mwc
usp0003njc,5.62,mw
usp0003njj,6.1,mwc
usp0003nkf,5.7,mwc
usp0003nkk,5.47,mw
usp0003nks,7.0,mwc
usp0003nkt,6.85,mw
usp0003nn0,5.9,mw
usp0003nn3,6.8,mwc
usp0003nne,5.7,mw
usp0003np4,5.9,mwc
usp0003nsd,5.5,mwc
usp0003ntg,5.5,mwc
usp0003nu5,5.7,mwc
usp0003nup,6.7,mwc
usp0003nuq,5.56,mw
usp0003nvu,5.9,mwc
usp0003nwp,5.5,mwc
usp0003nwr,5.8,mwc
usp0003nwy,5.4,mwc
usp0003nxq,6.6,mwc
usp0003ny7,5.4,mwc
usp0003nyw,6.5,mwc
usp0003p0g,6.0,mwc
usp0003p0q,5.6,mwc
usp0003p1a,5.5,mwc
usp0003p1u,5.9,mwc
usp0003p1z,5.8,mwc
usp0003p3t,5.5,mwc
usp0003p47,5.6,mwc
usp0003p66,6.2,mwc
usp0003p6m,5.5,mwc
usp0003p6p,5.8,mwc
usp0003p7w,5.6,mwc
usp0003p8b,5.5,mwc
usp0003pa6,5.5,mwc
usp0003pbh,5.7,mwc
usp0003pcn,6.0,mwc
usp0003pcq,5.8,mwc
usp0003pgg,5.5,mwc
usp0003pgp,5.7,mwc
usp0003ph5,5.8,mwc
usp0003pjt,6.3,mwc
usp0003pkk,5.9,mwc
usp0003pkv,5.8,mwc
usp0003pmm,6.7,mwc
usp0003pmn,5.99,mw
usp0003ppb,5.6,mwc
usp0003ppe,5.5,mwc
usp0003ppf,6.1,mwc
usp0003pq2,5.9,mwc
usp0003pqx,5.7,mwc
usp0003prc,5.6,mwc
usp0003pt0,5.6,mwc
usp0003ptn,6.0,mwc
usp0003ptq,5.5,mwc
usp0003pwk,5.8,mwc
usp0003pwm,5.4,mwc
usp0003pwp,6.4,mwc
usp0003pwz,5.5,mwc
usp0003px3,5.6,mwc
usp0003py7,5.5,mwc
usp0003pyw,5.5,mwc
usp0003q01,5.4,mwc
usp0003q0h,5.6,mwc
usp0003q34,5.6,mwc
usp0003q3s,5.6,mwc
usp0003q4j,5.7,mwc
usp0003q4s,6.1,mwc
usp0003q54,5.5,mwc
usp0003q58,5.8,mwc
usp0003qdy,6.1,mwc
usp0003qf7,5.8,mwc
usp0003qke,5.8,mwc
usp0003qkf,5.7,mwc
usp0003qku,5.7,mwc
usp0003qm2,5.6,mwc
usp0003qnm,6.0,mwc
usp0003qnq,5.4,mwc
usp0003qnv,5.7,mwc
usp0003qpt,6.4,mwc
usp0003qqn,6.6,mwc
usp0003qsc,5.5,mwc
usp0003qtq,6.1,mwc
usp0003qu9,5.6,mwc
usp0003quv,5.9,mwc
usp0003qv3,5.6,mwc
usp0003qxm,6.4,mwc
usp0003qzd,6.0,mwc
usp0003r0v,5.9,mwc
usp0003r0w,5.8,mwc
usp0003r1c,5.7,mwc
usp0003r1r,5.6,mwc
usp0003r2b,5.4,mwc
usp0003r33,5.6,mwc
usp0003r4a,6.1,mwc
usp0003r6m,5.5,mwc
usp0003r7e,5.6,mw
usp0003r8c,5.8,mwc
usp0003r94,6.2,mwc
usp0003ra7,5.6,mwc
usp0003rdb,5.5,mwc
usp0003rgz,5.5,mwc
usp0003rhw,5.8,mwc
usp0003rhy,5.8,mwc
usp0003rja,6.3,mwc
usp0003rjf,6.2,mwc
usp0003rjp,5.5,mwc
usp0003rmv,5.5,mwc
usp0003rn6,5.4,mwc
usp0003rn8,5.6,mwc
usp0003rpb,5.7,mwc
usp0003rpd,5.5,mwc
usp0003rqq,7.1,mwc
usp0003rqz,5.71,mw
usp0003rr0,5.7,mw
usp0003rr3,5.83,mw
usp0003rrg,5.9,mwc
usp0003rrs,5.8,mwc
usp0003rry,5.6,mwc
usp0003rs2,5.8,mwc
usp0003rsn,5.8,mwc
usp0003rsw,5.5,mwc
usp0003rv4,5.4,mwc
usp0003rvc,5.6,mwc
usp0003rvp,5.6,mwc
usp0003rwb,5.4,mwc
usp0003rwm,6.4,mwc
usp0003rwu,5.5,mwc
usp0003rwz,5.5,mwc
usp0003rz4,6.1,mwc
usp0003rz8,5.4,mwc
usp0003rzd,5.4,mwc
usp0003rzk,5.5,mwc
usp0003s0q,5.5,mwc
usp0003s2r,5.5,mwc
usp0003s2s,6.0,mwc
usp0003s5j,5.5,mwc
usp0003s6f,5.9,mwc
usp0003s7a,5.6,mwc
usp0003s81,5.61,mw
usp0003s91,5.6,mwc
usp0003sav,6.7,mwc
usp0003sdm,6.3,mwc
usp0003sds,5.8,mwc
usp0003sea,6.5,mwc
usp0003sed,6.1,mwc
usp0003sf7,5.8,mwc
usp0003sfa,5.7,mwc
usp0003sgk,5.4,mwc
usp0003sp0,6.0,mwc
usp0003sqr,5.8,mwc
usp0003sqt,5.5,mwc
usp0003sqx,5.7,mwc
usp0003srd,6.0,mwc
usp0003ss3,5.6,mwc
usp0003stk,5.8,mwc
usp0003sty,6.3,mwc
usp0003su9,5.4,mwc
usp0003sub,6.9,mwc
usp0003syc,5.5,mwc
usp0003szd,5.9,mwc
usp0003szm,5.4,mwc
usp0003szw,5.7,mwc
usp0003t03,5.7,mwc
usp0003t0d,5.9,mwc
usp0003t0j,6.1,mwc
usp0003t15,5.6,mwc
usp0003t71,5.4,mwc
usp0003t8h,5.9,mwc
usp0003ta8,5.6,mwc
usp0003td0,5.5,mwc
usp0003tfj,6.0,mwc
usp0003tj7,5.6,mwc
usp0003tkg,5.6,mwc
usp0003tn3,6.2,mwc
usp0003tnc,6.9,mwc
usp0003tqa,5.5,mwc
usp0003tqq,5.51,mw
usp0003tqy,6.0,mwc
usp0003ts5,5.4,mwc
usp0003tuk,6.7,mwc
usp0003twh,5.8,mwc
usp0003tx3,5.4,mwc
usp0003txf,5.4,mwc
usp0003tyw,5.7,mwc
usp0003u05,6.4,mwc
usp0003u0a,5.6,mwc
usp0003u0k,5.4,mwc
usp0003u0n,5.5,mwc
usp0003u11,5.6,mwc
usp0003u1j,6.2,mwc
usp0003u3f,5.9,mwc
usp0003u44,5.8,mwc
usp0003u4r,5.7,mwc
usp0003u5m,5.4,mwc
usp0003u5p,5.6,mwc
usp0003u64,5.54,mw
usp0003u6c,6.3,mwc
usp0003u7d,5.5,mwc
usp0003ubk,5.8,mwc
usp0003uc7,6.1,mwc
usp0003uc9,5.6,mwc
usp0003uch,5.8,mwc
usp0003udb,6.9,mwc
usp0003udm,5.62,mw
usp0003ufa,6.3,mwc
usp0003ugy,5.5,mwc
usp0003uhd,5.6,mwc
usp0003ujr,5.5,mwc
usp0003uka,6.0,mwc
usp0003ukf,5.7,mwc
usp0003ukg,6.0,mwc
usp0003ukm,6.0,mwc
usp0003upc,5.9,mwc
usp0003upv,6.0,mwc
usp0003uqu,5.7,mwc
usp0003us9,5.5,mwc
usp0003ush,5.5,mwc
usp0003usj,5.4,mwc
usp0003uu0,6.2,mwc
usp0003uup,5.8,mwc
usp0003uvd,5.5,mwc
usp0003uwa,5.7,mwc
usp0003uxu,7.1,mwc
usp0003uz4,5.6,mwc
usp0003v0r,5.5,mwc
usp0003v1r,6.2,mwc
usp0003v31,5.5,mwc
usp0003v6h,5.6,mwc
usp0003v79,6.9,mwc
usp0003v7p,5.5,mwc
usp0003v7q,5.9,mwc
usp0003v84,5.6,mwc
usp0003v92,5.59,mw
usp0003v9f,5.9,mwc
usp0003v9r,5.5,mwc
usp0003va3,5.9,mwc
usp0003van,5.9,mwc
usp0003vb4,5.7,mwc
usp0003vca,5.5,mwc
usp0003vck,6.1,mwc
usp0003vdh,5.53,mw
usp0003vdy,6.2,mwc
usp0003vfb,5.6,mwc
usp0003vfg,5.9,mwc
usp0003vjm,6.04,mw
usp0003vk0,5.67,mw
usp0003vk9,5.8,mwc
usp0003vkd,6.3,mwc
usp0003vkk,5.9,mwc
usp0003vkx,5.9,mwc
usp0003vme,5.9,mwc
usp0003vmh,5.8,mwc
usp0003vmr,5.5,mwc
usp0003vnt,5.6,mwc
usp0003vp5,5.5,mwc
usp0003vpk,6.1,mwc
usp0003vq3,6.0,mwc
usp0003vqf,5.72,mw
usp0003vqs,5.8,mwc
usp0003vr4,5.8,mwc
usp0003vst,5.7,mwc
usp0003vsu,5.5,mwc
usp0003vta,5.8,mwc
usp0003vu4,6.4,mwc
usp0003vxq,5.5,mwc
usp0003w33,5.8,mwc
usp0003w47,5.6,mwc
usp0003w4g,5.7,mwc
usp0003w6d,5.8,mwc
usp0003w6w,5.8,mwc
usp0003w6y,5.5,mwc
usp0003w76,5.63,mw
usp0003w8c,5.5,mwc
usp0003w8k,5.5,mwc
usp0003w8y,5.6,mwc
usp0003w96,5.5,mwc
usp0003wa1,5.5,mwc
usp0003wb3,5.6,mwc
usp0003wbg,6.3,mwc
usp0003wc9,5.6,mwc
usp0003wcd,5.5,mwc
usp0003wd7,5.4,mwc
usp0003wef,5.6,mwc
usp0003wge,5.7,mwc
usp0003wkh,5.5,mwc
usp0003wnd,6.3,mwc
usp0003wp5,5.8,mwc
usp0003wqm,5.7,mwc
usp0003wrx,5.8,mwc
usp0003ws1,5.5,mwc
usp0003ws3,5.5,mwc
usp0003wx7,6.0,mwc
usp0003x1s,5.9,mwc
usp0003x2e,5.8,mwc
usp0003x2t,5.7,mwc
usp0003x3q,5.54,mw
usp0003x3r,5.7,mwc
usp0003x5d,5.7,mwc
usp0003x7g,5.4,mwc
usp0003x8n,5.8,mwc
usp0003xaq,5.8,mwc
usp0003xax,6.6,mwc
usp0003xb1,5.5,mwc
usp0003xgc,5.6,mwc
usp0003xh8,5.6,mw
usp0003xjb,6.4,mwc
usp0003xju,5.6,mwc
usp0003xmz,5.9,mwc
usp0003xn8,5.9,mwc
usp0003xn9,5.8,mwc
usp0003xnb,5.9,mwc
usp0003xpu,5.8,mwc
usp0003xun,5.8,mwc
usp0003xwe,6.6,mwc
usp0003xwt,6.1,mwc
usp0003xx8,5.9,mwc
usp0003xy7,5.7,mwc
usp0003xyc,5.7,mwc
usp0003xzg,5.5,mwc
usp0003y07,5.8,mwc
usp0003y09,6.4,mwc
usp0003y15,5.9,mwc
usp0003y4r,5.8,mwc
usp0003y5d,5.6,mwc
usp0003y6r,5.7,mwc
usp0003y7e,5.7,mwc
usp0003y7r,5.5,mwc
usp0003ya4,6.1,mwc
usp0003yat,5.8,mw
usp0003yau,5.7,mwc
usp0003ycj,6.0,mwc
usp0003ydc,5.8,mwc
usp0003ydd,5.6,mwc
usp0003ydk,5.5,mwc
usp0003yfn,6.2,mwc
usp0003ygc,5.5,mwc
usp0003yjg,5.6,mwc
usp0003yk4,5.5,mwc
usp0003ymh,5.4,mwc
usp0003ynm,6.5,mwc
usp0003ynq,6.1,mwc
usp0003ynv,5.43,mw
usp0003yp8,5.8,mwc
usp0003yp9,5.7,mwc
usp0003ypc,6.1,mwc
usp0003ypw,6.4,mwc
usp0003yq0,6.1,mwc
usp0003yq1,5.8,mwc
usp0003yr1,6.5,mwc
usp0003yrb,6.2,mwc
usp0003ytq,5.5,mwc
usp0003yy9,5.6,mwc
usp0003z0u,6.5,mwc
usp0003z1k,5.4,mwc
usp0003z29,5.5,mwc
usp0003z38,5.4,mwc
usp0003z5e,5.8,mwc
usp0003z5v,5.4,mwc
usp0003z73,6.3,mwc
usp0003z78,5.5,mwc
usp0003z83,5.7,mwc
usp0003z84,5.5,mwc
usp0003z8h,5.5,mwc
usp0003z8u,5.7,mwc
usp0003z9c,6.0,mwc
usp0003z9p,5.6,mwc
usp0003z9u,6.0,mwc
usp0003zaq,5.9,mwc
usp0003zbg,5.7,mwc
usp0003zc9,5.7,mwc
usp0003zcu,5.5,mwc
usp0003zfg,5.5,mwc
usp0003zfz,5.4,mwc
usp0003zgp,5.8,mwc
usp0003zh8,6.4,mwc
usp0003zj9,5.5,mwc
usp0003zjz,6.1,mwc
usp0003zkj,5.54,mw
usp0003zkp,5.6,mwc
usp0003zm9,5.4,mwc
usp0003zmt,6.4,mwc
usp0003zn0,5.9,mwc
usp0003zp6,6.1,mwc
usp0003zp9,6.2,mwc
usp0003zpm,5.8,mwc
usp0003zsv,5.8,mwc
usp0003ztv,6.2,mwc
usp0003zvq,6.1,mwc
usp0003zxg,5.5,mwc
usp000400f,6.4,mwc
usp000404h,5.8,mwc
usp0004068,5.6,mwc
usp000406y,5.7,mwc
usp00040a7,5.5,mwc
usp00040dr,6.1,mwc
usp00040e2,6.8,mwc
usp00040e3,6.2,mwc
usp00040e9,6.1,mwc
usp00040ea,5.93,mw
usp00040ef,5.7,mwc
usp00040g6,5.4,mwc
usp00040gh,5.7,mwc
usp00040mx,5.5,mwc
usp00040nc,5.6,mwc
usp00040ps,5.5,mwc
usp00040qk,6.0,mwc
usp00040sx,6.0,mwc
usp00040w0,5.5,mw
usp00040w6,6.0,mwc
usp00040wc,5.5,mwc
usp00040wg,5.6,mwc
usp00040wy,5.6,mwc
usp00040x6,5.6,mwc
usp0004105,5.5,mwc
usp000411v,5.6,mwc
usp0004144,5.6,mwc
usp000415g,6.1,mwc
usp000415v,5.4,mwc
usp00041af,6.0,mwc
usp00041ar,5.7,mwc
usp00041b1,6.3,mwc
usp00041c6,6.9,mwc
usp00041dg,5.8,mwc
usp00041dn,6.4,mwc
usp00041dz,5.5,mwc
usp00041e9,5.5,mwc
usp00041ej,5.9,mwc
usp00041ek,5.24,mw
usp00041gv,5.8,mwc
usp00041hz,5.6,mwc
usp00041j2,5.6,mwc
usp00041jg,6.1,mwc
usp00041jn,5.5,mwc
usp00041ju,5.5,mwc
usp00041kg,7.4,mwc
usp00041kh,6.26,mw
usp00041kx,5.58,mw
usp00041n3,5.5,mwc
usp00041pf,5.9,mwc
usp00041qy,5.5,mwc
usp00041r2,5.9,mwc
usp00041sk,5.9,mwc
usp00041t4,5.4,mwc
usp00041te,5.4,mwc
usp00041tp,6.1,mwc
usp00041wr,5.6,mwc
usp00041x7,5.6,mwc
usp000420y,5.8,mwc
usp000421t,5.5,mwc
usp000422e,5.7,mwc
usp0004231,6.2,mwc
usp0004246,5.7,mwc
usp000424j,5.7,mwc
usp0004274,6.1,mwc
usp000427z,5.9,mwc
usp0004293,5.58,mw
usp0004294,5.8,mwc
usp000429k,6.2,mwc
usp000429w,5.7,mwc
usp00042b5,5.5,mwc
usp00042c0,5.8,mwc
usp00042c8,5.4,mwc
usp00042cd,5.6,mwc
usp00042cf,5.5,mwc
usp00042dm,6.0,mwc
usp00042e2,5.5,mwc
usp00042ey,5.6,mwc
usp00042hr,6.3,mwc
usp00042hz,6.1,mwc
usp00042m1,5.6,mwc
usp00042mp,5.5,mwc
usp00042na,5.6,mwc
usp00042pu,6.5,mwc
usp00042q6,5.9,mwc
usp00042qg,5.8,mwc
usp00042sv,5.5,mwc
usp00042ud,5.9,mwc
usp00042ug,6.5,mwc
usp00042uy,5.4,mwc
usp00042v3,5.5,mwc
usp00042vc,6.1,mwc
usp00042vu,5.6,mwc
usp00042wq,6.7,mwc
usp00042z6,5.8,mwc
usp0004308,6.0,mwc
usp000432n,6.0,mwc
usp000433c,5.6,mwc
usp000433j,7.5,mwc
usp000433k,6.0,mw
usp000433m,5.9,mw
usp000434b,5.74,mw
usp000434f,5.64,mw
usp000434s,5.4,mwc
usp000434u,5.6,mw
usp000435p,5.5,mwc
usp0004364,5.7,mwc
usp000436b,5.9,mwc
usp000436u,5.6,mwc
usp000436z,5.9,mwc
usp0004381,5.8,mwc
usp000439c,5.5,mwc
usp000439d,5.4,mwc
usp00043a9,6.5,mwc
usp00043av,5.8,mwc
usp00043b6,5.8,mwc
usp00043bj,5.4,mwc
usp00043ca,5.61,mw
usp00043cq,5.88,mw
usp00043de,6.0,mwc
usp00043g4,6.3,mwc
usp00043jd,6.0,mwc
usp00043jk,5.6,mwc
usp00043jt,5.9,mwc
usp00043r7,5.7,mwc
usp00043rm,5.5,mwc
usp00043s3,6.6,mwc
usp00043u7,5.6,mwc
usp00043v2,5.8,mwc
usp00043wc,6.5,mwc
usp00043xp,5.8,mwc
usp00043xw,5.4,mwc
usp00043y3,5.9,mwc
usp00043z4,6.0,mwc
usp00043zh,5.4,mwc
usp000440w,6.0,mwc
usp0004417,5.71,mw
usp000441c,5.8,mwc
usp000441x,5.7,mwc
usp0004421,6.3,mwc
usp000442d,5.7,mwc
usp000442e,5.8,mwc
usp0004431,5.8,mwc
usp0004436,5.4,mwc
usp000443d,5.4,mwc
usp0004453,5.6,mwc
usp000445p,5.7,mwc
usp0004488,6.0,mwc
usp000448b,5.62,mw
usp000448d,5.83,mw
usp000449n,6.1,mwc
usp00044bj,5.7,mwc
usp00044bk,5.6,mwc
usp00044bt,5.6,mwc
usp00044bz,5.6,mwc
usp00044d1,5.6,mwc
usp00044e9,6.0,mwc
usp00044er,5.5,mwc
usp00044es,5.7,mwc
usp00044fv,5.9,mwc
usp00044g1,5.5,mw
usp00044g7,5.8,mwc
usp00044gk,5.4,mwc
usp00044ke,5.4,mwc
usp00044ky,6.2,mwc
usp00044mm,5.6,mwc
usp00044py,5.9,mwc
usp00044w1,5.62,mw
usp00044wp,5.6,mwc
usp00044yw,5.4,mwc
usp0004500,6.0,mwc
usp0004508,5.7,mwc
usp0004509,5.8,mwc
usp0004511,5.5,mwc
usp0004529,5.8,mwc
usp000453m,6.2,mwc
usp000456h,6.7,mww
usp000456m,6.6,mwc
usp0004595,6.0,mwc
usp0004597,5.7,mwc
usp00045a3,5.5,mwc
usp00045bg,5.6,mwc
usp00045ch,5.7,mwc
usp00045cq,5.4,mwc
usp00045d7,5.61,mw
usp00045g7,5.5,mwc
usp00045hr,5.8,mwc
usp00045hx,6.1,mwc
usp00045hy,5.6,mwc
usp00045kn,5.9,mwc
usp00045mn,6.2,mwc
usp00045mr,6.7,mww
usp00045p0,6.4,mwc
usp00045p5,5.6,mwc
usp00045pz,5.6,mwc
usp00045q1,5.6,mwc
usp00045r7,5.8,mwc
usp00045ss,5.8,mwc
usp00045sw,5.4,mwc
usp00045vm,6.1,mwc
usp00045w3,5.6,mwc
usp00045xb,5.6,mwc
usp00045ya,6.0,mwc
usp00045z2,5.9,mwc
usp000461e,5.8,mwc
usp0004626,5.6,mwc
usp000464d,7.7,mww
usp000464e,5.72,mw
usp000464f,6.7,mw
usp000466k,6.0,mwc
usp000467e,7.0,mww
usp000467n,6.1,mwc
usp000467p,5.73,mw
usp000468h,5.5,mwc
usp00046a1,5.9,mwc
usp00046dt,5.4,mwc
usp00046fp,5.6,mwc
usp00046fq,5.5,mwc
usp00046gq,5.4,mwc
usp00046gt,6.3,mwc
usp00046gw,5.7,mwc
usp00046hk,5.5,mw
usp00046j2,5.4,mwc
usp00046jg,5.6,mwc
usp00046jr,5.5,mwc
usp00046k3,5.7,mwc
usp00046mh,6.4,mwc
usp00046pp,6.1,mwc
usp00046t3,5.5,mwc
usp00046uh,5.8,mwc
usp00046vp,5.5,mwc
usp00046wv,6.7,mww
usp00046xc,5.5,mwc
usp00046xe,5.5,mwc
usp00046zx,5.5,mwc
usp000471z,6.02,mw
usp0004720,7.2,mww
usp0004722,6.49,mw
usp000472s,5.7,mwc
usp0004741,5.9,mwc
usp000477r,5.5,mwc
usp00047a7,6.0,mwc
usp00047a9,5.93,mw
usp00047cn,5.6,mwc
usp00047dh,6.1,mwc
usp00047e5,6.7,mww
usp00047eb,5.9,mwc
usp00047ee,5.4,mwc
usp00047gj,7.4,mww
usp00047gk,5.95,mw
usp00047gs,5.65,mw
usp00047h2,5.62,mw
usp00047hp,5.51,mw
usp00047hv,5.8,mwc
usp00047hw,5.8,mwc
usp00047hx,5.5,mwc
usp00047j3,5.9,mwc
usp00047jq,5.4,mwc
usp00047jt,6.2,mwc
usp00047jw,5.7,mwc
usp00047n5,5.5,mwc
usp00047qt,5.9,mwc
usp00047t8,5.5,mwc
usp00047tg,5.8,mwc
usp00047tw,6.0,mwc
usp00047vp,5.4,mwc
usp00047x2,5.7,mwc
usp000480j,5.6,mwc
usp000480r,6.0,mw
usp000481a,6.1,mwc
usp000482z,7.7,mww
usp0004839,5.74,mw
usp000483x,5.8,mw
usp0004845,6.5,mwc
usp000484b,5.6,mw
usp0004850,5.9,mwc
usp000485m,6.3,mwc
usp000487g,5.5,mwc
usp000487x,5.5,mwc
usp0004892,6.3,mw
usp000489d,5.5,mwc
usp00048b7,5.6,mwc
usp00048gt,6.2,mwc
usp00048gu,6.4,mwc
usp00048gv,6.44,mw
usp00048h2,5.74,mw
usp00048h3,5.9,mwc
usp00048hx,5.5,mwc
usp00048ju,6.3,mwc
usp00048kb,5.6,mwc
usp00048m8,5.6,mwc
usp00048ns,6.0,mwc
usp00048p4,5.5,mwc
usp00048p5,5.6,mwc
usp00048qa,5.8,mwc
usp00048s8,6.4,mwc
usp00048vr,5.8,mw
usp00048ya,5.7,mwc
usp0004904,6.4,mwc
usp0004907,5.6,mwc
usp000492q,6.0,mwc
usp000492r,5.6,mw
usp000493q,5.8,mwc
usp000493x,5.8,mwc
usp0004948,5.5,mwc
usp0004962,6.2,mwc
usp000496r,5.5,mwc
usp000496v,7.2,mww
usp000497t,5.8,mwc
usp0004985,6.4,mwc
usp00049ac,6.1,mwc
usp00049b0,6.0,mwc
usp00049b3,5.5,mwc
usp00049b9,6.0,mwc
usp00049bd,5.58,mw
usp00049bk,5.6,mwc
usp00049c3,5.6,mwc
usp00049cs,5.4,mwc
usp00049e3,5.7,mwc
usp00049e6,5.7,mwc
usp00049e8,5.9,mwc
usp00049ex,5.8,mwc
usp00049gt,5.5,mwc
usp00049hf,7.2,mww
usp00049hs,5.68,mw
usp00049ht,6.2,mwc
usp00049hz,6.1,mwc
usp00049k8,5.5,mwc
usp00049k9,5.6,mwc
usp00049mb,6.1,mwc
usp00049q9,6.5,mwc
usp00049qe,7.0,mww
usp00049qg,7.0,mwc
usp00049qn,5.66,mw
usp00049qy,5.8,mwc
usp00049sj,5.7,mwc
usp00049vd,5.7,mwc
usp00049ve,5.9,mwc
usp00049w4,5.9,mwc
usp00049xz,6.6,mww
usp00049yk,6.9,mww
usp00049yx,5.6,mwc
usp00049za,6.3,mwc
usp00049zs,5.8,mwc
usp0004a05,6.2,mwc
usp0004a0a,5.5,mwc
usp0004a19,5.5,mwc
usp0004a1z,5.4,mwc
usp0004a7d,6.4,mwc
usp0004a7p,5.6,mwc
usp0004a8b,5.5,mwc
usp0004a97,5.6,mwc
usp0004a9a,6.4,mwc
usp0004a9n,5.5,mwc
usp0004a9w,5.5,mwc
usp0004ab0,5.5,mwc
usp0004aev,5.5,mwc
usp0004af8,5.7,mwc
usp0004ag6,7.1,mww
usp0004agn,6.6,mwc
usp0004ah4,5.4,mwc
usp0004aht,6.0,mwc
usp0004ajm,5.6,mwc
usp0004ajp,5.5,mwc
usp0004ajw,6.0,mwc
usp0004amb,6.1,mwc
usp0004an6,5.5,mwc
usp0004and,5.5,mwc
usp0004aqf,5.6,mwc
usp0004are,5.56,mw
usp0004arq,7.4,mww
usp0004asy,5.7,mwc
usp0004aup,5.5,mw
usp0004auw,5.5,mwc
usp0004avc,5.5,mwc
usp0004ave,5.7,mwc
usp0004avt,6.2,mwc
usp0004axa,6.8,mww
usp0004ay4,5.8,mwc
usp0004b0a,5.6,mwc
usp0004b17,6.2,mwc
usp0004b4a,5.7,mwc
usp0004b6c,5.5,mwc
usp0004ban,5.5,mwc
usp0004bbm,5.6,mwc
usp0004beh,5.5,mwc
usp0004bex,5.6,mwc
usp0004bf5,5.6,mwc
usp0004bf9,5.6,mwc
usp0004bgx,5.7,mwc
usp0004bjd,5.8,mwc
usp0004bkr,6.3,mwc
usp0004bm0,5.7,mwc
usp0004bm5,6.4,mwc
usp0004bnk,5.5,mw
usp0004bph,5.72,mw
usp0004bq3,6.0,mwc
usp0004bq4,5.9,mwc
usp0004brv,5.8,mwc
usp0004bse,5.5,mwc
usp0004bsh,5.5,mwc
usp0004bt0,6.3,mwc
usp0004bu4,6.6,mww
usp0004bu7,5.7,mwc
usp0004bux,5.6,mwc
usp0004bv6,5.7,mwc
usp0004bxs,7.7,mww
usp0004byn,5.72,mw
usp0004byu,5.84,mw
usp0004bzn,5.86,mw
usp0004bzv,5.93,mw
usp0004c0q,5.7,mwc
usp0004c30,6.0,mwc
usp0004c36,6.5,mwc
usp0004c49,5.6,mwc
usp0004c4m,5.5,mwc
usp0004c4y,5.5,mwc
usp0004c5w,5.6,mwc
usp0004c9m,5.7,mwc
usp0004cau,5.7,mwc
usp0004ccj,6.3,mwc
usp0004ccw,5.5,mwc
usp0004cdm,5.6,mwc
usp0004cdv,5.4,mwc
usp0004cep,5.6,mwc
usp0004cj1,5.5,mwc
usp0004cj5,5.9,mwc
usp0004cm6,7.2,mww
usp0004cnc,5.5,mwc
usp0004cnr,5.5,mwc
usp0004cr6,5.5,mwc
usp0004crr,5.8,mwc
usp0004cth,5.7,mwc
usp0004cuw,6.0,mwc
usp0004cvr,5.8,mwc
usp0004cx1,6.1,mwc
usp0004cz8,6.4,mwc
usp0004cza,6.1,mwc
usp0004d06,6.4,mwc
usp0004d1t,5.5,mwc
usp0004d43,5.4,mwc
usp0004d65,5.5,mwc
usp0004d6b,5.8,mwc
usp0004d74,6.2,mwc
usp0004d7a,5.8,mwc
usp0004d7e,5.5,mwc
usp0004d8e,5.5,mwc
usp0004d98,5.5,mwc
usp0004d9s,5.4,mwc
usp0004dad,7.0,mww
usp0004dc6,5.5,mwc
usp0004dcy,6.3,mwc
usp0004ddg,5.5,mwc
usp0004dgj,5.7,mwc
usp0004dhv,6.5,mww
usp0004dkb,5.28,mw
usp0004dkd,6.2,mwc
usp0004dkt,6.0,mwc
usp0004dnb,5.7,mwc
usp0004dnp,5.7,mwc
usp0004dpe,5.7,mwc
usp0004dq4,5.9,mwc
usp0004dqw,6.0,mwc
usp0004drh,5.4,mwc
usp0004duq,5.5,mwc
usp0004dvw,5.6,mwc
usp0004dw9,6.3,mwc
usp0004dwq,5.4,mwc
usp0004dwu,5.5,mwc
usp0004dyb,5.7,mwc
usp0004dz3,5.8,mwc
usp0004e00,5.6,mwc
usp0004e3n,5.7,mwc
usp0004e3w,5.5,mwc
usp0004e47,5.5,mwc
usp0004e6r,6.6,mw
usp0004e78,5.5,mwc
usp0004e7e,5.8,mwc
usp0004e7g,5.9,mwc
usp0004e85,5.5,mwc
usp0004eau,5.7,mwc
usp0004eb8,5.7,mwc
usp0004ed1,5.5,mwc
usp0004efe,5.5,mwc
usp0004efg,5.7,mwc
usp0004efj,5.5,mwc
usp0004efm,6.0,mwc
usp0004eg1,5.4,mwc
usp0004egb,6.0,mwc
usp0004eh7,5.7,mwc
usp0004ekg,5.8,mwc
usp0004emw,5.4,mwc
usp0004en5,5.8,mwc
usp0004epz,5.6,mwc
usp0004eq3,6.0,mwc
usp0004eqw,5.5,mwc
usp0004esb,5.6,mwc
usp0004esg,5.5,mwc
usp0004eu2,5.8,mwc
usp0004eu7,6.4,mwc
usp0004eun,5.7,mwc
usp0004exd,5.6,mwc
usp0004eyz,5.6,mwc
usp0004ezd,5.9,mwc
usp0004ezv,6.3,mwc
usp0004f00,6.5,mww
usp0004f02,6.22,mw
usp0004f0e,5.9,mwc
usp0004f2z,5.6,mwc
usp0004f30,5.6,mwc
usp0004f5b,6.6,mww
usp0004f6n,5.6,mwc
usp0004f6s,5.5,mwc
usp0004f7e,6.1,mwc
usp0004f95,5.9,mwc
usp0004f9s,5.7,mwc
usp0004fc5,5.5,mwc
usp0004fds,5.4,mwc
usp0004fe0,5.7,mwc
usp0004fe3,5.4,mwc
usp0004fjz,6.5,mwc
usp0004fk7,6.0,mwc
usp0004fpa,5.9,mwc
usp0004fqv,5.5,mwc
usp0004fsp,6.8,mww
usp0004fth,5.8,mwc
usp0004fv3,5.8,mwc
usp0004fv5,7.0,mww
usp0004fyy,5.7,mwc
usp0004g1v,5.5,mwc
usp0004g2b,5.4,mwc
usp0004g2q,5.4,mwc
usp0004g4s,5.8,mwc
usp0004g51,6.3,mwc
usp0004g5a,5.8,mwc
usp0004g67,6.0,mwc
usp0004g69,5.69,mw
usp0004g9t,5.4,mwc
usp0004g9v,5.4,mwc
usp0004gd4,5.5,mwc
usp0004gds,5.7,mwc
usp0004gdu,5.4,mwc
usp0004gdx,5.4,mwc
usp0004geu,5.6,mwc
usp0004ghd,5.8,mw
usp0004ghn,5.5,mwc
usp0004gkf,6.5,mww
usp0004gkg,5.55,mw
usp0004gkj,7.1,mww
usp0004gm7,5.6,mwc
usp0004gmf,5.7,mwc
usp0004gnd,5.4,mwc
usp0004gsy,5.5,mwc
usp0004gu0,6.3,mwc
usp0004gv5,5.9,mwc
usp0004gxy,5.5,mwc
usp0004gyj,6.7,mww
usp0004gyr,5.92,mw
usp0004gys,5.56,mw
usp0004h09,5.6,mwc
usp0004h33,5.5,mwc
usp0004h4k,5.7,mwc
usp0004h57,5.6,mwc
usp0004h5e,6.0,mwc
usp0004h8f,6.2,mwc
usp0004h8t,5.7,mwc
usp0004h98,5.5,mwc
usp0004ha4,6.1,mw
usp0004hc5,5.7,mwc
usp0004hcc,5.8,mwc
usp0004hcd,5.5,mw
usp0004hce,5.51,mw
usp0004hep,5.5,mwc
usp0004hhp,5.6,mwc
usp0004hjw,6.0,mwc
usp0004hkn,5.8,mwc
usp0004hp2,5.5,mwc
usp0004hp4,5.8,mwc
usp0004hpw,5.6,mwc
usp0004hr9,5.5,mwc
usp0004hsc,6.0,mwc
usp0004htx,5.9,mwc
usp0004huv,5.4,mwc
usp0004hwy,5.5,mwc
usp0004hxx,5.9,mwc
usp0004hzg,6.2,mwc
usp0004hzk,5.7,mwc
usp0004j1w,5.6,mwc
usp0004j21,6.3,mwc
usp0004j2m,6.0,mwc
usp0004j34,6.3,mwc
usp0004j3m,5.5,mwc
usp0004j3s,5.9,mwc
usp0004j3u,6.08,mw
usp0004j4p,5.6,mwc
usp0004j4v,5.5,mwc
usp0004j77,5.4,mwc
usp0004j7h,5.7,mwc
usp0004j7k,5.7,mwc
usp0004j7w,5.5,mwc
usp0004j8r,6.3,mw
usp0004j9d,5.4,mwc
usp0004jaw,5.6,mwc
usp0004jbn,6.0,mw
usp0004jca,5.4,mwc
usp0004jct,5.6,mwc
usp0004jdm,5.8,mwc
usp0004jdq,6.1,mwc
usp0004jdt,6.1,mwc
usp0004jf1,5.4,mwc
usp0004jfa,5.6,mwc
usp0004jga,5.4,mwc
usp0004jkq,5.9,mwc
usp0004jkx,5.7,mwc
usp0004jp6,5.79,mw
usp0004jpd,5.5,mwc
usp0004jqh,5.9,mwc
usp0004jrr,5.7,mwc
usp0004jsa,5.9,mwc
usp0004jt5,5.5,mwc
usp0004juv,5.7,mwc
usp0004jv1,5.4,mwc
usp0004jx2,5.9,mwc
usp0004jxw,6.1,mwc
usp0004k00,7.5,mww
usp0004k19,5.62,mw
usp0004k1p,5.6,mwc
usp0004k1t,6.2,mwc
usp0004k1y,5.7,mwc
usp0004k2n,6.0,mwc
usp0004k4h,5.5,mwc
usp0004k4p,5.9,mwc
usp0004k5g,6.1,mwc
usp0004k5h,5.85,mw
usp0004k66,5.8,mwc
usp0004k8g,7.0,mww
usp0004kdw,6.1,mwc
usp0004ke8,5.5,mwc
usp0004ken,6.1,mwc
usp0004kf6,5.8,mwc
usp0004kfj,5.7,mwc
usp0004kjm,5.6,mwc
usp0004kmk,5.43,mw
usp0004kmm,5.8,mwc
usp0004kpp,5.8,mwc
usp0004kq4,5.5,mwc
usp0004kr0,6.0,mwc
usp0004krp,5.5,mwc
usp0004ktf,5.8,mwc
usp0004ktq,5.6,mwc
usp0004kuf,6.3,mwc
usp0004kx7,5.6,mwc
usp0004kxx,6.0,mwc
usp0004kze,5.89,mw
usp0004m1x,6.4,mwc
usp0004m4s,6.1,mwc
usp0004m4u,6.3,mw
usp0004m4v,5.57,mw
usp0004m5b,5.5,mwc
usp0004m6y,5.5,mwc
usp0004m8s,5.4,mwc
usp0004m97,5.7,mwc
usp0004m9g,5.8,mwc
usp0004m9y,5.5,mwc
usp0004mcj,5.7,mwc
usp0004mdh,6.9,mww
usp0004mes,5.7,mwc
usp0004mk7,5.5,mw
usp0004mn6,5.7,mwc
usp0004mqw,6.0,mwc
usp0004mrh,6.9,mww
usp0004mrj,6.24,mw
usp0004msc,5.9,mwc
usp0004msg,6.0,mwc
usp0004mv1,5.8,mwc
usp0004mw5,5.6,mwc
usp0004mwk,5.4,mwc
usp0004mwq,5.59,mw
usp0004mwv,5.9,mwc
usp0004my2,5.9,mwc
usp0004my7,6.0,mwc
usp0004my9,5.69,mw
usp0004mzv,6.1,mwc
usp0004n1a,5.9,mwc
usp0004n2a,6.7,mww
usp0004n39,5.6,mwc
usp0004n4d,5.6,mwc
usp0004n5m,5.8,mwc
usp0004n63,5.5,mwc
usp0004n74,6.6,mww
usp0004na8,5.6,mwc
usp0004nar,5.5,mwc
usp0004nc7,5.7,mwc
usp0004nd3,5.5,mwc
usp0004ndh,6.0,mwc
usp0004nfm,5.5,mwc
usp0004nh8,5.7,mwc
usp0004njp,6.1,mwc
usp0004nm0,5.4,mwc
usp0004nm1,5.5,mwc
usp0004nn4,6.1,mwc
usp0004nqc,5.6,mwc
usp0004nqu,5.7,mwc
usp0004nrm,5.6,mwc
usp0004ntk,6.6,mww
usp0004ntm,5.72,mw
usp0004ntn,6.1,mw
usp0004ntp,5.88,mw
usp0004ntq,5.62,mw
usp0004nuk,6.0,mwc
usp0004nvx,5.6,mwc
usp0004nya,6.4,mwc
usp0004p07,5.6,mwc
usp0004p0t,5.86,mw
usp0004p1u,5.7,mwc
usp0004p45,6.3,mwc
usp0004p8a,5.5,mwc
usp0004pa3,6.0,mwc
usp0004pb3,6.1,mwc
usp0004pbp,5.7,mwc
usp0004peg,5.6,mwc
usp0004pf5,5.4,mwc
usp0004php,6.3,mwc
usp0004phy,5.5,mwc
usp0004pjs,5.8,mwc
usp0004pns,5.8,mwc
usp0004pqq,5.6,mwc
usp0004pr5,5.5,mwc
usp0004ptd,5.5,mwc
usp0004pth,5.9,mwc
usp0004ptm,5.6,mwc
usp0004ptp,5.8,mwc
usp0004ptt,5.8,mwc
usp0004puc,5.5,mwc
usp0004px3,6.1,mwc
usp0004pxr,6.4,mwc
usp0004pyn,6.9,mww
usp0004pyr,5.61,mw
usp0004pzk,6.3,mwc
usp0004pzs,5.8,mwc
usp0004q0a,5.5,mwc
usp0004q0u,6.7,mww
usp0004q24,5.9,mwc
usp0004q37,5.6,mwc
usp0004q41,5.8,mwc
usp0004q6c,5.7,mwc
usp0004q75,5.6,mwc
usp0004q7y,5.4,mwc
usp0004q9b,5.8,mwc
usp0004qar,6.0,mwc
usp0004qfc,5.5,mwc
usp0004qfn,5.5,mwc
usp0004qfq,5.9,mwc
usp0004qh2,5.57,mw
usp0004qhm,6.1,mwc
usp0004qj5,5.9,mwc
usp0004qmd,5.5,mwc
usp0004qn4,5.5,mwc
usp0004qpg,7.5,mww
usp0004qpy,5.86,mw
usp0004qqa,5.8,mwc
usp0004qrk,6.2,mwc
usp0004qrm,6.13,mw
usp0004qrv,5.4,mwc
usp0004qsj,6.1,mwc
usp0004qvn,5.5,mwc
usp0004qza,6.9,mww
usp0004r0e,5.9,mwc
usp0004r0f,5.62,mw
usp0004r0h,6.1,mwc
usp0004r16,5.9,mwc
usp0004r1x,5.7,mwc
usp0004r2y,5.5,mwc
usp0004r4g,5.4,mwc
usp0004r4n,5.9,mwc
usp0004r5x,6.7,mww
usp0004r6m,5.6,mwc
usp0004r74,6.1,mwc
usp0004r7v,5.6,mwc
usp0004r8e,5.5,mwc
usp0004ra1,5.6,mwc
usp0004ra3,5.74,mw
usp0004rba,5.5,mwc
usp0004rce,6.0,mwc
usp0004rdn,5.4,mwc
usp0004rds,5.5,mwc
usp0004rfk,6.2,mwc
usp0004rgd,5.5,mwc
usp0004rjg,5.5,mwc
usp0004rks,5.9,mwc
usp0004rr7,6.3,mwc
usp0004rrb,5.5,mwc
usp0004ru5,6.8,mww
usp0004ru7,5.62,mw
usp0004rvv,5.4,mwc
usp0004rxb,6.5,mww
usp0004s1s,5.7,mwc
usp0004s1v,6.9,mww
usp0004s5a,5.7,mwc
usp0004s9h,6.7,mww
usp0004saw,5.8,mwc
usp0004sbp,5.6,mwc
usp0004sdw,5.4,mwc
usp0004sep,5.5,mwc
usp0004sk4,5.5,mwc
usp0004smx,6.8,mww
usp0004sq2,7.0,mww
usp0004sqt,5.4,mwc
usp0004srj,6.3,mwc
usp0004ssa,5.9,mwc
usp0004ssc,5.5,mwc
usp0004ssx,5.5,mwc
usp0004ste,5.7,mwc
usp0004suj,5.7,mwc
usp0004svx,5.9,mwc
usp0004sxh,5.4,mwc
usp0004sxm,6.2,mwc
usp0004sxp,6.5,mww
usp0004syk,5.7,mwc
usp0004syr,5.6,mwc
usp0004szy,5.6,mwc
usp0004t09,6.1,mwc
usp0004t3x,5.8,mwc
usp0004t5z,5.8,mwc
usp0004t6a,5.5,mwc
usp0004t6g,7.3,mww
usp0004t6j,5.77,mw
usp0004t84,5.8,mwc
usp0004t92,6.1,mwc
usp0004taw,7.2,mww
usp0004taz,5.74,mw
usp0004tg9,5.5,mwc
usp0004tk0,5.5,mwc
usp0004tk4,5.6,mwc
usp0004tnc,6.0,mwc
usp0004tp6,6.3,mwc
usp0004tp8,5.84,mw
usp0004ts3,5.6,mwc
usp0004tse,6.7,mww
usp0004tta,5.6,mwc
usp0004ttb,6.1,mwc
usp0004ttk,5.8,mwc
usp0004tuc,6.8,mww
usp0004tug,5.63,mw
usp0004tut,5.6,mwc
usp0004txd,5.8,mwc
usp0004tz1,5.4,mwc
usp0004u1p,5.6,mw
usp0004u34,6.8,mww
usp0004u3w,6.1,mwc
usp0004u5k,6.6,mww
usp0004u71,5.7,mw
usp0004u92,5.5,mwc
usp0004u9f,5.6,mwc
usp0004ua7,5.8,mwc
usp0004uah,5.5,mwc
usp0004uaj,5.6,mwc
usp0004udh,5.9,mwc
usp0004uf9,5.7,mwc
usp0004uhc,5.6,mwc
usp0004uhj,5.6,mwc
usp0004uj7,5.4,mwc
usp0004uk3,5.5,mwc
usp0004umq,5.7,mwc
usp0004umr,5.7,mwc
usp0004upe,5.6,mwc
usp0004us1,5.4,mwc
usp0004uv8,5.6,mwc
usp0004uxv,5.4,mwc
usp0004uy5,5.7,mwc
usp0004uzf,5.4,mwc
usp0004v0k,6.0,mwc
usp0004v1e,5.6,mwc
usp0004v27,5.9,mwc
usp0004v2a,5.53,mw
usp0004v3k,6.7,mww
usp0004v5u,5.5,mwc
usp0004v82,5.8,mwc
usp0004v8w,5.7,mwc
usp0004v9n,5.5,mwc
usp0004vbg,6.0,mw
usp0004vbw,6.5,mww
usp0004vcu,5.6,mw
usp0004vd5,5.93,mw
usp0004vd9,6.3,mwc
usp0004vdv,5.6,mwc
usp0004vft,5.5,mwc
usp0004vqa,5.4,mwc
usp0004vsw,5.5,mwc
usp0004vt2,5.7,mwc
usp0004vue,5.5,mwc
usp0004vw2,5.7,mwc
usp0004vwj,5.7,mwc
usp0004vwt,5.7,mwc
usp0004vwu,5.9,mwc
usp0004vyh,5.5,mwc
usp0004vzh,5.8,mwc
usp0004vzv,5.4,mwc
usp0004w06,5.7,mwc
usp0004w0e,5.5,mwc
usp0004w42,5.6,mwc
usp0004w5f,5.62,mw
usp0004w6p,6.2,mwc
usp0004w6r,6.3,mwc
usp0004w6v,6.3,mwc
usp0004w8s,5.4,mwc
usp0004wcd,5.5,mwc
usp0004wdm,5.6,mwc
usp0004weq,5.5,mwc
usp0004wet,5.85,mw
usp0004weu,5.8,mwc
usp0004wnm,5.7,mwc
usp0004wp8,5.8,mwc
usp0004wqc,5.5,mwc
usp0004wrv,6.2,mwc
usp0004wu6,5.6,mw
usp0004wvz,6.1,mwc
usp0004x2m,5.5,mwc
usp0004x3d,5.7,mwc
usp0004x60,6.6,mww
usp0004x7f,6.9,mww
usp0004x7g,5.67,mw
usp0004xae,5.6,mw
usp0004xc6,5.6,mwc
usp0004xc7,5.69,mw
usp0004xc8,5.82,mw
usp0004xhr,6.0,mwc
usp0004xkm,5.6,mwc
usp0004xkw,5.6,mwc
usp0004xnt,5.6,mwc
usp0004xr5,6.2,mwc
usp0004xrq,5.9,mwc
usp0004xsk,6.2,mwc
usp0004xtq,7.1,mww
usp0004xts,6.57,mw
usp0004xtu,5.58,mw
usp0004xvd,6.1,mwc
usp0004xxj,5.9,mwc
usp0004xxn,6.0,mwc
usp0004xyc,5.5,mwc
usp0004xzr,6.4,mwc
usp0004xzs,5.6,mwc
usp0004y0n,5.67,mw
usp0004y13,5.4,mwc
usp0004y1r,6.7,mww
usp0004y7p,5.5,mwc
usp0004y8z,5.6,mwc
usp0004ybg,5.4,mwc
usp0004ycu,5.9,mwc
usp0004yfp,5.7,mwc
usp0004yfx,5.5,mw
usp0004ygb,5.8,mwc
usp0004ykk,5.6,mwc
usp0004ykw,5.5,mwc
usp0004ym4,6.2,mwc
usp0004yn6,5.5,mwc
usp0004yp9,5.9,mwc
usp0004ypz,6.6,mww
usp0004yq2,5.76,mw
usp0004ysk,5.6,mwc
usp0004ysy,6.2,mwc
usp0004yu6,5.7,mwc
usp0004yu7,6.2,mwc
usp0004yuw,6.5,mwc
usp0004yw6,5.8,mwc
usp0004ywe,6.3,mwc
usp0004yxy,5.6,mwc
usp0004z0d,5.4,mwc
usp0004z1u,6.0,mwc
usp0004z1w,5.9,mwc
usp0004z24,5.8,mwb
usp0004z36,5.5,mwc
usp0004z3m,6.8,mww
usp0004z6s,5.4,mwc
usp0004zbe,5.9,mwc
usp0004zbt,7.2,mww
usp0004zca,5.6,mwc
usp0004zcg,6.0,mwc
usp0004zch,5.61,mw
usp0004ze3,6.1,mwc
usp0004zfr,5.5,mwc
usp0004zhp,5.6,mwc
usp0004zp7,6.0,mwc
usp0004zq5,6.4,mwc
usp0004zqw,5.7,mwc
usp0004zsx,5.6,mwc
usp0004zxr,5.5,mwc
usp0004zyf,5.8,mwc
usp0004zz2,6.3,mwc
usp0005007,5.5,mwc
usp000500b,5.5,mwc
usp000502c,5.9,mwc
usp000504p,5.9,mwc
usp0005051,5.6,mwc
usp000506c,5.4,mwc
usp0005071,5.78,mw
usp000509e,5.5,mwc
usp000509u,6.4,mwc
usp00050a0,6.5,mwc
usp00050am,5.5,mwc
usp00050b4,5.6,mwc
usp00050bq,6.6,mww
usp00050c4,5.9,mwc
usp00050ca,5.4,mwc
usp00050db,6.4,mwc
usp00050dc,5.99,mw
usp00050df,6.3,mwc
usp00050dg,6.3,mwc
usp00050fu,5.6,mwc
usp00050g5,5.4,mwc
usp00050gt,5.9,mwc
usp00050k1,6.2,mwc
usp00050k6,5.7,mwc
usp00050mr,5.5,mw
usp00050mu,6.7,mww
usp00050mv,5.92,mw
usp00050n4,5.84,mw
usp00050n5,5.73,mw
usp00050pd,5.6,mwc
usp00050q2,5.7,mwc
usp00050sq,7.5,mww
usp00050ss,5.67,mw
usp00050uy,5.4,mwc
usp00050vv,5.4,mwc
usp00050wn,5.5,mwc
usp00050yh,5.4,mwc
usp00050yv,5.73,mw
usp000510u,6.0,mw
usp000510y,7.2,mww
usp0005119,6.3,mwc
usp0005120,6.7,mww
usp000512b,5.8,mwc
usp000512j,5.6,mwc
usp0005138,5.8,mwc
usp000513k,5.5,mwc
usp000514s,6.4,mwc
usp000519m,6.0,mwc
usp000519r,5.8,mwc
usp00051ab,5.6,mwc
usp00051kh,5.7,mwc
usp00051mv,5.5,mwc
usp00051nu,5.6,mwc
usp00051re,5.9,mwc
usp00051rj,6.0,mwc
usp00051td,5.5,mwc
usp00051tq,5.7,mwc
usp0005200,5.5,mwc
usp000520a,6.6,mww
usp0005225,5.7,mwc
usp000523x,5.6,mwc
usp000525u,5.4,mwc
usp00052af,5.7,mwc
usp00052e0,5.8,mwc
usp00052ew,5.9,mwc
usp00052gf,5.8,mwc
usp00052gx,6.0,mwc
usp00052gy,6.3,mwc
usp00052hv,5.8,mwc
usp00052m3,5.7,mwc
usp00052nf,5.9,mwc
usp00052nk,5.5,mwc
usp00052p4,5.5,mwc
usp00052p8,6.3,mwc
usp00052pg,5.73,mw
usp00052pk,5.6,mwc
usp00052qv,5.64,mw
usp00052v1,5.77,mw
usp00052xb,5.7,mwc
usp00052zf,5.4,mwc
usp00052zw,6.8,mww
usp0005302,6.0,mwc
usp0005326,5.6,mwc
usp000535a,5.9,mwc
usp000535k,6.1,mwc
usp000535m,6.2,mwc
usp0005388,5.5,mwc
usp00053a4,5.9,mwc
usp00053a8,5.7,mwc
usp00053ae,5.4,mwc
usp00053bd,6.0,mwc
usp00053bp,5.4,mwc
usp00053c2,5.7,mwc
usp00053gt,5.9,mwc
usp00053k1,6.6,mww
usp00053ks,5.8,mwc
usp00053mx,5.5,mwc
usp00053ra,5.5,mwc
usp00053rs,6.9,mww
usp00053s0,5.9,mw
usp00053ss,5.8,mwc
usp00053sx,5.6,mwc
usp00053t1,5.8,mwc
usp00053ty,5.4,mwc
usp00053v1,6.4,mwc
usp00053wj,6.2,mwc
usp00053wx,6.3,mwc
usp00053yt,6.5,mwc
usp00053zt,6.2,mwc
usp0005408,5.4,mwc
usp000540x,5.5,mwc
usp000544n,6.1,mwc
usp000544x,5.4,mwc
usp000547a,6.4,mwc
usp000547c,6.7,mww
usp000547e,6.2,mw
usp0005494,5.8,mwc
usp00054a3,5.9,mwc
usp00054b7,5.5,mwc
usp00054d9,5.4,mwc
usp00054g6,6.0,mwc
usp00054jy,5.4,mwc
usp00054pu,5.7,mwc
usp00054sa,5.6,mwc
usp00054sd,6.0,mwc
usp00054sr,5.9,mwc
usp00054u1,5.5,mwc
usp00054ua,5.5,mwc
usp00054vt,5.9,mwc
usp00054wj,5.6,mwc
usp00054xh,5.4,mwc
usp00054xt,5.6,mwc
usp000550q,5.5,mwc
usp000551y,5.5,mwc
usp000552r,5.9,mwc
usp000553m,6.3,mwc
usp000555m,5.4,mwc
usp000557j,5.5,mwc
usp000557q,5.6,mwc
usp000558g,5.4,mwc
usp000558t,6.5,mwc
usp000558w,5.61,mw
usp00055aa,5.8,mwc
usp00055be,5.6,mwc
usp00055by,5.7,mwc
usp00055c5,6.1,mwc
usp00055c7,5.4,mwc
usp00055ca,5.8,mwc
usp00055dh,6.8,mww
usp00055dq,5.86,mw
usp00055du,5.9,mwc
usp00055f4,6.0,mwc
usp00055g2,6.0,mwc
usp00055gc,5.7,mwc
usp00055gp,5.9,mwc
usp00055hn,5.9,mwc
usp00055pj,5.6,mwc
usp00055tv,5.7,mwc
usp00055u3,5.4,mwc
usp00055vz,6.1,mwc
usp00055wk,5.8,mwc
usp00055wy,5.8,mwc
usp00055yz,6.6,mww
usp00055z9,5.4,mwc
usp000560s,6.1,mwc
usp000561d,5.7,mwc
usp0005621,5.4,mwc
usp000566z,5.6,mwc
usp0005688,5.6,mwc
usp000568g,6.1,mwc
usp000568q,6.1,mwc
usp00056a8,5.5,mwc
usp00056an,6.0,mwc
usp00056b5,5.6,mwc
usp00056bm,5.9,mwc
usp00056ex,5.6,mwc
usp00056j0,5.7,mwc
usp00056kc,5.9,mwc
usp00056nr,5.9,mwc
usp00056nx,5.4,mwc
usp00056qd,5.7,mwc
usp00056um,5.5,mwc
usp00056us,5.5,mwc
usp00056wf,6.1,mwb
usp00056ze,5.5,mwc
usp000570t,6.0,mwc
usp000574m,5.8,mwc
usp000578g,5.4,mwc
usp000578m,5.6,mwc
usp000578t,6.7,mww
usp00057a4,5.5,mwc
usp00057ct,5.6,mwc
usp00057d0,7.3,mww
usp00057d4,5.9,mw
usp00057et,5.65,mw
usp00057fk,6.1,mwc
usp00057fs,5.7,mwc
usp00057g1,6.0,mwc
usp00057g2,5.55,mw
usp00057gu,7.1,mww
usp00057gv,7.2,mwc
usp00057hv,5.8,mwc
usp00057ja,6.1,mwc
usp00057ng,6.3,mwc
usp00057pv,5.6,mwc
usp00057q6,5.8,mwc
usp00057rs,5.4,mwc
usp00057rv,6.0,mwc
usp00057tm,5.4,mwc
usp00057tq,6.0,mwc
usp00057u9,5.4,mwc
usp00057up,5.9,mwc
usp00057v8,5.5,mwc
usp00057w8,5.6,mwc
usp00057wv,5.4,mwc
usp00057x6,5.6,mwc
usp00057xj,6.2,mwc
usp00057xu,5.6,mwc
usp00057yt,6.0,mwc
usp000580a,5.4,mwc
usp0005818,5.7,mwc
usp000582h,6.8,mww
usp0005830,5.78,mw
usp000584j,5.5,mwc
usp000585d,7.0,mww
usp0005876,5.9,mwc
usp0005883,5.8,mwc
usp00058ah,5.7,mwc
usp00058aq,5.5,mwc
usp00058ck,6.0,mwc
usp00058cp,5.4,mwc
usp00058dm,6.0,mwc
usp00058dy,6.3,mwc
usp00058f7,5.8,mwc
usp00058gz,5.4,mwc
usp00058hh,5.7,mwc
usp00058hu,5.4,mwc
usp00058jt,5.4,mwc
usp00058kc,5.8,mwc
usp00058kf,6.2,mwc
usp00058m9,6.1,mwc
usp00058mv,5.6,mwc
usp00058na,6.0,mwc
usp00058s6,5.5,mwc
usp00058sh,5.9,mwc
usp00058sk,5.5,mwc
usp00058v2,5.5,mwc
usp00058v4,6.1,mwc
usp00058v6,5.5,mwc
usp00058vd,5.4,mwc
usp00058vv,5.7,mwc
usp00058wh,5.9,mwc
usp00058xt,5.8,mwc
usp00058yq,5.4,mwc
usp00058zp,5.6,mwc
usp0005941,5.6,mwc
usp000594q,6.3,mwc
usp000595e,5.7,mwc
usp000595w,5.8,mwc
usp000596d,6.0,mwc
usp000597k,6.1,mwc
usp00059dg,5.7,mwc
usp00059dv,6.2,mwc
usp00059fc,6.3,mwc
usp00059g4,5.7,mwc
usp00059gv,5.8,mwc
usp00059gw,5.5,mwc
usp00059he,6.0,mwc
usp00059hg,5.6,mwc
usp00059j9,5.71,mw
usp00059k9,5.8,mwc
usp00059ka,5.6,mwc
usp00059mp,6.5,mwc
usp00059p6,5.8,mwc
usp00059q1,5.8,mwc
usp00059r5,5.6,mwc
usp00059uk,5.8,mwc
usp00059uz,5.5,mwc
usp00059w1,5.7,mwc
usp00059wz,5.5,mwc
usp0005a3p,5.6,mwc
usp0005a9w,5.8,mwc
usp0005am7,6.5,mww
usp0005ap1,7.2,mww
usp0005aqu,6.2,mwc
usp0005ar3,5.65,mw
usp0005art,5.7,mwc
usp0005at1,6.1,mwc
usp0005at4,6.3,mwc
usp0005atw,6.0,mwc
usp0005aud,5.5,mwc
usp0005avk,5.6,mwc
usp0005awh,5.6,mwc
usp0005awx,5.9,mwc
usp0005axj,5.8,mwc
usp0005az4,5.6,mwc
usp0005b07,5.8,mw
usp0005b13,5.5,mwc
usp0005b16,5.55,mw
usp0005b1a,5.7,mwc
usp0005b1c,6.8,mww
usp0005b1d,6.51,mw
usp0005b1s,6.4,mwc
usp0005b1v,5.98,mw
usp0005b21,6.05,mw
usp0005b23,5.8,mwc
usp0005b2b,6.0,mwc
usp0005b2f,5.7,mwc
usp0005b2w,5.4,mwc
usp0005b33,5.6,mwc
usp0005b35,6.0,mwc
usp0005b39,5.61,mw
usp0005b5j,6.7,mww
usp0005bag,5.6,mwc
usp0005bb7,5.4,mwc
usp0005bce,5.8,mwc
usp0005bdt,5.4,mwc
usp0005bek,5.9,mwc
usp0005bf0,5.5,mwc
usp0005bjj,5.7,mwc
usp0005bkj,5.7,mwc
usp0005bn1,5.6,mwc
usp0005bnn,5.5,mwc
usp0005bnp,5.6,mwc
usp0005bnv,6.2,mwc
usp0005bqv,6.1,mwc
usp0005br8,5.5,mwc
usp0005btq,5.4,mwc
usp0005buq,5.7,mwc
usp0005bvc,6.2,mwc
usp0005bvx,6.6,mww
usp0005bxb,5.6,mwc
usp0005byn,6.0,mwc
usp0005bz4,5.6,mwc
usp0005bzq,6.4,mwc
usp0005c00,5.6,mwc
usp0005c03,5.7,mwc
usp0005c2z,5.5,mwc
usp0005c3t,5.7,mwc
usp0005c4e,6.8,mww
usp0005c56,6.1,mwc
usp0005c7m,6.1,mwc
usp0005c8c,5.7,mwc
usp0005c9a,5.5,mwc
usp0005c9g,5.5,mwc
usp0005c9n,5.5,mwc
usp0005ca9,6.2,mwc
usp0005cbg,5.8,mwc
usp0005cdt,6.0,mwc
usp0005cgq,5.9,mwc
usp0005chz,6.2,mwc
usp0005cmk,5.5,mwc
usp0005cpg,5.9,mwc
usp0005cpv,6.1,mwc
usp0005cq0,7.2,mww
usp0005cq5,6.6,mw
usp0005cq6,6.55,mw
usp0005crd,5.5,mwc
usp0005cz6,6.1,mwc
usp0005d02,6.1,mwc
usp0005d0s,5.8,mwc
usp0005d1g,5.6,mwc
usp0005d5z,5.5,mwc
usp0005d7k,5.5,mwc
usp0005d7u,6.8,mww
usp0005d9b,6.2,mwc
usp0005daz,6.4,mwc
usp0005dd6,5.9,mwc
usp0005ddn,7.7,mww
usp0005ddq,5.61,mw
usp0005dds,5.56,mw
usp0005dew,6.6,mwc
usp0005dge,5.7,mwc
usp0005dgj,6.0,mwc
usp0005dmb,5.5,mwc
usp0005dmf,6.0,mwc
usp0005dna,5.6,mwc
usp0005drc,5.4,mwc
usp0005drk,5.6,mwc
usp0005dsq,6.1,mwc
usp0005dt8,5.7,mwc
usp0005dtw,5.9,mwc
usp0005du0,5.9,mwc
usp0005du7,5.7,mwc
usp0005dud,5.6,mwc
usp0005duf,5.4,mwc
usp0005dur,6.3,mwc
usp0005dvw,5.5,mwc
usp0005dwf,5.6,mwc
usp0005dy5,5.5,mwc
usp0005dze,5.4,mwc
usp0005dzt,5.5,mwc
usp0005e08,5.6,mwc
usp0005e0c,5.4,mwc
usp0005e1g,5.7,mwc
usp0005e1k,6.2,mwc
usp0005e3b,5.6,mwc
usp0005e98,5.6,mwc
usp0005ecm,5.7,mwc
usp0005ecs,5.5,mwc
usp0005edu,5.4,mwc
usp0005eey,6.1,mwc
usp0005ef4,5.5,mwc
usp0005ega,5.4,mwc
usp0005egn,5.53,mw
usp0005ehq,5.6,mwc
usp0005eht,5.6,mwc
usp0005ejh,6.6,mww
usp0005ekc,5.9,mwc
usp0005ekd,5.87,mw
usp0005em5,5.8,mwc
usp0005emy,6.0,mwc
usp0005en4,5.4,mwc
usp0005end,6.1,mwc
usp0005eqz,6.0,mwc
usp0005er3,6.6,mww
usp0005erf,6.1,mwc
usp0005erg,5.71,mw
usp0005esv,5.6,mwc
usp0005esw,6.0,mwc
usp0005et3,5.5,mw
usp0005ety,5.5,mwc
usp0005euy,5.4,mwc
usp0005f0b,6.0,mwc
usp0005f3a,5.7,mwc
usp0005f47,5.5,mwc
usp0005f79,7.4,mww
usp0005f7k,5.72,mw
usp0005f89,5.8,mwc
usp0005fct,6.9,mww
usp0005fd7,5.5,mwc
usp0005fd9,5.6,mwc
usp0005feh,6.4,mwc
usp0005fer,5.5,mwc
usp0005fey,6.7,mww
usp0005fgd,5.5,mwc
usp0005fh9,6.1,mwc
usp0005fha,7.1,mww
usp0005fhm,5.76,mw
usp0005fhu,5.9,mw
usp0005fhz,5.56,mw
usp0005fk9,5.6,mwc
usp0005fkd,6.1,mwc
usp0005fmh,6.0,mwc
usp0005fn8,5.5,mwc
usp0005fpc,6.1,mwc
usp0005fqc,6.4,mww
usp0005fr2,5.5,mwc
usp0005fr7,6.4,mwc
usp0005fs0,5.5,mwc
usp0005fs3,5.5,mwc
usp0005fsg,6.4,mwc
usp0005fst,5.8,mwc
usp0005ft6,5.7,mwc
usp0005fta,6.2,mw
usp0005ftd,6.4,mwc
usp0005ftm,5.69,mw
usp0005ftz,6.6,mww
usp0005fv3,5.5,mwc
usp0005fv4,6.0,mwc
usp0005g11,6.2,mwc
usp0005g1x,6.4,mwc
usp0005g2p,5.6,mwc
usp0005g4e,6.5,mwc
usp0005g4f,6.21,mw
usp0005g5z,5.5,mwc
usp0005g8t,6.4,mwc
usp0005g8y,5.8,mwc
usp0005g9v,6.4,mwc
usp0005ga6,6.0,mwc
usp0005gat,5.5,mwc
usp0005gbw,6.1,mwc
usp0005gdt,6.0,mwc
usp0005gh3,6.7,mww
usp0005ghf,5.6,mwc
usp0005gms,5.5,mwc
usp0005gmu,5.7,mwc
usp0005gnq,5.7,mwc
usp0005gp2,5.8,mwc
usp0005gp4,5.73,mw
usp0005gqr,6.1,mwc
usp0005gs7,5.9,mwc
usp0005gst,5.6,mwc
usp0005gt0,6.2,mwc
usp0005gz5,5.8,mwc
usp0005h0g,5.5,mwc
usp0005h14,5.7,mwc
usp0005h1c,5.9,mwb
usp0005h4g,5.5,mw
usp0005h4k,5.9,mwc
usp0005h5e,5.5,mwc
usp0005h5p,6.7,mww
usp0005h6v,5.6,mwc
usp0005h75,5.8,mwc
usp0005h9b,5.6,mwc
usp0005h9f,5.8,mwc
usp0005hab,5.7,mwc
usp0005hb0,5.9,mwc
usp0005hbj,5.6,mwc
usp0005hbv,5.5,mwc
usp0005hbx,5.9,mwc
usp0005hcn,5.4,mwc
usp0005hcq,5.7,mwc
usp0005hfh,5.8,mwc
usp0005hhf,6.4,mwc
usp0005hje,5.7,mwc
usp0005hn9,5.8,mwc
usp0005hp5,6.0,mwc
usp0005hq4,5.5,mwc
usp0005hrt,5.4,mwc
usp0005htj,5.7,mwc
usp0005hvt,5.6,mwc
usp0005hvv,5.63,mw
usp0005hx6,6.0,mwc
usp0005hyk,5.6,mwc
usp0005hyt,5.7,mwc
usp0005hyu,6.0,mwc
usp0005j0j,5.8,mwc
usp0005j31,5.7,mwc
usp0005j57,5.99,mw
usp0005j5a,7.8,mww
usp0005j5f,6.49,mw
usp0005j95,5.5,mwc
usp0005j9b,5.6,mwc
usp0005j9w,5.9,mwc
usp0005jaw,5.5,mwc
usp0005jdt,5.7,mwc
usp0005jfb,6.1,mwc
usp0005jfy,5.84,mw
usp0005jgp,5.99,mw
usp0005jgz,6.0,mwc
usp0005jjm,5.5,mwc
usp0005jjt,7.2,mww
usp0005jkc,5.56,mw
usp0005jn5,5.6,mwc
usp0005jpv,5.6,mwc
usp0005jpy,5.8,mwc
usp0005jrg,5.7,mwc
usp0005jrk,6.2,mwc
usp0005jvr,5.8,mwc
usp0005jwd,5.8,mwc
usp0005jwq,5.6,mwc
usp0005jwt,6.8,mww
usp0005jyb,5.97,mw
usp0005jyn,5.9,mwc
usp0005k0f,5.4,mwc
usp0005k1n,5.4,mwc
usp0005k21,5.6,mwc
usp0005k45,5.7,mwc
usp0005k58,6.3,mwc
usp0005k6y,5.6,mwc
usp0005k7d,5.4,mwc
usp0005k8d,5.7,mwc
usp0005k8x,5.8,mwc
usp0005k97,5.9,mwc
usp0005ka8,6.0,mwc
usp0005kdm,5.6,mwc
usp0005kdw,5.6,mwc
usp0005kdx,5.6,mwc
usp0005ke8,5.5,mwc
usp0005kg1,5.5,mwc
usp0005kh7,5.5,mwc
usp0005kjj,6.7,mww
usp0005kk2,5.5,mwc
usp0005kmu,5.6,mwc
usp0005kqb,5.5,mwc
usp0005kqg,6.3,mwc
usp0005kth,6.23,mw
usp0005ktj,7.6,mww
usp0005kwb,5.5,mwc
usp0005kwn,6.2,mwc
usp0005kx9,5.9,mwc
usp0005kyr,5.9,mwc
usp0005kz3,6.5,mwc
usp0005kz4,5.56,mw
usp0005kzf,5.9,mwc
usp0005kzq,6.1,mwc
usp0005kzr,5.9,mwc
usp0005kzu,5.8,mwc
usp0005m0k,6.4,mwc
usp0005m1w,5.5,mwc
usp0005m4g,5.7,mwc
usp0005m59,5.6,mwc
usp0005m7x,5.7,mwc
usp0005m9h,5.6,mwc
usp0005mhv,5.44,mw
usp0005mhy,5.6,mwc
usp0005mj9,5.7,mwc
usp0005mjw,5.6,mwc
usp0005mmn,5.5,mwc
usp0005mmr,5.5,mwc
usp0005mna,5.4,mwc
usp0005mnb,5.8,mwc
usp0005mqb,5.7,mwc
usp0005mrp,6.3,mwc
usp0005msq,5.7,mwc
usp0005mty,5.4,mwc
usp0005mu6,5.6,mwc
usp0005mvu,5.7,mwc
usp0005n0w,6.1,mwc
usp0005n44,5.8,mwc
usp0005n89,5.6,mwc
usp0005n9a,6.3,mwc
usp0005nce,5.5,mwc
usp0005ne1,5.6,mwc
usp0005nff,5.7,mwc
usp0005nfz,5.5,mwc
usp0005ng2,5.6,mwc
usp0005nmw,5.6,mwc
usp0005nnk,5.6,mwc
usp0005nnq,5.7,mwc
usp0005nrs,5.4,mwc
usp0005nte,6.1,mwc
usp0005nuu,5.7,mwc
usp0005nvb,5.6,mwc
usp0005nyd,5.9,mwc
usp0005nze,5.7,mwc
usp0005p0k,5.7,mwc
usp0005p26,7.2,mww
usp0005p2g,6.05,mw
usp0005p2v,6.5,mwc
usp0005p35,6.6,mww
usp0005p4b,5.6,mwc
usp0005p69,5.5,mwc
usp0005p6k,5.5,mwc
usp0005p6t,6.1,mwc
usp0005p73,6.3,mwc
usp0005p91,6.4,mwc
usp0005pbu,5.7,mwc
usp0005pcx,5.6,mwc
usp0005pd4,6.3,mwc
usp0005pdp,5.5,mwc
usp0005pe0,5.5,mwc
usp0005pf5,5.6,mwc
usp0005pj6,6.5,mwc
usp0005pn0,5.6,mwc
usp0005pnc,5.6,mwc
usp0005prk,5.8,mwc
usp0005psc,5.9,mwc
usp0005psp,5.5,mwc
usp0005puq,6.3,mwc
usp0005pv9,6.2,mwc
usp0005pwd,6.3,mwc
usp0005pys,5.7,mwc
usp0005q2u,5.4,mwc
usp0005q39,6.0,mwc
usp0005q93,5.4,mwc
usp0005qak,5.9,mwc
usp0005qay,5.7,mwc
usp0005qcp,5.8,mwc
usp0005qe6,5.7,mwc
usp0005qen,5.5,mwc
usp0005qfw,5.7,mwc
usp0005qh7,5.7,mwc
usp0005qhp,5.8,mwc
usp0005qp7,6.2,mwc
usp0005qp8,5.58,mw
usp0005qq8,5.7,mw
usp0005qx4,5.5,mwc
usp0005qz6,5.4,mwc
usp0005r0b,5.7,mwc
usp0005r4a,5.7,mwc
usp0005r4x,5.8,mwc
usp0005r7b,5.5,mwc
usp0005r7m,5.6,mwc
usp0005r9f,6.9,mww
usp0005rbf,6.2,mwc
usp0005rcg,6.2,mwc
usp0005rcq,6.2,mwc
usp0005reu,6.7,mww
usp0005rfn,5.8,mwc
usp0005rgh,5.8,mwc
usp0005rqe,6.2,mwc
usp0005rr6,6.0,mwc
usp0005rs8,5.5,mwc
usp0005ru4,5.5,mwc
usp0005rus,5.55,mw
usp0005s12,5.5,mwc
usp0005s2n,5.73,mw
usp0005s3c,6.4,mwc
usp0005s3k,5.5,mwc
usp0005s3m,5.6,mwc
usp0005s48,5.4,mwc
usp0005s5v,5.6,mwc
usp0005sa0,5.6,mwc
usp0005saj,6.1,mwc
usp0005sh2,5.8,mwc
usp0005sk7,5.6,mwc
usp0005sky,5.7,mwc
usp0005sm4,7.0,mww
usp0005snd,5.5,mwc
usp0005sne,5.5,mwc
usp0005sqc,6.9,mww
usp0005stb,5.5,mwc
usp0005std,5.7,mwc
usp0005stj,6.0,mwb
usp0005stk,6.0,mwc
usp0005stq,5.6,mwc
usp0005suv,5.7,mwc
usp0005suz,6.9,mww
usp0005swx,6.6,mww
usp0005sx9,5.7,mwc
usp0005sxk,5.6,mwc
usp0005sym,6.4,mwc
usp0005szx,5.65,mw
usp0005t13,6.7,mww
usp0005t3m,5.6,mw
usp0005t3n,5.6,mwc
usp0005t53,5.7,mwc
usp0005t5p,5.7,mwc
usp0005tar,5.7,mwc
usp0005te5,7.0,mww
usp0005te6,7.0,mwb
usp0005ted,5.77,mw
usp0005tg0,6.1,mwc
usp0005tg5,5.6,mwc
usp0005tjd,5.7,mwc
usp0005tkb,5.62,mw
usp0005tmp,5.6,mwc
usp0005tp6,6.3,mwc
usp0005trv,5.8,mwc
usp0005ts6,5.5,mwc
usp0005ts9,6.1,mwc
usp0005tsa,5.68,mw
usp0005tsy,5.7,mwc
usp0005ttt,5.5,mwc
usp0005tvt,5.9,mwc
usp0005twd,5.8,mwc
usp0005twr,5.7,mwc
usp0005txm,5.88,mw
usp0005tyd,6.0,mwc
usp0005tyz,5.6,mwc
usp0005tze,5.6,mwc
usp0005u02,6.0,mwc
usp0005u3v,5.5,mwc
usp0005u48,6.4,mwc
usp0005u5k,5.7,mwc
usp0005u7b,7.6,mww
usp0005u7y,6.3,mwc
usp0005ubb,5.6,mwc
usp0005ue3,6.0,mwc
usp0005ue9,5.7,mwc
usp0005uen,5.8,mwc
usp0005uf9,6.1,mwc
usp0005ufc,6.2,mwc
usp0005ufw,5.5,mwc
usp0005ugs,5.4,mwc
usp0005uks,5.6,mw
usp0005umf,6.1,mwc
usp0005us8,5.5,mwc
usp0005usn,5.79,mw
usp0005usp,6.6,mww
usp0005utb,5.8,mwc
usp0005ute,6.7,mww
usp0005utm,6.07,mw
usp0005uvc,5.7,mwc
usp0005uvs,5.7,mwc
usp0005uxc,5.8,mwc
usp0005v20,5.7,mwc
usp0005v53,5.5,mwc
usp0005vak,5.5,mwc
usp0005vbr,5.4,mwc
usp0005vce,6.3,mwc
usp0005vf1,6.7,mww
usp0005vgp,5.7,mwc
usp0005vma,5.8,mwc
usp0005vms,5.6,mwc
usp0005vnc,5.5,mwc
usp0005vp8,6.3,mwc
usp0005vre,5.5,mwc
usp0005vt9,5.5,mwc
usp0005vty,6.0,mwc
usp0005vvg,5.9,mwc
usp0005vvj,6.0,mwc
usp0005vxf,5.8,mwc
usp0005vyp,6.7,mww
usp0005vz1,5.7,mwc
usp0005w12,7.7,mww
usp0005w19,5.78,mw
usp0005w1f,6.33,mw
usp0005w1z,6.1,mw
usp0005w4q,5.7,mwc
usp0005w8t,5.6,mwc
usp0005wj4,5.6,mwc
usp0005wjs,5.7,mwc
usp0005wu4,5.5,mwc
usp0005x0g,5.8,mwc
usp0005x2k,5.59,mw
usp0005x3q,5.6,mwc
usp0005x4g,5.6,mwc
usp0005x54,6.0,mwc
usp0005x57,6.0,mwc
usp0005x5y,5.7,mwc
usp0005x7u,5.7,mwc
usp0005x8d,5.6,mwc
usp0005x9f,5.8,mwc
usp0005xah,6.0,mwc
usp0005xhw,5.6,mwc
usp0005xjh,6.1,mwc
usp0005xrw,5.5,mwc
usp0005xts,5.6,mwc
usp0005xvr,6.0,mwc
usp0005xw9,6.1,mwc
usp0005xws,5.7,mwc
usp0005xxx,6.4,mwc
usp0005xzf,5.5,mwc
usp0005xzj,5.6,mwc
usp0005y1k,6.4,mwc
usp0005y2v,6.7,mww
usp0005y2x,6.3,mwc
usp0005y34,5.4,mwc
usp0005y3k,7.8,mww
usp0005y4x,5.85,mw
usp0005y62,5.6,mwc
usp0005y6e,6.3,mwc
usp0005y6k,7.0,mww
usp0005y7g,7.1,mww
usp0005y8t,6.4,mwc
usp0005y9y,5.6,mwc
usp0005yax,5.6,mwc
usp0005yc3,6.0,mwc
usp0005yd1,5.7,mwc
usp0005yfz,6.2,mwc
usp0005yjn,5.8,mwc
usp0005ymw,5.9,mwc
usp0005yu2,5.4,mwc
usp0005yu3,5.5,mwc
usp0005yv3,5.9,mwc
usp0005yvn,5.4,mwc
usp0005yw6,6.1,mwc
usp0005ywr,5.4,mwc
usp0005ywt,5.4,mwc
usp0005yy4,5.7,mwc
usp0005yyc,6.0,mwc
usp0005yzv,5.7,mwc
usp0005z5p,6.2,mwc
usp0005z76,5.5,mwc
usp0005z7d,5.7,mwc
usp0005zdd,5.9,mwc
usp0005zef,5.7,mwc
usp0005zj7,5.8,mwc
usp0005zjz,5.7,mwc
usp0005zk8,6.3,mwc
usp0005znq,5.5,mwc
usp0005zpf,6.7,mww
usp0005zqv,5.5,mwc
usp0005zqw,5.5,mwc
usp0005zr9,5.9,mwc
usp0005zrt,6.2,mwc
usp0005ztm,6.6,mww
usp0005zvf,6.4,mwc
usp0006016,5.6,mwc
usp000602w,5.7,mwc
usp000602z,6.0,mwc
usp0006030,7.2,mww
usp0006048,5.5,mwc
usp000604g,5.7,mwc
usp000604r,5.59,mw
usp000605u,5.6,mwc
usp000605z,5.7,mwc
usp000606e,6.0,mwc
usp000606s,5.9,mwc
usp000608b,5.7,mwc
usp000608x,6.3,mwc
usp0006095,5.62,mw
usp000609w,5.8,mwc
usp00060a2,5.8,mwc
usp00060a4,5.81,mw
usp00060a9,5.6,mwc
usp00060bt,5.4,mwc
usp00060c5,5.6,mwc
usp00060cf,5.6,mwc
usp00060ee,5.5,mwc
usp00060je,5.6,mwc
usp00060jk,5.4,mwc
usp00060ju,6.1,mwc
usp00060m0,5.4,mwc
usp00060mr,6.4,mwc
usp00060p9,6.1,mwc
usp00060q5,5.6,mwc
usp00060t8,5.8,mwc
usp00060t9,5.7,mwc
usp00060v8,6.1,mwc
usp0006122,6.3,mwc
usp000612p,5.7,mwc
usp000613s,5.6,mwc
usp000614g,6.6,mww
usp0006174,5.4,mwc
usp000617c,5.5,mwc
usp000617r,6.3,mwc
usp0006186,5.9,mwc
usp0006187,5.9,mwc
usp000618c,6.2,mwc
usp000619m,6.5,mwc
usp00061c7,6.1,mwc
usp00061ca,5.55,mw
usp00061ck,6.0,mwc
usp00061cr,5.73,mw
usp00061f2,5.7,mwc
usp00061g5,5.6,mwc
usp00061gr,6.3,mwc
usp00061nj,5.7,mwc
usp00061pb,5.59,mw
usp00061tg,5.5,mwc
usp00061tk,6.0,mwc
usp00061tu,6.8,mww
usp00061vw,5.5,mwc
usp00061vz,5.65,mw
usp00061w1,6.8,mww
usp00061w6,6.3,mww
usp00061wh,6.0,mwc
usp00061zq,5.9,mwc
usp000622n,6.2,mwc
usp0006239,5.8,mwc
usp0006244,5.4,mwc
usp000628b,6.0,mwc
usp000628r,5.5,mwc
usp00062c8,5.6,mwc
usp00062en,5.7,mwc
usp00062jf,5.6,mwc
usp00062jn,6.5,mww
usp00062kj,5.8,mwc
usp00062n4,5.9,mwc
usp00062n7,6.7,mww
usp00062nf,5.97,mw
usp00062r4,5.47,mw
usp00062tf,5.7,mwc
usp00062vk,5.7,mwc
usp00062x6,5.4,mwc
usp00062xq,5.6,mwc
usp00062xy,5.8,mwc
usp000631f,5.6,mwc
usp000634a,5.6,mwc
usp000634p,5.5,mwc
usp0006382,6.1,mwc
usp00063d3,5.6,mwc
usp00063f7,5.8,mwc
usp00063gg,6.0,mwc
usp00063hb,5.9,mwc
usp00063j0,5.5,mwc
usp00063kg,5.6,mwc
usp00063mg,5.7,mwc
usp00063mj,7.0,mww
usp00063nb,5.45,mw
usp00063p2,5.8,mwc
usp00063su,5.6,mwc
usp00063tf,5.4,mwc
usp00063u1,6.0,mwc
usp00063vy,6.4,mwc
usp00063w1,5.68,mw
usp00063wp,5.7,mwc
usp0006419,5.6,mwc
usp000642p,5.9,mwc
usp000646r,6.0,mwc
usp000647r,5.7,mwc
usp000649r,6.2,mwc
usp00064a8,5.7,mwc
usp00064ce,5.5,mwc
usp00064ed,5.8,mwc
usp00064f1,5.8,mwc
usp00064g3,5.6,mwc
usp00064g4,5.6,mwc
usp00064ga,5.6,mwc
usp00064ke,5.6,mwc
usp00064km,5.4,mwc
usp00064kr,5.5,mwc
usp00064nc,5.5,mwc
usp00064nv,5.6,mwc
usp00064s0,5.9,mwc
usp00064u1,5.6,mw
usp00064w3,6.9,mww
usp00064wp,6.7,mww
usp00064xt,5.7,mwc
usp00064xw,6.0,mwc
usp0006511,5.5,mwc
usp000651v,5.9,mwc
usp000651z,5.9,mwc
usp000652t,5.8,mwc
usp000652y,5.6,mwc
usp0006544,5.9,mwc
usp000654d,5.5,mwc
usp000657g,5.9,mwc
usp00065ay,5.6,mwc
usp00065d4,6.2,mwc
usp00065hg,5.8,mwc
usp00065qw,5.9,mwc
usp00065sh,7.0,mww
usp00065sj,6.72,mw
usp00065sp,6.4,mwc
usp00065sq,5.92,mw
usp00065ue,5.4,mwc
usp00065vf,5.5,mwc
usp00065ye,5.6,mwc
usp00065yq,5.7,mwc
usp00065yy,6.1,mwc
usp000660z,5.9,mwc
usp0006610,5.61,mw
usp000661b,5.5,mwc
usp000661q,5.6,mwc
usp000662b,5.8,mwc
usp0006649,5.7,mwc
usp0006659,5.6,mwc
usp000669u,6.9,mww
usp00066ad,6.1,mwc
usp00066as,5.5,mwc
usp00066c1,5.5,mwc
usp00066f0,5.7,mwc
usp00066g0,5.7,mwc
usp00066gk,5.6,mwc
usp00066x3,6.8,mww
usp00066zb,6.0,mwc
usp0006714,5.5,mwc
usp000671w,5.7,mwc
usp0006744,6.9,mww
usp000675u,5.9,mwc
usp000678a,5.5,mwc
usp00067cd,5.6,mwc
usp00067d8,6.2,mwc
usp00067fr,5.4,mwc
usp00067rw,6.0,mwc
usp00067va,6.0,mwc
usp00067vj,5.4,mwc
usp00067xb,5.8,mwc
usp00067xt,5.5,mwc
usp00067yu,5.5,mwc
usp000681e,5.5,mwc
usp000683u,6.2,mwc
usp000686x,5.5,mwc
usp0006884,5.6,mwc
usp000689e,5.4,mwc
usp00068d2,6.8,mww
usp00068da,5.63,mw
usp00068dm,6.7,mww
usp00068eg,7.0,mww
usp00068fq,5.7,mwc
usp00068ga,5.6,mwc
usp00068gs,5.8,mwc
usp00068j9,5.9,mwc
usp00068jd,6.8,mww
usp00068jn,5.83,mw
usp00068jr,5.57,mw
usp00068js,6.4,mwc
usp00068k5,5.7,mwc
usp00068k9,6.0,mwb
usp00068ka,5.73,mw
usp00068kb,6.3,mwc
usp00068kh,5.8,mwc
usp00068mc,6.0,mwc
usp00068ng,5.6,mwc
usp00068nk,5.5,mwc
usp00068nn,5.8,mwc
usp00068p3,6.2,mwc
usp00068pr,5.8,mwc
usp00068rg,6.0,mwc
usp00068ry,5.55,mw
usp00068t7,5.9,mwc
usp00068u9,5.5,mwc
usp00068vj,5.7,mwc
usp00068wd,6.1,mwc
usp00068ws,5.5,mwc
usp00068ww,5.8,mwc
usp00068x0,5.9,mwc
usp00068xb,5.7,mwc
usp00068xd,6.3,mwc
usp00068yn,6.1,mwc
usp00068z3,5.7,mwc
usp0006907,6.0,mwc
usp000692z,5.6,mwc
usp000693g,5.6,mwc
usp000693t,6.0,mwc
usp00069as,5.8,mwc
usp00069c0,5.6,mwc
usp00069ez,5.9,mwc
usp00069f9,5.7,mwc
usp00069fm,7.6,mww
usp00069fn,6.05,mw
usp00069hh,5.4,mwc
usp00069j5,5.5,mwc
usp00069mn,5.6,mwc
usp00069mp,5.6,mwc
usp00069pf,7.0,mwc
usp00069pg,7.1,mww
usp00069qa,6.8,mww
usp00069qj,6.0,mwc
usp00069re,5.45,mw
usp00069ts,5.5,mwc
usp00069u2,5.6,mwc
usp00069un,5.7,mwc
usp00069w5,5.5,mwc
usp0006a79,5.4,mwc
usp0006a8q,5.5,mwc
usp0006acz,5.7,mwc
usp0006aew,6.5,mwc
usp0006age,5.4,mwc
usp0006agr,5.5,mwc
usp0006ahy,5.8,mwc
usp0006ajj,5.6,mwc
usp0006akc,5.6,mwc
usp0006aks,5.7,mwc
usp0006ap2,6.2,mwc
usp0006aqa,5.5,mwc
usp0006aqe,5.8,mwc
usp0006aqt,6.1,mwc
usp0006at4,6.4,mwc
usp0006ax2,6.0,mwc
usp0006axj,6.1,mwc
usp0006ay7,5.9,mwc
usp0006azq,5.4,mwc
usp0006b0k,5.8,mwc
usp0006b1z,6.4,mwc
usp0006b23,5.7,mwc
usp0006b3m,5.5,mwc
usp0006b57,5.4,mwc
usp0006b6d,5.6,mwc
usp0006b6s,5.6,mwc
usp0006b6u,5.6,mwc
usp0006b72,5.5,mwc
usp0006b7c,5.7,mw
usp0006b9h,6.7,mww
usp0006ba0,5.9,mwc
usp0006bbr,5.6,mwc
usp0006bda,5.9,mwc
usp0006bdh,5.7,mwc
usp0006bdm,6.7,mww
usp0006bhd,6.1,mwc
usp0006bhe,5.56,mw
usp0006bhw,5.6,mwc
usp0006bhx,5.6,mwc
usp0006bmm,5.7,mwc
usp0006bpj,5.8,mwc
usp0006bqg,6.2,mwc
usp0006br0,6.0,mwc
usp0006br9,5.4,mwc
usp0006bse,5.5,mwc
usp0006bt7,6.9,mww
usp0006bty,5.9,mwc
usp0006bvu,6.1,mwc
usp0006bwg,5.8,mwc
usp0006bxg,6.1,mwc
usp0006byz,5.5,mwc
usp0006c06,5.9,mwc
usp0006c1h,6.1,mwc
usp0006c6m,5.8,mwc
usp0006c6w,5.8,mwc
usp0006c7g,5.7,mwc
usp0006c7r,5.4,mwc
usp0006c8d,5.4,mwc
usp0006c93,5.5,mwc
usp0006cah,5.6,mwc
usp0006cbf,5.9,mwc
usp0006cbk,5.4,mwc
usp0006cbq,6.9,mww
usp0006cd7,6.4,mwc
usp0006ce0,6.1,mwc
usp0006ce8,5.5,mwc
usp0006cgs,5.9,mwc
usp0006cjm,5.6,mwc
usp0006cq3,5.8,mwc
usp0006cq4,5.9,mwc
usp0006cr7,6.1,mwc
usp0006ctg,5.6,mwc
usp0006cu4,5.5,mwc
usp0006cu6,5.59,mw
usp0006cuz,5.5,mwc
usp0006cx0,5.5,mwc
usp0006cyv,6.2,mwc
usp0006cyx,6.1,mwc
usp0006cz0,5.6,mwc
usp0006cz2,6.0,mwc
usp0006cz5,5.5,mwc
usp0006czh,5.9,mwc
usp0006czu,5.5,mwc
usp0006czv,5.6,mwc
usp0006d02,6.5,mwc
usp0006d0c,5.77,mw
usp0006d1u,5.7,mwc
usp0006d2j,6.4,mwc
usp0006d2w,5.6,mwc
usp0006d41,5.5,mwc
usp0006d44,5.8,mwc
usp0006d4z,5.4,mwc
usp0006d5q,5.9,mwc
usp0006d6c,5.5,mwc
usp0006dbh,6.5,mwc
usp0006ddm,5.6,mwc
usp0006dey,6.0,mwc
usp0006djk,7.8,mww
usp0006dkm,5.6,mwc
usp0006dme,5.8,mwc
usp0006dmz,5.6,mwc
usp0006dnc,6.5,mww
usp0006dnf,6.35,mw
usp0006dnq,5.78,mw
usp0006dp4,6.4,mwc
usp0006dq9,5.6,mwc
usp0006dr6,5.5,mwc
usp0006drf,6.3,mwc
usp0006drj,6.0,mwc
usp0006dru,5.72,mw
usp0006dsu,5.4,mwc
usp0006du9,5.6,mwc
usp0006dv8,6.8,mww
usp0006dz3,5.5,mwc
usp0006dzc,8.2,mww
usp0006e0f,6.1,mwc
usp0006e0g,5.64,mw
usp0006e2g,5.7,mwc
usp0006e7n,5.6,mwc
usp0006e7q,5.85,mw
usp0006e7r,6.2,mwc
usp0006e7t,5.6,mwc
usp0006e7v,5.48,mw
usp0006e9h,5.6,mwc
usp0006eaw,6.0,mwc
usp0006eaz,5.65,mw
usp0006eb0,6.1,mwc
usp0006ecs,5.9,mwc
usp0006eds,5.9,mwc
usp0006efu,6.8,mww
usp0006ehe,5.5,mwc
usp0006ejj,5.8,mwc
usp0006ekv,5.9,mwc
usp0006eky,5.7,mwc
usp0006eq9,5.5,mwc
usp0006eu6,5.4,mwc
usp0006evt,6.1,mwc
usp0006eyz,5.6,mwc
usp0006ezc,5.9,mwc
usp0006f08,6.3,mwc
usp0006f1k,5.6,mwc
usp0006f26,5.6,mwc
usp0006f2a,5.6,mwc
usp0006f2b,5.6,mwc
usp0006f2e,5.5,mwc
usp0006f2g,5.7,mwc
usp0006f67,5.5,mwc
usp0006f6f,6.4,mwc
usp0006f6p,5.9,mwc
usp0006f70,5.8,mwc
usp0006f7b,5.5,mwc
usp0006f99,5.8,mwc
usp0006fdf,5.7,mwc
usp0006fhs,5.6,mwc
usp0006fjg,7.1,mww
usp0006fjp,6.6,mwc
usp0006fkv,6.5,mwc
usp0006fmt,5.9,mwc
usp0006fnf,5.6,mwc
usp0006fpa,5.5,mwc
usp0006fsd,5.6,mwc
usp0006fu6,5.6,mwc
usp0006fuf,5.7,mwc
usp0006fvc,5.5,mwc
usp0006fwa,5.6,mwc
usp0006fww,5.5,mwc
usp0006fyv,7.3,mww
usp0006fyx,5.85,mw
usp0006g05,5.9,mwc
usp0006g12,5.4,mwc
usp0006g1g,5.9,mwc
usp0006g29,5.5,mwc
usp0006g2h,5.5,mwc
usp0006g2y,6.3,mwc
usp0006g3f,5.6,mwc
usp0006g4b,6.6,mwb
usp0006g4g,5.73,mw
usp0006g7g,5.8,mwc
usp0006g8c,5.8,mwc
usp0006g8r,5.8,mwc
usp0006gbn,5.5,mwc
usp0006gey,5.8,mwc
usp0006gg9,5.7,mwc
usp0006ghy,5.5,mwc
usp0006gj0,6.2,mwc
usp0006gje,5.5,mwc
usp0006gk3,5.5,mwc
usp0006gk8,6.2,mwc
usp0006gkm,5.6,mwc
usp0006gkn,5.5,mwc
usp0006gpw,5.6,mwc
usp0006gqk,6.1,mwc
usp0006gs1,5.5,mwc
usp0006gsv,5.5,mwc
usp0006gsw,5.5,mwc
usp0006guv,5.9,mwc
usp0006guw,5.8,mwc
usp0006gxh,5.9,mwc
usp0006gxk,6.2,mwc
usp0006gy7,5.9,mwc
usp0006gya,5.4,mwc
usp0006gyz,5.4,mwc
usp0006h01,5.7,mwc
usp0006h0d,5.7,mwc
usp0006h32,5.9,mwc
usp0006h33,5.8,mwc
usp0006h3d,5.6,mwc
usp0006h3e,6.4,mww
usp0006h3f,6.06,mw
usp0006h5m,6.4,mwc
usp0006h6h,5.7,mwc
usp0006h70,5.6,mwc
usp0006h73,6.2,mwc
usp0006h9t,6.0,mwc
usp0006hbe,6.1,mwc
usp0006hc8,5.6,mwc
usp0006hf1,5.4,mwc
usp0006hjv,5.4,mwc
usp0006hkd,5.62,mw
usp0006hm2,5.5,mwc
usp0006hm4,5.6,mwc
usp0006hm5,6.6,mww
usp0006hnz,5.7,mwc
usp0006hpj,5.7,mwc
usp0006hpu,5.7,mwc
usp0006hqe,6.1,mwc
usp0006hr0,6.1,mwc
usp0006hsx,7.0,mww
usp0006ht0,5.99,mw
usp0006ht7,5.9,mw
usp0006hu8,5.5,mwc
usp0006hwu,5.7,mwc
usp0006hxc,6.2,mwc
usp0006j05,5.6,mwc
usp0006j18,5.5,mwc
usp0006j3c,5.5,mwc
usp0006j3j,5.6,mwc
usp0006j6f,5.5,mwc
usp0006j75,5.5,mwc
usp0006j87,5.6,mwc
usp0006j90,5.9,mwc
usp0006j9a,5.6,mwc
usp0006j9b,5.9,mwc
usp0006jb2,5.9,mwc
usp0006jb9,5.5,mwc
usp0006jc3,6.1,mwc
usp0006jct,6.0,mwc
usp0006jd4,5.7,mwc
usp0006jen,5.4,mwc
usp0006jex,5.4,mwc
usp0006jh8,6.0,mwc
usp0006jhk,6.6,mww
usp0006jkh,5.7,mwc
usp0006jrd,5.8,mwc
usp0006jv6,5.4,mwc
usp0006jw6,6.0,mwc
usp0006k3w,6.1,mwc
usp0006k4f,5.8,mwc
usp0006k55,6.6,mww
usp0006k58,6.0,mwc
usp0006k5c,5.5,mwc
usp0006k7z,5.8,mwc
usp0006k91,5.7,mwc
usp0006k95,6.5,mwc
usp0006k9a,6.2,mwc
usp0006kdp,8.3,mww
usp0006kdr,6.36,mw
usp0006kdt,5.98,mw
usp0006ke7,5.85,mw
usp0006keg,6.68,mw
usp0006keh,5.51,mw
usp0006ker,6.7,mw
usp0006ket,6.86,mw
usp0006kfs,5.98,mw
usp0006kg4,5.88,mw
usp0006kg9,5.63,mw
usp0006kgv,5.65,mw
usp0006khs,5.81,mw
usp0006kja,5.88,mw
usp0006kjt,5.82,mw
usp0006kkn,5.57,mw
usp0006kkp,5.87,mw
usp0006kmm,5.9,mwc
usp0006kmp,6.1,mwc
usp0006knh,5.45,mw
usp0006kpc,5.5,mwc
usp0006kq9,5.6,mwc
usp0006kqk,5.5,mwc
usp0006ktd,6.8,mww
usp0006ku9,7.2,mww
usp0006kuc,6.05,mw
usp0006kuh,6.34,mw
usp0006kuv,5.84,mw
usp0006kv4,5.65,mw
usp0006kxp,5.6,mwc
usp0006kxz,5.7,mwc
usp0006kzz,5.9,mwc
usp0006m04,6.4,mwc
usp0006m0y,5.5,mwc
usp0006m1p,6.4,mwc
usp0006m4k,6.1,mwc
usp0006m64,5.5,mwc
usp0006m6j,6.7,mww
usp0006mas,5.8,mwc
usp0006mc7,5.4,mwc
usp0006md0,5.9,mwc
usp0006md5,5.5,mwc
usp0006mf1,5.5,mwc
usp0006mnt,5.9,mwc
usp0006mp0,5.5,mwc
usp0006mta,6.3,mwc
usp0006mtj,6.7,mww
usp0006mu6,5.8,mwc
usp0006mu7,5.9,mwc
usp0006mv6,5.6,mwc
usp0006mwx,5.9,mwc
usp0006myc,6.1,mwc
usp0006mz9,5.6,mwc
usp0006mza,5.4,mwc
usp0006mzz,5.7,mw
usp0006n10,5.7,mwc
usp0006n2f,5.7,mwc
usp0006n3b,6.1,mwc
usp0006n3y,5.4,mwc
usp0006n54,6.3,mwc
usp0006n5m,5.6,mwc
usp0006n5p,5.6,mwc
usp0006n6k,5.5,mwc
usp0006nbf,5.8,mwc
usp0006nc0,5.5,mwc
usp0006nd9,5.8,mwc
usp0006nn2,7.1,mww
usp0006nnr,5.5,mwc
usp0006npt,6.5,mwc
usp0006npu,6.0,mwc
usp0006nr2,5.8,mwc
usp0006ny3,5.6,mwc
usp0006nyb,5.8,mwc
usp0006nyy,6.3,mwc
usp0006nz3,6.0,mwc
usp0006p03,5.9,mwc
usp0006p20,5.6,mwc
usp0006p3h,5.5,mwc
usp0006p8n,5.7,mwc
usp0006pb7,5.5,mwc
usp0006ppx,5.4,mwc
usp0006pqs,5.5,mwc
usp0006prp,5.9,mwc
usp0006pse,5.4,mwc
usp0006pt0,5.6,mwc
usp0006pvq,6.0,mwc
usp0006pwk,6.4,mwc
usp0006pxc,5.6,mwc
usp0006pyp,6.2,mwc
usp0006pz1,5.5,mwc
usp0006q00,5.5,mwc
usp0006q0x,5.4,mwc
usp0006q1e,6.1,mwc
usp0006q22,5.7,mwc
usp0006q2b,5.5,mwc
usp0006q2w,6.3,mwc
usp0006q38,5.8,mwc
usp0006q5f,5.7,mwc
usp0006q6k,5.6,mwc
usp0006q7a,5.7,mwc
usp0006q7m,5.5,mwc
usp0006q85,5.55,mw
usp0006qe5,5.5,mwc
usp0006qgk,6.3,mwc
usp0006qgm,5.5,mw
usp0006qgq,5.77,mw
usp0006qh3,7.7,mww
usp0006qha,5.87,mw
usp0006qhj,5.69,mw
usp0006qj0,5.84,mw
usp0006qja,6.1,mwc
usp0006qjh,5.7,mwc
usp0006qjm,6.2,mwc
usp0006qjq,5.9,mw
usp0006qkh,5.5,mwc
usp0006qmz,6.3,mwc
usp0006qn9,5.4,mwc
usp0006qny,5.9,mwc
usp0006qpv,6.4,mwc
usp0006qsz,5.6,mwc
usp0006qtr,5.9,mwc
usp0006qv0,5.9,mwc
usp0006qwx,5.7,mwc
usp0006qy6,5.5,mwc
usp0006qyu,5.8,mwc
usp0006qyz,7.0,mww
usp0006qz9,6.0,mwc
usp0006r3j,5.5,mwc
usp0006r3k,5.9,mwc
usp0006r4v,5.5,mwc
usp0006r6k,5.5,mwc
usp0006r6q,5.5,mwc
usp0006r73,5.5,mwc
usp0006r7u,5.9,mwc
usp0006r8q,5.6,mwc
usp0006raf,5.7,mwc
usp0006rbr,5.6,mwc
usp0006rd9,6.0,mwc
usp0006rek,6.3,mwc
usp0006req,5.7,mwc
usp0006rew,6.9,mww
usp0006rgr,6.3,mwc
usp0006rjy,5.6,mwc
usp0006rkg,5.9,mwc
usp0006rkq,6.6,mww
usp0006rmj,5.8,mwc
usp0006rmq,5.4,mwc
usp0006rn5,5.7,mwc
usp0006rnb,5.9,mwc
usp0006rp7,6.2,mwc
usp0006rpc,6.2,mwc
usp0006rpq,5.6,mwc
usp0006rq7,5.6,mwc
usp0006rqt,5.6,mwc
usp0006rqy,5.5,mwc
usp0006rsh,5.8,mwc
usp0006ru8,5.6,mw
usp0006rum,6.1,mwc
usp0006rvy,5.7,mwc
usp0006rwk,5.4,mwc
usp0006rxu,5.5,mwc
usp0006ryw,5.4,mwc
usp0006rzb,6.7,mww
usp0006s0f,5.5,mwc
usp0006s1n,5.6,mwc
usp0006s74,5.5,mwc
usp0006s8n,5.8,mwc
usp0006s98,5.9,mwc
usp0006s9v,6.4,mwc
usp0006scc,5.5,mwc
usp0006sea,6.0,mwc
usp0006sef,7.2,mww
usp0006sfq,5.6,mwc
usp0006sfs,5.9,mwc
usp0006sft,5.8,mwc
usp0006sg0,5.6,mwc
usp0006sg4,5.6,mwc
usp0006skc,6.3,mwc
usp0006sn5,5.7,mwc
usp0006spb,5.5,mwc
usp0006spd,6.5,mwc
usp0006sqh,5.6,mwc
usp0006sqr,5.6,mwc
usp0006ss3,5.7,mwc
usp0006ssc,5.5,mwc
usp0006su6,5.9,mwc
usp0006suq,5.9,mwc
usp0006sur,6.2,mwc
usp0006sv9,6.1,mwc
usp0006svb,5.7,mwc
usp0006svk,5.55,mw
usp0006svx,6.7,mww
usp0006sy4,5.9,mwc
usp0006syb,5.4,mwc
usp0006syp,5.9,mwc
usp0006t34,5.4,mwc
usp0006t5a,5.5,mwc
usp0006t5t,5.9,mwc
usp0006t68,5.96,mw
usp0006t7e,5.51,mw
usp0006t85,5.4,mwc
usp0006t9t,6.2,mwc
usp0006tcw,6.2,mwc
usp0006tcx,6.2,mwc
usp0006tcy,6.1,mwc
usp0006tdu,5.9,mwc
usp0006tgh,5.5,mwc
usp0006thy,5.7,mwc
usp0006tnj,6.0,mwc
usp0006trm,5.5,mwc
usp0006trn,5.7,mwc
usp0006ts1,5.9,mwc
usp0006tw5,6.0,mwc
usp0006txe,6.1,mwc
usp0006u0a,5.6,mwc
usp0006u2d,5.9,mwc
usp0006u3g,6.0,mwc
usp0006u54,5.8,mwc
usp0006u6a,5.4,mwc
usp0006u6e,5.6,mwc
usp0006u6k,6.2,mwc
usp0006u8d,5.6,mwc
usp0006ua3,5.5,mwc
usp0006udt,5.5,mwc
usp0006ue3,6.1,mwc
usp0006uef,6.8,mww
usp0006uf5,5.7,mwc
usp0006ufx,5.6,mwc
usp0006ujr,5.6,mwc
usp0006ujs,5.5,mwc
usp0006uk6,5.8,mwc
usp0006ukc,5.7,mwc
usp0006um3,5.5,mwc
usp0006um4,5.6,mwc
usp0006unb,5.6,mwc
usp0006ur9,6.1,mwc
usp0006urf,6.2,mwc
usp0006urp,5.4,mwc
usp0006usa,5.6,mwc
usp0006uwk,5.5,mwc
usp0006uya,5.8,mwc
usp0006uz0,6.1,mwc
usp0006uz4,5.7,mwc
usp0006uzz,6.0,mwc
usp0006v33,5.6,mwc
usp0006v38,5.8,mwc
usp0006v3e,5.5,mwc
usp0006v48,5.8,mwc
usp0006v59,5.7,mwc
usp0006v8g,5.6,mwc
usp0006vaa,5.5,mwc
usp0006vb3,7.4,mww
usp0006vbe,6.19,mw
usp0006vcb,5.5,mwc
usp0006vce,5.5,mwc
usp0006vcg,5.8,mwc
usp0006vch,6.2,mwc
usp0006vck,5.5,mwc
usp0006vcw,5.6,mwc
usp0006vjp,6.1,mwc
usp0006vjx,5.5,mwc
usp0006vk5,6.1,mwc
usp0006vmm,5.7,mwc
usp0006vnq,6.2,mwc
usp0006vns,5.61,mw
usp0006vs1,5.6,mwc
usp0006vsr,5.9,mwc
usp0006vt7,6.1,mwc
usp0006vte,5.5,mwc
usp0006vtt,5.4,mwc
usp0006vua,6.7,mww
usp0006vuj,6.0,mwc
usp0006vun,5.5,mwc
usp0006vve,5.7,mwc
usp0006vwa,5.7,mwc
usp0006vxw,6.4,mwc
usp0006vz3,6.0,mwc
usp0006vz4,6.8,mww
usp0006vz8,6.8,mwc
usp0006vz9,7.2,mw
usp0006w0m,6.8,mwc
usp0006w45,5.5,mwc
usp0006w47,5.6,mwc
usp0006w5n,6.5,mwc
usp0006w5w,6.7,mww
usp0006w67,6.1,mwc
usp0006w91,5.4,mwc
usp0006w9t,5.7,mwc
usp0006wan,6.0,mwc
usp0006way,5.6,mwc
usp0006weh,6.2,mwc
usp0006wfg,5.5,mwc
usp0006wfy,5.4,mwc
usp0006wgc,6.9,mww
usp0006wge,6.1,mwc
usp0006whs,6.0,mwc
usp0006wkf,5.9,mwc
usp0006wpd,5.7,mwc
usp0006wq1,6.7,mww
usp0006wqd,5.5,mwc
usp0006wrd,6.2,mwc
usp0006wtr,6.1,mwc
usp0006ww5,7.1,mww
usp0006wwb,6.21,mw
usp0006wxg,5.6,mwc
usp0006wxm,5.6,mwc
usp0006wxp,5.9,mwc
usp0006wy4,5.8,mwc
usp0006wyk,6.4,mwc
usp0006x1z,6.0,mwc
usp0006x30,5.59,mw
usp0006x32,6.4,mwc
usp0006x4j,5.8,mwc
usp0006x90,6.5,mww
usp0006xae,5.8,mwc
usp0006xbu,6.8,mww
usp0006xer,5.8,mwc
usp0006xet,5.7,mwc
usp0006xg1,7.7,mww
usp0006xg2,5.92,mw
usp0006xg8,5.67,mw
usp0006xgf,6.27,mw
usp0006xgm,6.07,mw
usp0006xhq,5.6,mw
usp0006xk4,6.4,mwc
usp0006xkd,5.86,mw
usp0006xkf,5.7,mwc
usp0006xkz,5.6,mwc
usp0006xma,6.8,mww
usp0006xn9,5.5,mwc
usp0006xqb,5.9,mwc
usp0006xrt,5.5,mwc
usp0006xtp,5.4,mwc
usp0006xtq,5.6,mwc
usp0006xts,5.4,mwc
usp0006xue,6.1,mwc
usp0006xug,5.99,mw
usp0006xuh,6.1,mwc
usp0006xw1,5.5,mwc
usp0006xw8,5.6,mwc
usp0006xwq,6.8,mww
usp0006xye,5.5,mwc
usp0006xz7,5.9,mwc
usp0006y02,5.6,mwc
usp0006y0c,5.6,mwc
usp0006y21,6.5,mwc
usp0006y50,7.0,mww
usp0006y56,5.54,mw
usp0006y57,5.55,mw
usp0006y5m,5.7,mwc
usp0006y6m,5.6,mwc
usp0006y7u,5.5,mwc
usp0006y8s,6.3,mwc
usp0006y8w,5.7,mwc
usp0006y8x,5.5,mwc
usp0006yb7,5.6,mwc
usp0006ycz,5.5,mwc
usp0006yd5,6.3,mwc
usp0006yeu,5.4,mwc
usp0006yg2,5.4,mwc
usp0006yg9,5.5,mwc
usp0006ymm,5.8,mwc
usp0006ytu,5.6,mwc
usp0006ytx,5.4,mwc
usp0006yy3,5.6,mwc
usp0006yyc,5.6,mwc
usp0006z1y,5.5,mwc
usp0006z26,6.6,mww
usp0006z27,5.71,mw
usp0006z34,6.5,mwc
usp0006z55,5.6,mwc
usp0006z6v,5.7,mwc
usp0006z80,5.5,mwc
usp0006zb0,5.5,mwc
usp0006zbv,5.5,mwc
usp0006zgn,6.8,mww
usp0006zgr,5.74,mw
usp0006zhb,5.4,mwc
usp0006zhz,5.8,mwc
usp0006zkj,5.8,mwc
usp0006zmh,6.8,mww
usp0006znp,6.2,mwc
usp0006znz,5.9,mwc
usp0006zq5,5.4,mwc
usp0006zq9,5.6,mwc
usp0006zrj,5.8,mwc
usp0006zs1,5.6,mwc
usp0006zs3,5.77,mw
usp0006zsj,6.0,mwc
usp0006zta,5.4,mwc
usp0006zux,5.8,mwc
usp0006zw0,5.9,mwc
usp0006zwa,6.6,mww
usp0006zwy,5.7,mwc
usp0006zy0,6.2,mw
usp0006zy5,5.7,mwc
usp0007008,5.6,mwc
usp000702j,5.5,mwc
usp000702z,7.2,mww
usp0007036,5.98,mw
usp000703p,5.5,mwc
usp000707n,5.6,mwc
usp000709e,5.6,mwc
usp000709k,5.4,mwc
usp00070a7,5.9,mwc
usp00070ak,5.9,mwc
usp00070b2,5.6,mwc
usp00070bg,5.9,mwc
usp00070c2,5.7,mwc
usp00070dk,5.9,mwc
usp00070dx,5.5,mwc
usp00070g4,6.8,mww
usp00070gt,5.5,mwc
usp00070h5,6.4,mwc
usp00070h8,5.8,mwc
usp00070hm,5.9,mwc
usp00070jn,5.5,mwc
usp00070kn,5.7,mwc
usp00070mf,5.5,mwc
usp00070qu,5.8,mwc
usp00070r7,5.4,mwc
usp00070rd,5.9,mwc
usp00070s0,5.8,mwc
usp00070s8,5.6,mw
usp00070u6,5.5,mwc
usp00070uq,5.6,mwc
usp00070xx,5.5,mwc
usp00070z8,5.6,mwc
usp000710a,5.6,mwc
usp000710t,6.3,mwc
usp0007110,6.0,mwc
usp000712s,6.4,mwc
usp0007132,5.5,mwc
usp000713p,5.7,mwc
usp0007147,5.5,mwc
usp000714t,8.1,mww
usp000714v,5.94,mw
usp000714z,6.06,mw
usp000715s,5.4,mw
usp0007168,5.62,mw
usp0007169,5.85,mw
usp000716d,5.59,mw
usp000717u,6.1,mwc
usp000718y,5.6,mwc
usp00071ax,6.0,mwc
usp00071bf,5.8,mwc
usp00071bt,5.7,mwc
usp00071ch,6.3,mwc
usp00071cx,5.8,mwc
usp00071da,5.6,mwc
usp00071em,5.5,mwc
usp00071g3,5.7,mwc
usp00071ga,5.5,mwc
usp00071h2,5.4,mwc
usp00071j6,5.7,mwc
usp00071js,6.1,mwc
usp00071kt,5.4,mwc
usp00071n1,5.4,mwc
usp00071q9,5.5,mwc
usp00071r4,5.4,mwc
usp00071ru,5.5,mwc
usp00071ty,6.7,mww
usp00071vn,5.7,mwc
usp00071vu,5.5,mwc
usp00071w1,5.6,mwc
usp00071w4,7.7,mww
usp00071w9,6.17,mw
usp00071wn,6.01,mw
usp00071wr,5.85,mw
usp00071wt,5.81,mw
usp00071ww,6.5,mwc
usp00071xa,5.7,mwc
usp00071xb,5.79,mw
usp00071xh,7.2,mww
usp00071xp,5.65,mw
usp00071xs,6.3,mwc
usp00071xy,5.81,mw
usp00071ya,6.0,mwc
usp00071yq,6.4,mwc
usp00071z2,5.7,mwc
usp00071zu,5.7,mwc
usp000720g,5.6,mwc
usp0007217,6.2,mwc
usp0007218,5.81,mw
usp000724f,5.8,mwc
usp000724g,6.5,mww
usp000724w,5.5,mwc
usp000727y,5.6,mwc
usp000729m,5.5,mwc
usp00072a1,7.0,mww
usp00072aj,6.2,mwc
usp00072b9,6.2,mwc
usp00072bf,5.8,mwc
usp00072bj,6.1,mwc
usp00072bk,6.2,mwc
usp00072dv,5.4,mwc
usp00072e2,6.0,mwc
usp00072f6,6.0,mwc
usp00072fw,5.7,mwc
usp00072g5,5.7,mwc
usp00072k0,6.5,mwc
usp00072mc,6.4,mwc
usp00072mh,6.1,mwc
usp00072ps,5.7,mwc
usp00072qv,6.4,mwc
usp00072qz,5.6,mwc
usp00072re,5.9,mwc
usp00072zh,5.5,mwc
usp000730r,5.8,mwc
usp000732m,5.9,mwc
usp000732r,6.3,mwc
usp000733j,5.5,mwc
usp000735j,5.8,mwc
usp000737g,5.5,mwc
usp000739g,5.6,mwc
usp00073c3,5.9,mwc
usp00073c5,7.3,mww
usp00073eb,6.1,mwc
usp00073fm,5.6,mwc
usp00073g7,5.6,mwc
usp00073h0,6.5,mwc
usp00073ht,6.0,mwc
usp00073j9,5.6,mwc
usp00073jg,5.5,mwc
usp00073k0,5.6,mwc
usp00073ma,5.8,mwc
usp00073s6,6.2,mwc
usp00073td,5.5,mwc
usp00073tk,5.6,mwc
usp00073uc,6.0,mwc
usp00073v8,6.0,mwc
usp00073vm,5.6,mwc
usp00073vq,6.4,mwc
usp00073y2,5.7,mwc
usp00073yt,5.7,mwc
usp00073zc,5.62,mw
usp000740g,5.9,mwc
usp000741c,5.8,mwc
usp000744z,5.5,mwc
usp0007478,6.0,mwc
usp000747f,5.4,mwc
usp000749b,6.4,mwc
usp000749g,6.1,mwc
usp00074bx,6.0,mwc
usp00074c4,6.9,mww
usp00074c5,5.72,mw
usp00074de,6.4,mwc
usp00074dz,5.7,mwc
usp00074e7,5.4,mwc
usp00074ey,5.6,mwc
usp00074gd,5.8,mwc
usp00074kt,5.8,mwc
usp00074nh,6.3,mwc
usp00074ns,5.9,mwc
usp00074ph,6.7,mww
usp00074ru,5.7,mwc
usp00074t7,5.7,mwc
usp00074ua,5.7,mwc
usp00074us,5.6,mwc
usp00074v6,6.3,mwc
usp00074vc,7.9,mww
usp000751d,5.9,mwc
usp000751v,5.5,mwc
usp000751x,5.9,mwc
usp000752z,6.1,mwc
usp000753d,5.6,mwc
usp000754c,6.2,mwc
usp000755e,6.1,mwc
usp0007570,6.1,mwc
usp000758g,5.7,mw
usp00075ba,6.2,mwc
usp00075bd,7.2,mww
usp00075cz,5.4,mwc
usp00075d0,6.0,mwc
usp00075d5,6.3,mwc
usp00075db,6.8,mww
usp00075dg,5.79,mw
usp00075dw,5.7,mwc
usp00075g6,6.0,mwc
usp00075gf,7.2,mww
usp00075hd,5.5,mwc
usp00075jy,5.7,mwc
usp00075kj,5.9,mwc
usp00075n1,6.2,mwc
usp00075rp,5.6,mwc
usp00075sb,5.4,mwc
usp00075sp,5.7,mwc
usp00075wq,5.7,mwc
usp00075xw,5.5,mwc
usp00075z0,5.8,mwc
usp00075z2,5.7,mwc
usp00075z3,6.1,mwc
usp000760d,5.6,mwc
usp000760t,5.8,mwc
usp0007619,5.7,mwc
usp000762s,6.7,mww
usp000763t,5.7,mwc
usp0007663,5.8,mwc
usp000766j,5.5,mwc
usp00076bb,6.3,mwc
usp00076c2,5.6,mwc
usp00076e6,5.5,mwc
usp00076ed,5.7,mwc
usp00076fh,6.9,mww
usp00076gb,5.9,mwc
usp00076kp,5.7,mwc
usp00076rb,6.2,mwc
usp00076s5,6.0,mwc
usp00076s6,5.84,mw
usp00076sa,5.8,mwc
usp00076u0,5.5,mwc
usp00076um,5.4,mwc
usp00076w5,5.5,mwc
usp00076y5,5.6,mwc
usp00076zp,5.7,mwc
usp0007747,5.6,mwc
usp000775m,5.5,mwc
usp000777h,5.7,mwc
usp0007788,7.1,mww
usp000779d,5.8,mwc
usp00077bb,5.5,mwc
usp00077bq,5.7,mwc
usp00077d2,6.1,mwc
usp00077e6,6.5,mww
usp00077ey,5.5,mwc
usp00077gv,5.6,mwc
usp00077hg,5.8,mwc
usp00077hm,5.5,mwc
usp00077my,6.3,mwc
usp00077rq,5.8,mwc
usp00077tq,5.7,mwc
usp00077tt,5.9,mwc
usp00077u7,5.5,mwc
usp00077ur,6.2,mwc
usp00077vd,6.7,mww
usp00077yv,6.6,mww
usp00077zk,5.62,mw
usp00077zr,5.86,mw
usp000782n,7.8,mww
usp000782q,5.96,mw
usp000782s,5.86,mw
usp000782t,6.57,mw
usp000782v,5.83,mw
usp000782w,6.35,mw
usp000782x,5.62,mw
usp0007838,5.62,mw
usp000783g,6.43,mw
usp000783n,5.86,mw
usp000783v,6.45,mw
usp0007840,6.15,mw
usp0007846,5.57,mw
usp0007852,6.48,mw
usp000789k,5.5,mwc
usp000789n,6.4,mwc
usp00078av,5.8,mwc
usp00078br,5.8,mwc
usp00078fu,5.5,mwc
usp00078g4,5.9,mw
usp00078gs,5.8,mwc
usp00078hn,5.6,mwc
usp00078hw,5.9,mwc
usp00078kg,5.5,mwc
usp00078mx,5.4,mwc
usp00078rw,6.3,mwc
usp00078s2,6.1,mwc
usp00078s9,6.1,mwc
usp00078tr,6.3,mwc
usp00078u1,5.7,mwc
usp00078u5,5.7,mwc
usp00078u8,6.1,mwc
usp00078yc,5.5,mwc
usp00078yr,5.5,mwc
usp00078z4,5.8,mwc
usp0007939,5.81,mw
usp000795r,5.5,mwc
usp0007966,5.7,mwc
usp000796b,5.5,mwc
usp000799b,6.4,mwc
usp00079ag,5.5,mwc
usp00079jz,6.0,mwc
usp00079k1,5.5,mwc
usp00079k2,5.8,mwc
usp00079k5,7.1,mww
usp00079nu,5.9,mwc
usp00079p7,5.7,mwc
usp00079qb,5.6,mwc
usp00079u5,5.7,mwc
usp00079v5,6.1,mwc
usp00079vs,6.3,mwc
usp00079vt,5.82,mw
usp00079wg,5.6,mwc
usp00079xf,5.8,mwc
usp00079z4,6.0,mwc
usp00079zv,7.7,mww
usp0007a00,5.69,mw
usp0007a08,6.62,mw
usp0007a3r,5.4,mwc
usp0007a8g,5.5,mwc
usp0007acf,5.58,mw
usp0007ag5,5.4,mwc
usp0007ahn,5.7,mwc
usp0007ajh,5.6,mwc
usp0007amy,5.6,mwc
usp0007anm,5.5,mwc
usp0007auk,5.9,mwc
usp0007av7,5.8,mwc
usp0007awh,5.6,mwc
usp0007ax0,5.8,mwc
usp0007ayd,5.9,mwc
usp0007b2c,5.6,mwc
usp0007b5q,5.6,mwc
usp0007b87,6.1,mwc
usp0007b9k,5.5,mwc
usp0007bav,5.5,mwc
usp0007bck,5.6,mwc
usp0007bh6,5.5,mwc
usp0007bjd,6.1,mwc
usp0007bpy,5.5,mwc
usp0007bun,5.9,mwc
usp0007c08,5.7,mwc
usp0007c0r,6.0,mwc
usp0007c0u,6.4,mwc
usp0007c27,5.5,mwc
usp0007c29,6.0,mwc
usp0007c32,5.4,mwc
usp0007c3b,6.2,mwc
usp0007c5z,5.7,mwc
usp0007c7g,6.6,mww
usp0007cb5,5.6,mw
usp0007cbu,5.8,mwc
usp0007cbz,5.4,mwc
usp0007cds,5.5,mwc
usp0007cek,5.4,mwc
usp0007cfb,5.7,mwc
usp0007cgh,6.0,mwc
usp0007chf,5.74,mw
usp0007chh,7.1,mww
usp0007chp,5.98,mw
usp0007cnm,6.1,mwc
usp0007ct1,6.0,mwc
usp0007cxf,5.7,mwc
usp0007cxh,5.6,mwc
usp0007cxs,5.6,mwc
usp0007d0f,6.5,mww
usp0007d0k,5.9,mwc
usp0007d0t,6.7,mww
usp0007d23,5.59,mw
usp0007d32,6.34,mw
usp0007d3a,5.56,mw
usp0007d3y,6.02,mw
usp0007d54,5.75,mw
usp0007d5f,6.5,mwc
usp0007d77,6.53,mw
usp0007d78,6.8,mww
usp0007d8f,5.8,mwc
usp0007d8z,6.4,mwc
usp0007dav,5.6,mwc
usp0007dcz,5.5,mwc
usp0007ddq,5.5,mwc
usp0007dds,6.6,mww
usp0007de7,5.7,mwc
usp0007dex,6.0,mwc
usp0007dgw,5.5,mwc
usp0007dgy,5.7,mwc
usp0007dmb,7.5,mww
usp0007dpy,5.9,mwc
usp0007dq2,6.3,mwc
usp0007du0,6.2,mwc
usp0007dv6,7.0,mww
usp0007dvb,6.14,mw
usp0007dw5,5.9,mwc
usp0007dwm,5.7,mwc
usp0007dy0,5.5,mwc
usp0007dyt,5.5,mwc
usp0007e1u,5.8,mwc
usp0007e36,6.4,mwc
usp0007e38,5.64,mw
usp0007e5w,5.4,mwc
usp0007e7p,6.1,mwc
usp0007e92,5.7,mwc
usp0007e9k,6.7,mww
usp0007e9m,5.57,mw
usp0007e9s,6.7,mww
usp0007eb9,5.9,mwc
usp0007eba,5.5,mwc
usp0007ec9,6.3,mwc
usp0007ecd,5.9,mwc
usp0007ect,5.8,mwc
usp0007edb,5.6,mwc
usp0007eea,5.5,mwc
usp0007eec,5.5,mwc
usp0007efx,5.5,mwc
usp0007eh3,5.6,mwc
usp0007eh7,6.1,mwc
usp0007eh8,5.75,mw
usp0007ej0,5.7,mwc
usp0007ejt,5.7,mwc
usp0007eng,5.6,mwc
usp0007enq,5.9,mwc
usp0007esz,5.6,mwc
usp0007evx,6.6,mww
usp0007ex5,6.7,mww
usp0007exa,6.1,mwc
usp0007ey8,5.8,mwc
usp0007ezd,6.3,mwc
usp0007ezf,5.8,mwc
usp0007ezh,5.9,mwc
usp0007f28,5.6,mwc
usp0007f34,6.8,mww
usp0007f3n,5.79,mw
usp0007f4x,5.8,mwc
usp0007f50,5.5,mwc
usp0007f5w,5.5,mwc
usp0007f62,5.8,mwc
usp0007f8b,6.1,mwc
usp0007fcd,5.5,mwc
usp0007fcs,6.0,mwc
usp0007fda,6.1,mwc
usp0007fdc,5.6,mwc
usp0007fec,5.8,mwc
usp0007feh,5.5,mwc
usp0007feq,5.9,mwc
usp0007few,5.8,mwc
usp0007ff1,5.5,mwc
usp0007ffe,5.5,mwc
usp0007fgw,6.1,mwc
usp0007fgy,5.7,mwc
usp0007fgz,6.3,mwc
usp0007fhn,5.5,mwc
usp0007fhp,5.5,mwc
usp0007fkc,6.0,mwc
usp0007fkq,5.5,mwc
usp0007fku,5.8,mwc
usp0007fmw,5.5,mwc
usp0007fnz,5.9,mwc
usp0007fqc,5.5,mwc
usp0007fr5,5.6,mwc
usp0007fre,5.6,mwc
usp0007fup,5.7,mwc
usp0007fx8,5.8,mwc
usp0007fxk,5.5,mwc
usp0007fze,5.7,mwc
usp0007g1j,5.9,mwc
usp0007g2p,5.8,mwc
usp0007g3a,5.9,mwc
usp0007g7f,5.5,mwc
usp0007g84,7.2,mww
usp0007g8s,5.5,mwc
usp0007ga5,5.5,mwc
usp0007gaf,5.8,mwc
usp0007gbg,6.6,mww
usp0007gdt,5.7,mwc
usp0007gep,5.5,mwc
usp0007gf9,5.5,mwc
usp0007gfq,5.6,mwc
usp0007ggh,5.6,mwc
usp0007ghg,5.5,mwc
usp0007gjh,5.6,mwc
usp0007gk3,5.5,mwc
usp0007gmb,5.5,mwc
usp0007gmj,5.5,mwc
usp0007gns,6.1,mwc
usp0007gqq,7.2,mww
usp0007gre,5.7,mwc
usp0007gt0,6.1,mwc
usp0007gt3,6.1,mwc
usp0007gtj,5.6,mwc
usp0007guy,6.0,mwc
usp0007gv8,5.5,mwc
usp0007gv9,5.5,mwc
usp0007gvt,6.6,mww
usp0007gwq,5.6,mwc
usp0007gwu,6.0,mwc
usp0007gz9,5.7,mwc
usp0007gza,5.6,mwc
usp0007h0x,5.5,mwc
usp0007h14,5.5,mwc
usp0007h28,6.0,mwc
usp0007h2k,5.5,mwc
usp0007h34,6.1,mwc
usp0007h4v,5.8,mwc
usp0007h6x,5.5,mwc
usp0007h7v,5.7,mwc
usp0007h88,5.8,mwc
usp0007h8k,6.3,mwc
usp0007h8t,5.6,mwc
usp0007hd4,5.7,mwc
usp0007hf0,5.7,mwc
usp0007hke,5.7,mwc
usp0007hpx,5.7,mwc
usp0007ht2,6.0,mwc
usp0007hxz,6.0,mwc
usp0007hz0,5.5,mwc
usp0007j02,5.5,mwc
usp0007j1a,5.6,mwc
usp0007j1e,6.9,mww
usp0007j1y,5.7,mwc
usp0007j3e,6.0,mwc
usp0007j3m,6.1,mwc
usp0007j3n,6.0,mwb
usp0007j49,5.6,mwc
usp0007j4t,5.9,mwc
usp0007j60,5.9,mwc
usp0007j67,5.5,mwc
usp0007j7k,5.6,mwc
usp0007j86,6.2,mwc
usp0007jbb,6.5,mwc
usp0007jbe,6.5,mww
usp0007jby,5.6,mwc
usp0007jck,6.7,mww
usp0007jcu,7.8,mww
usp0007jes,5.86,mw
usp0007jfz,7.2,mww
usp0007jg1,5.72,mw
usp0007jgj,5.8,mw
usp0007jjx,5.9,mwc
usp0007jk3,5.8,mwc
usp0007jk9,5.6,mwc
usp0007jks,5.65,mw
usp0007jkw,7.1,mww
usp0007jmm,5.5,mwc
usp0007jms,5.8,mwc
usp0007jmu,5.5,mwc
usp0007jnr,5.6,mwc
usp0007jph,5.5,mwc
usp0007jrj,5.5,mwc
usp0007jrm,6.1,mwc
usp0007jw8,7.8,mww
usp0007jxz,6.0,mwc
usp0007jzd,5.6,mwc
usp0007k2n,6.8,mww
usp0007k3j,6.4,mwc
usp0007k44,6.1,mwc
usp0007k46,5.7,mwc
usp0007k4j,5.5,mwc
usp0007k5m,5.9,mwc
usp0007k9q,6.2,mwc
usp0007k9s,5.5,mwc
usp0007kcr,5.6,mwc
usp0007kd1,5.6,mwc
usp0007kdp,5.9,mwc
usp0007keq,5.8,mwc
usp0007kgv,6.0,mwc
usp0007khk,5.5,mwc
usp0007kj3,5.5,mwc
usp0007kna,5.6,mwc
usp0007kp2,5.9,mwc
usp0007kqa,5.9,mwc
usp0007krr,5.5,mwc
usp0007ks7,5.5,mwc
usp0007ksm,5.6,mwc
usp0007ksz,6.2,mwc
usp0007ktk,5.7,mwc
usp0007kx7,5.9,mwc
usp0007m2z,6.2,mwc
usp0007m35,6.7,mww
usp0007m3h,6.5,mww
usp0007m42,6.7,mww
usp0007m7p,5.8,mwc
usp0007m9a,6.2,mwc
usp0007ma7,5.8,mwc
usp0007mae,5.9,mwc
usp0007mde,5.6,mwc
usp0007me1,7.0,mww
usp0007me2,5.78,mw
usp0007mfa,6.5,mwc
usp0007mfh,6.2,mwc
usp0007mfk,5.9,mwc
usp0007mjm,5.7,mwc
usp0007mkk,6.1,mwc
usp0007mpb,5.9,mwc
usp0007mrs,6.0,mwc
usp0007mub,5.5,mwc
usp0007mvm,6.0,mwc
usp0007mwc,5.5,mwc
usp0007mwx,5.5,mwc
usp0007mya,5.6,mwc
usp0007myt,5.6,mwc
usp0007n0p,6.9,mww
usp0007n0v,5.9,mwc
usp0007n46,6.7,mww
usp0007n5h,6.3,mwc
usp0007n5m,7.3,mww
usp0007n6a,5.6,mwc
usp0007n93,5.5,mwc
usp0007n9c,5.8,mwc
usp0007n9e,5.8,mwc
usp0007nam,5.5,mwc
usp0007nb8,5.7,mwc
usp0007nbm,5.7,mwc
usp0007nbs,6.2,mwc
usp0007nc7,5.9,mwc
usp0007ncf,5.5,mwc
usp0007nd2,5.7,mwc
usp0007nd6,5.7,mwc
usp0007ndd,6.0,mwc
usp0007nfm,6.0,mwc
usp0007nge,5.7,mwc
usp0007ngn,5.7,mwc
usp0007ngr,5.7,mwc
usp0007nhb,5.6,mwc
usp0007nhs,5.7,mwc
usp0007nhy,5.7,mwc
usp0007nkx,6.2,mwc
usp0007nn6,5.5,mwc
usp0007nna,5.6,mwc
usp0007nr0,5.8,mwc
usp0007nsh,6.0,mwc
usp0007nsn,5.9,mwc
usp0007nun,5.9,mwc
usp0007nw8,5.5,mwc
usp0007nwu,5.9,mwc
usp0007nwy,5.5,mwc
usp0007nzb,5.9,mwc
usp0007nzd,5.8,mwc
usp0007p1p,5.5,mwc
usp0007p3m,5.7,mwc
usp0007p3w,5.9,mwc
usp0007p41,5.9,mwc
usp0007p46,5.6,mwc
usp0007p5u,5.5,mwc
usp0007p5v,5.9,mwc
usp0007p5w,5.9,mwc
usp0007p86,5.5,mwc
usp0007p8h,5.5,mwc
usp0007p97,5.6,mwc
usp0007p9e,5.5,mwc
usp0007p9x,5.8,mwc
usp0007pbx,5.9,mwc
usp0007pc0,5.5,mwc
usp0007pde,5.5,mwc
usp0007pe2,5.7,mwc
usp0007pe6,6.2,mwc
usp0007pet,7.0,mww
usp0007pex,5.46,mw
usp0007pez,6.2,mwc
usp0007pf7,5.7,mwc
usp0007pfj,6.0,mwc
usp0007pfw,6.8,mww
usp0007phk,5.9,mwc
usp0007pj1,6.2,mwc
usp0007pjm,5.5,mwc
usp0007pjx,5.6,mwc
usp0007pkw,5.8,mwc
usp0007pm3,5.5,mwc
usp0007pnv,5.6,mwc
usp0007pnw,5.6,mwc
usp0007pp6,5.6,mwc
usp0007pq2,5.9,mwc
usp0007pqa,5.8,mwc
usp0007pqe,5.7,mwc
usp0007prw,5.8,mwc
usp0007pte,6.2,mwc
usp0007pwb,5.5,mwc
usp0007pxd,5.8,mwc
usp0007pxm,5.9,mwc
usp0007pxx,6.4,mwc
usp0007pzw,5.9,mwc
usp0007q0g,5.9,mwc
usp0007q1x,5.5,mwc
usp0007q2k,5.6,mwc
usp0007q2m,5.51,mw
usp0007q2x,5.7,mwc
usp0007q2y,5.7,mwc
usp0007q32,5.7,mwc
usp0007q3h,5.6,mwc
usp0007q4n,5.5,mwc
usp0007q4r,6.4,mwc
usp0007q50,6.5,mww
usp0007q51,6.6,mwc
usp0007q5m,6.0,mwc
usp0007q6d,5.8,mwc
usp0007q6s,5.8,mwc
usp0007q76,5.89,mw
usp0007q7t,5.7,mwc
usp0007q83,5.7,mwc
usp0007q9e,5.6,mwc
usp0007qd1,5.6,mwc
usp0007qdm,5.6,mwc
usp0007qe2,5.5,mwc
usp0007qeu,5.8,mwc
usp0007qg5,5.6,mwc
usp0007qmq,5.7,mwc
usp0007qmz,6.3,mwc
usp0007qpc,5.6,mwc
usp0007qra,5.61,mw
usp0007qrs,5.5,mwc
usp0007qs7,5.5,mwc
usp0007qtj,6.4,mwc
usp0007qtt,5.5,mwc
usp0007qu1,5.6,mwc
usp0007qun,6.4,mwc
usp0007quu,6.0,mwc
usp0007qxp,5.6,mwc
usp0007qz0,5.6,mwc
usp0007r02,5.5,mwc
usp0007r0n,5.6,mwc
usp0007r0w,6.2,mwc
usp0007r22,5.5,mwc
usp0007r2w,5.9,mwc
usp0007r3b,5.6,mwc
usp0007r4h,5.8,mwc
usp0007r4u,6.9,mww
usp0007r6q,5.7,mwc
usp0007r7z,6.2,mwc
usp0007rap,6.1,mwc
usp0007raw,5.9,mwc
usp0007rb7,5.8,mwc
usp0007rcm,5.9,mwc
usp0007rdr,6.8,mww
usp0007rdu,5.52,mw
usp0007rjs,6.0,mwc
usp0007rkc,5.5,mwc
usp0007rku,6.6,mww
usp0007rkw,5.8,mwc
usp0007rmb,5.5,mwc
usp0007rmc,5.5,mwc
usp0007rng,5.5,mwc
usp0007rnz,5.7,mwc
usp0007rp0,6.6,mww
usp0007rp1,6.9,mwc
usp0007rph,5.6,mwc
usp0007rrn,5.6,mwc
usp0007rsx,5.8,mwc
usp0007rtz,5.6,mwc
usp0007ru3,5.55,mw
usp0007rwf,6.1,mwc
usp0007rxy,5.7,mwc
usp0007s61,5.7,mwc
usp0007s64,5.6,mwc
usp0007s76,5.5,mwb
usp0007s7d,5.6,mwc
usp0007s8a,5.9,mwc
usp0007s8m,5.7,mwc
usp0007s9g,5.6,mwc
usp0007s9t,5.8,mwc
usp0007sbt,5.7,mwc
usp0007sdu,5.8,mwc
usp0007sdx,5.83,mw
usp0007se8,5.9,mwc
usp0007seb,6.3,mwc
usp0007sex,5.5,mwc
usp0007sfm,6.7,mww
usp0007sfq,6.0,mwc
usp0007sg7,5.5,mwc
usp0007sja,6.5,mww
usp0007sjx,5.5,mwc
usp0007sk7,6.1,mwc
usp0007snc,5.5,mwc
usp0007spc,5.5,mwc
usp0007sr2,5.6,mwc
usp0007srf,5.5,mwc
usp0007srq,5.6,mwc
usp0007ste,5.6,mwc
usp0007stz,6.1,mwc
usp0007suh,6.0,mwc
usp0007swp,7.7,mww
usp0007sxg,5.54,mw
usp0007sxw,6.1,mwc
usp0007syw,5.9,mwc
usp0007szv,5.5,mwc
usp0007t09,5.7,mwc
usp0007t0f,5.5,mwc
usp0007t0h,5.7,mwc
usp0007t0n,5.6,mwc
usp0007t0s,6.2,mwc
usp0007t1r,5.8,mwc
usp0007t1w,5.5,mwc
usp0007t29,5.7,mwc
usp0007t3h,5.9,mwc
usp0007t4t,5.7,mwc
usp0007t50,5.6,mwc
usp0007t5e,5.9,mwc
usp0007t5h,6.0,mwc
usp0007t7m,6.8,mww
usp0007t8t,6.1,mwc
usp0007t9s,5.9,mwc
usp0007t9u,5.8,mwc
usp0007t9z,5.8,mwc
usp0007tb5,5.9,mwc
usp0007tc2,5.6,mwc
usp0007tef,5.9,mwc
usp0007thr,5.5,mwc
usp0007tp1,5.6,mwc
usp0007tpr,6.3,mwc
usp0007tt6,5.5,mwc
usp0007tur,6.1,mwc
usp0007tw1,5.5,mwc
usp0007tw5,6.6,mww
usp0007tx6,6.2,mwc
usp0007txb,5.7,mwc
usp0007tz3,5.5,mwc
usp0007tzf,5.8,mwc
usp0007u0t,5.5,mwc
usp0007u26,5.7,mwc
usp0007u5k,6.1,mwc
usp0007u68,6.0,mwc
usp0007u7a,6.7,mww
usp0007u7r,5.6,mwc
usp0007u8k,5.9,mwc
usp0007u95,5.5,mwc
usp0007ubs,5.6,mwc
usp0007uce,5.5,mwc
usp0007uey,5.6,mwc
usp0007ufc,5.7,mwc
usp0007ugn,5.5,mwc
usp0007uha,5.5,mwc
usp0007uhe,5.5,mwc
usp0007um7,5.6,mwc
usp0007umx,5.5,mwc
usp0007unp,5.5,mwc
usp0007urn,5.5,mwc
usp0007uuh,6.5,mwc
usp0007uuz,5.8,mwc
usp0007uyj,5.5,mwc
usp0007uz0,5.8,mwc
usp0007v0z,5.8,mwc
usp0007v14,6.2,mwc
usp0007v1w,5.5,mwc
usp0007v2p,5.5,mwc
usp0007v4x,5.8,mwc
usp0007v6w,6.0,mwc
usp0007v7z,5.7,mwc
usp0007v87,6.4,mwc
usp0007vaq,5.8,mwc
usp0007vd2,6.0,mwc
usp0007vgp,5.6,mwc
usp0007vnk,5.5,mwc
usp0007vnv,5.8,mwc
usp0007vqz,5.5,mwc
usp0007vrx,7.2,mww
usp0007vtt,5.7,mwc
usp0007vty,5.6,mwc
usp0007vyb,5.5,mwc
usp0007vz2,6.1,mwc
usp0007vzb,6.3,mwc
usp0007vzy,5.8,mwc
usp0007w1y,5.5,mwc
usp0007w22,5.9,mwc
usp0007w26,5.7,mwc
usp0007w5f,5.9,mwc
usp0007w6c,5.5,mwc
usp0007w7f,5.7,mwc
usp0007w7v,7.1,mww
usp0007w9j,5.6,mwc
usp0007wh7,6.2,mwc
usp0007wmz,5.6,mwc
usp0007wrp,5.5,mwc
usp0007wrr,6.5,mwc
usp0007wwp,6.4,mwc
usp0007wxk,5.7,mwc
usp0007wzk,5.5,mwc
usp0007wzm,6.1,mwc
usp0007x07,5.9,mwc
usp0007x1q,5.9,mwc
usp0007x44,5.5,mwc
usp0007xa2,5.6,mwc
usp0007xgf,5.8,mwc
usp0007xgq,5.5,mwc
usp0007xhe,6.0,mwc
usp0007xmc,6.1,mwc
usp0007xq3,5.6,mwc
usp0007xqv,5.6,mwc
usp0007xrq,5.5,mwc
usp0007xt8,5.7,mwc
usp0007xv4,6.0,mwc
usp0007xwf,5.5,mwc
usp0007xx2,7.0,mww
usp0007xx7,6.34,mw
usp0007y08,5.9,mwc
usp0007y0b,6.1,mwc
usp0007y20,5.6,mwc
usp0007y7n,5.63,mw
usp0007y86,5.6,mwc
usp0007y87,5.6,mwc
usp0007y8u,5.7,mwc
usp0007yax,5.5,mwc
usp0007ye4,5.7,mwc
usp0007yjk,6.2,mwc
usp0007yk5,5.5,mwc
usp0007ykz,5.6,mwc
usp0007yn1,5.7,mwc
usp0007yn5,6.1,mwc
usp0007yp5,5.69,mw
usp0007yp6,6.9,mww
usp0007yrg,5.6,mwc
usp0007yvp,5.9,mwc
usp0007yvx,5.8,mwc
usp0007yx4,5.6,mwc
usp0007yyd,5.5,mwc
usp0007yym,6.4,mwc
usp0007z3f,5.7,mwc
usp0007z53,5.9,mwc
usp0007z73,6.3,mwc
usp0007z7s,5.8,mwc
usp0007z8f,5.7,mwc
usp0007zan,5.5,mwc
usp0007zaz,5.9,mwc
usp0007zce,5.7,mwc
usp0007zcm,5.5,mwc
usp0007zd5,5.7,mwc
usp0007zdt,6.0,mwc
usp0007zea,6.7,mww
usp0007zev,6.1,mwc
usp0007zg3,5.8,mwc
usp0007zhs,5.6,mwc
usp0007zqd,5.7,mwc
usp0007zr9,5.5,mwc
usp0007zrw,5.5,mwc
usp0007ztm,6.1,mwc
usp0007zu0,6.1,mwc
usp0007zu2,6.2,mwc
usp0007zuq,6.1,mwc
usp0007zvc,5.7,mwc
usp0007zve,5.5,mwc
usp0007zzs,6.5,mwc
usp000800k,5.5,mwc
usp000800w,5.9,mwc
usp0008018,6.0,mwc
usp0008037,5.6,mwc
usp0008041,5.8,mwc
usp000804f,5.7,mwc
usp0008065,5.5,mwc
usp0008066,5.6,mwc
usp000806d,5.5,mwc
usp000806q,5.8,mwc
usp000807k,5.5,mwc
usp00080b7,6.2,mwc
usp00080c2,5.5,mwc
usp00080dq,5.9,mwc
usp00080g1,5.6,mwc
usp00080gh,5.5,mwc
usp00080m5,5.5,mwc
usp00080mp,5.8,mwc
usp00080sn,5.5,mwc
usp00080tf,5.6,mwc
usp00080tj,5.6,mwc
usp00080u1,5.5,mwc
usp00080u5,5.5,mwb
usp00080vf,5.6,mwc
usp00080w1,5.5,mwc
usp00080wt,7.8,mww
usp00080wv,6.49,mw
usp00080x1,5.67,mw
usp00080xm,5.71,mw
usp00080z4,5.69,mw
usp00080zw,5.9,mwc
usp000810j,6.6,mww
usp000810m,5.86,mw
usp000811u,5.8,mwc
usp000812s,5.7,mwc
usp0008135,6.0,mwc
usp000814h,6.5,mwc
usp0008177,5.6,mwc
usp000817j,5.9,mwc
usp0008180,5.8,mwc
usp00081a6,5.6,mwc
usp00081bb,6.0,mwc
usp00081dg,5.5,mwc
usp00081ec,6.8,mww
usp00081fb,5.5,mwc
usp00081jx,6.9,mww
usp00081p5,5.5,mwc
usp00081pj,6.9,mww
usp00081qd,5.5,mwc
usp00081st,5.5,mwc
usp00081x0,5.9,mwc
usp00081x8,5.6,mwc
usp00081xs,6.0,mwc
usp00081xu,5.6,mwc
usp00081yz,5.5,mwc
usp00081z6,6.0,mwc
usp000820p,7.2,mww
usp0008229,5.6,mwc
usp000824u,6.5,mwc
usp000824w,5.9,mwc
usp000825c,5.6,mwc
usp000825y,5.9,mwc
usp0008265,5.6,mwc
usp000827p,6.0,mwc
usp000828b,6.4,mwc
usp00082b1,5.5,mwc
usp00082bq,5.5,mwc
usp00082bu,6.0,mwc
usp00082cr,5.7,mwc
usp00082d7,5.5,mwc
usp00082dh,5.5,mwc
usp00082f8,5.6,mwc
usp00082h0,5.8,mwc
usp00082ks,5.9,mwc
usp00082mf,5.6,mwc
usp00082mx,6.7,mww
usp00082n0,6.0,mwc
usp00082nd,5.8,mwc
usp00082pq,6.5,mwc
usp00082q0,6.1,mwc
usp00082rt,5.8,mwc
usp00082ub,5.5,mwc
usp00082uf,7.1,mww
usp00082vy,6.1,mwc
usp00082w3,6.4,mwc
usp00082w8,5.6,mwc
usp00082wf,5.6,mwc
usp00082yt,6.5,mwc
usp00082zt,5.6,mwc
usp000831h,5.6,mwc
usp000832y,5.6,mwc
usp0008335,5.5,mwc
usp0008336,6.1,mwc
usp000835q,5.7,mwc
usp000836x,5.6,mwc
usp00083aj,6.0,mwc
usp00083cd,6.5,mww
usp00083d2,5.8,mwc
usp00083d7,5.5,mwc
usp00083dm,5.6,mwc
usp00083ed,6.1,mwc
usp00083je,5.5,mwc
usp00083nk,6.4,mwc
usp00083nn,5.6,mwc
usp00083rt,5.6,mwc
usp00083x8,5.9,mwc
usp00083xm,6.4,mwc
usp00083y1,5.8,mwc
usp00083yd,5.9,mwc
usp00083z1,5.8,mwc
usp00083zw,5.8,mwc
usp000840p,6.1,mwc
usp0008416,5.9,mwc
usp000845z,5.8,mwc
usp00084b9,5.5,mwc
usp00084ez,6.9,mww
usp00084fp,5.8,mwc
usp00084fx,5.8,mwc
usp00084gp,5.8,mwc
usp00084gs,5.5,mwc
usp00084gt,5.8,mwc
usp00084hr,5.8,mwc
usp00084j6,5.9,mwc
usp00084m2,6.9,mww
usp00084np,5.9,mwc
usp00084q6,6.0,mwc
usp00084va,6.1,mwc
usp00084wh,5.5,mwc
usp000851m,5.9,mwc
usp000851t,6.6,mww
usp000851v,5.69,mw
usp000852j,6.1,mwc
usp000853a,6.1,mwc
usp0008553,5.5,mwc
usp000855a,5.9,mwc
usp0008561,5.5,mwc
usp000859s,5.7,mwc
usp00085ak,6.0,mwc
usp00085at,6.1,mwc
usp00085au,5.78,mw
usp00085dt,6.3,mwc
usp00085e4,5.5,mwc
usp00085fb,5.9,mwc
usp00085hr,5.5,mwc
usp00085n5,6.0,mwc
usp00085se,5.6,mwc
usp00085sy,6.1,mwc
usp00085t1,6.0,mwc
usp00085tq,5.5,mwc
usp00085vm,5.5,mwc
usp00085w5,5.6,mwc
usp00085wc,5.6,mwc
usp00085yy,6.6,mww
usp0008612,6.2,mwc
usp000865k,6.1,mwc
usp000867e,5.5,mwc
usp000867t,5.5,mwc
usp000868g,6.2,mwc
usp000869c,5.7,mwc
usp00086cf,6.0,mwc
usp00086de,5.7,mwc
usp00086dh,5.5,mwc
usp00086g8,6.0,mwc
usp00086gu,6.4,mwc
usp00086n0,5.6,mwc
usp00086nj,5.6,mwc
usp00086pw,5.6,mwc
usp00086q7,5.5,mwc
usp00086qh,5.6,mwc
usp00086rb,5.7,mwc
usp00086sb,5.9,mwc
usp00086tp,5.5,mwc
usp00086u2,6.4,mwc
usp00086u4,6.5,mww
usp00086va,5.5,mwc
usp00086vr,5.8,mwc
usp000870d,5.6,mwc
usp000870z,5.5,mwc
usp000871m,6.8,mww
usp000872q,6.1,mwc
usp0008740,6.8,mww
usp000874u,5.7,mwc
usp000875r,5.4,mwc
usp000878b,5.8,mwc
usp00087cb,6.0,mwc
usp00087d0,5.6,mwc
usp00087d3,5.5,mwc
usp00087e5,5.6,mwc
usp00087ex,5.7,mwc
usp00087jx,6.0,mwc
usp00087n5,6.0,mwc
usp00087n7,5.6,mwc
usp00087pa,5.6,mwc
usp00087pr,5.7,mwc
usp00087s6,7.0,mww
usp00087sc,5.84,mw
usp00087sp,5.6,mwc
usp00087tt,5.6,mwc
usp00087ua,5.9,mwc
usp00087vn,5.6,mwc
usp00087xa,5.8,mwc
usp0008804,6.0,mwc
usp000880c,5.6,mwc
usp000880j,5.5,mwc
usp000880n,5.7,mwc
usp000881f,6.0,mwc
usp0008826,5.5,mwc
usp000882g,6.0,mwc
usp000885v,5.8,mwc
usp000887r,5.6,mwc
usp000888x,5.6,mwc
usp000889y,6.1,mwc
usp00088bb,5.5,mwc
usp00088e0,5.6,mwc
usp00088h6,5.5,mwc
usp00088h7,5.7,mwc
usp00088he,5.7,mwc
usp00088jc,5.5,mwc
usp00088kn,6.3,mwc
usp00088kt,5.8,mwc
usp00088mv,6.4,mwc
usp00088n8,5.6,mwc
usp00088ne,6.1,mwc
usp00088np,5.5,mwc
usp00088px,5.9,mwc
usp00088q5,5.5,mwc
usp00088r6,5.7,mwc
usp00088s2,5.9,mwc
usp00088sa,5.5,mwc
usp00088t9,5.5,mwc
usp00088um,6.0,mwc
usp00088vv,5.5,mwc
usp00088z4,6.4,mwc
usp000890q,7.7,mww
usp0008916,5.62,mw
usp000892b,7.1,mww
usp000892s,6.14,mw
usp000892w,6.4,mwc
usp0008931,5.56,mw
usp0008973,6.2,mwc
usp000897m,6.0,mwc
usp000898b,5.5,mwc
usp00089b4,5.8,mwc
usp00089cx,5.5,mwc
usp00089ev,5.6,mwc
usp00089fx,5.7,mwc
usp00089gp,5.5,mwc
usp00089me,5.6,mwc
usp00089mu,5.8,mwc
usp00089n8,5.7,mwc
usp00089na,5.6,mwc
usp00089p6,5.9,mwc
usp00089q2,7.2,mww
usp00089r7,5.6,mwc
usp00089ud,5.9,mwc
usp00089ut,5.6,mwc
usp0008a01,5.5,mwc
usp0008a0d,5.6,mwc
usp0008a0j,5.5,mwc
usp0008a1c,6.2,mwc
usp0008a1d,6.1,mwc
usp0008a1g,5.66,mw
usp0008a1k,5.9,mwc
usp0008a2j,5.6,mwc
usp0008a3u,5.6,mwc
usp0008a44,5.6,mwc
usp0008a50,5.6,mwc
usp0008a5b,5.9,mwc
usp0008a6v,5.6,mwc
usp0008a97,7.4,mww
usp0008acs,6.3,mwc
usp0008ady,5.6,mwc
usp0008aen,5.5,mwc
usp0008aez,6.1,mwc
usp0008af6,5.5,mwc
usp0008ah8,5.6,mwc
usp0008ak0,5.5,mwc
usp0008ana,5.6,mwc
usp0008ap8,5.8,mwc
usp0008aq4,6.1,mwc
usp0008aqe,5.6,mwc
usp0008aqx,7.0,mww
usp0008at9,5.6,mwc
usp0008atr,5.5,mwc
usp0008aw5,6.6,mww
usp0008awv,5.8,mwc
usp0008az4,5.7,mwc
usp0008azu,5.5,mwc
usp0008b0u,5.5,mwc
usp0008b2r,6.1,mwc
usp0008b43,5.5,mwc
usp0008b64,5.6,mwc
usp0008b6g,5.6,mwc
usp0008b98,5.7,mwc
usp0008baj,7.0,mww
usp0008bb1,5.7,mw
usp0008bf7,5.5,mwc
usp0008bg2,6.6,mww
usp0008bg9,5.7,mwc
usp0008bgc,5.8,mwc
usp0008bh3,5.7,mwc
usp0008bn1,5.5,mwc
usp0008bqs,5.5,mwc
usp0008brc,6.0,mwc
usp0008bs1,5.5,mwc
usp0008bs4,5.5,mwc
usp0008btc,5.5,mwc
usp0008btk,7.9,mww
usp0008btm,5.8,mw
usp0008btn,5.62,mw
usp0008but,5.62,mw
usp0008bx5,6.4,mwc
usp0008bxb,5.62,mw
usp0008bzf,5.8,mwc
usp0008c12,5.5,mwc
usp0008c13,5.6,mwc
usp0008c22,5.7,mwc
usp0008c2b,6.1,mwc
usp0008c2p,5.9,mwc
usp0008c76,6.2,mwb
usp0008c7n,5.6,mwc
usp0008c7z,5.7,mwc
usp0008c9v,5.6,mwc
usp0008cbb,5.7,mwc
usp0008cf7,6.3,mwc
usp0008cfc,5.6,mwc
usp0008cjs,5.6,mwc
usp0008ckj,5.7,mwc
usp0008cm5,5.7,mwc
usp0008cms,5.6,mwc
usp0008cnn,5.6,mwc
usp0008cpc,5.9,mwc
usp0008cqu,5.9,mwc
usp0008cr9,5.5,mwc
usp0008crc,6.0,mwc
usp0008crv,5.7,mwc
usp0008cs2,5.8,mwc
usp0008cs8,6.7,mww
usp0008csd,6.3,mwc
usp0008csw,5.5,mwc
usp0008cu8,5.7,mwc
usp0008cv7,6.0,mwc
usp0008cvs,5.8,mwc
usp0008cwc,5.5,mwc
usp0008cyz,5.9,mwc
usp0008d0r,7.1,mww
usp0008d16,6.1,mwc
usp0008d1n,5.6,mwc
usp0008d1s,5.5,mwc
usp0008d40,5.5,mwc
usp0008d6u,5.8,mwc
usp0008d7m,5.9,mwc
usp0008d8u,5.6,mwc
usp0008daa,6.2,mwc
usp0008dc4,5.7,mwc
usp0008de0,5.8,mwc
usp0008dj4,6.3,mwc
usp0008dkp,5.8,mwc
usp0008dp6,6.3,mwc
usp0008dq4,5.8,mwc
usp0008dqq,7.6,mww
usp0008dz0,5.6,mwc
usp0008e10,5.7,mwc
usp0008e15,6.2,mwc
usp0008e1g,6.6,mww
usp0008e2d,5.5,mwc
usp0008e4j,5.7,mwc
usp0008e4y,5.6,mwc
usp0008e5f,6.6,mww
usp0008e6m,6.7,mww
usp0008e86,5.5,mwc
usp0008e89,5.7,mwc
usp0008e8u,5.5,mwc
usp0008e9v,5.8,mwc
usp0008eb7,6.5,mww
usp0008ebf,6.0,mwc
usp0008ebk,5.9,mwc
usp0008eev,5.9,mwc
usp0008egv,5.7,mwc
usp0008emj,5.7,mwc
usp0008emz,5.7,mwc
usp0008en3,5.5,mwc
usp0008enm,6.2,mwc
usp0008epe,5.8,mwc
usp0008eqf,5.6,mwc
usp0008esc,5.7,mwc
usp0008eth,5.6,mwc
usp0008euq,5.9,mwc
usp0008exz,5.6,mwc
usp0008ey3,5.5,mwc
usp0008f03,5.5,mwc
usp0008f0e,5.7,mwc
usp0008f0s,5.9,mwc
usp0008f15,6.0,mwc
usp0008f29,5.5,mwc
usp0008f2b,6.3,mwc
usp0008f2f,6.4,mwc
usp0008f6x,5.5,mwc
usp0008f7c,7.0,mww
usp0008f7g,5.8,mwc
usp0008f91,6.0,mwc
usp0008fbv,6.3,mwc
usp0008feg,5.9,mwc
usp0008fhu,5.5,mwc
usp0008fjb,5.5,mwc
usp0008fkd,5.9,mwc
usp0008fke,6.4,mwc
usp0008fkr,5.9,mwc
usp0008fn8,5.5,mwc
usp0008fqg,5.5,mwc
usp0008fu2,5.5,mwc
usp0008fw4,5.6,mwc
usp0008fw7,5.5,mwc
usp0008fym,5.5,mwc
usp0008g2q,5.5,mwc
usp0008g3e,6.7,mww
usp0008g64,5.5,mwc
usp0008g7r,5.9,mwc
usp0008g8h,6.5,mwc
usp0008g8q,5.6,mwc
usp0008gan,6.3,mwc
usp0008gb3,5.6,mwc
usp0008gev,5.6,mwc
usp0008ghs,5.5,mwc
usp0008gkd,5.6,mwc
usp0008gqr,5.8,mwc
usp0008gr1,5.7,mwc
usp0008gr7,5.6,mwc
usp0008grr,5.5,mwc
usp0008gv3,6.1,mwc
usp0008gxu,5.5,mwc
usp0008h06,5.5,mwc
usp0008h4x,5.7,mwc
usp0008ha2,5.7,mwc
usp0008hbg,5.7,mwc
usp0008hdh,5.5,mwc
usp0008hfn,5.5,mwc
usp0008hg7,6.6,mww
usp0008hp6,5.8,mwc
usp0008hpe,5.5,mwc
usp0008hpr,5.6,mwc
usp0008hs8,6.7,mww
usp0008hsg,5.5,mwc
usp0008htd,6.2,mwc
usp0008htk,5.9,mwc
usp0008hu8,6.1,mwc
usp0008hwc,5.5,mwc
usp0008hzd,8.1,mww
usp0008j0d,6.4,mwc
usp0008j0k,6.01,mw
usp0008j1a,5.6,mwc
usp0008j36,5.8,mwc
usp0008j3a,5.7,mwc
usp0008j5n,5.6,mwc
usp0008j6u,6.1,mwc
usp0008j7s,7.1,mww
usp0008j7w,5.72,mw
usp0008j8s,5.6,mwc
usp0008ja3,5.7,mwc
usp0008jd7,7.0,mww
usp0008jdk,5.8,mwc
usp0008jdq,6.7,mww
usp0008jdv,5.8,mwc
usp0008jgz,5.6,mwc
usp0008jhh,6.6,mww
usp0008jpt,5.6,mwc
usp0008jsu,5.5,mwc
usp0008jta,5.8,mwc
usp0008jtx,5.5,mwc
usp0008ju7,5.8,mwc
usp0008jub,6.1,mwc
usp0008jud,5.9,mwc
usp0008juw,6.2,mwc
usp0008jux,5.5,mwc
usp0008jyj,5.6,mwc
usp0008k0g,5.5,mwc
usp0008k18,5.8,mwc
usp0008k6r,6.1,mwc
usp0008kae,5.8,mwc
usp0008kgn,5.5,mwc
usp0008kmu,5.6,mwc
usp0008knk,5.9,mwc
usp0008kuy,5.7,mwc
usp0008kxg,6.3,mwc
usp0008m1x,6.1,mwc
usp0008m2a,5.7,mwc
usp0008m39,5.7,mwc
usp0008m3y,5.5,mwc
usp0008m58,5.6,mwc
usp0008m92,5.5,mwc
usp0008maa,5.5,mwc
usp0008mbr,5.6,mwc
usp0008mdk,7.5,mww
usp0008mj4,5.8,mwc
usp0008mt9,6.3,mwc
usp0008mtf,5.8,mwc
usp0008mvd,5.8,mwc
usp0008mvj,5.7,mwc
usp0008mwe,5.7,mwc
usp0008mxf,5.6,mwc
usp0008mzv,5.5,mwc
usp0008n0d,6.6,mww
usp0008n1n,5.5,mwc
usp0008n2d,5.9,mwc
usp0008n2x,5.5,mwc
usp0008n3d,6.0,mwc
usp0008n5q,6.8,mww
usp0008n6f,5.5,mwc
usp0008n98,5.5,mwc
usp0008nbf,5.4,mwc
usp0008nch,5.6,mwc
usp0008nfm,6.7,mww
usp0008ngy,6.3,mwc
usp0008nhp,6.6,mww
usp0008nhy,5.69,mw
usp0008njy,5.5,mwc
usp0008nmf,6.0,mwc
usp0008nn3,5.6,mwc
usp0008ns3,5.7,mwc
usp0008nt5,6.0,mwc
usp0008nth,6.0,mwc
usp0008nuf,5.7,mwc
usp0008nvz,5.5,mwc
usp0008nw6,5.6,mwc
usp0008nwz,5.5,mwc
usp0008nx5,5.5,mwc
usp0008nze,6.5,mww
usp0008p15,6.2,mwc
usp0008p47,6.4,mwc
usp0008p4c,5.8,mwc
usp0008p8f,5.5,mwc
usp0008p8w,5.5,mwc
usp0008pde,5.5,mwc
usp0008pgs,5.9,mwc
usp0008phb,6.2,mwc
usp0008pmj,5.5,mwc
usp0008ptp,5.5,mwc
usp0008ptr,5.7,mwc
usp0008pwr,5.7,mwc
usp0008pzc,6.2,mwc
usp0008q1j,5.6,mwc
usp0008q2e,6.3,mwc
usp0008q6j,6.0,mwc
usp0008q9f,5.5,mwc
usp0008qak,5.7,mwc
usp0008qay,5.7,mwc
usp0008qbr,5.5,mwc
usp0008qc2,5.6,mwc
usp0008qdm,6.0,mwc
usp0008qg5,5.6,mwc
usp0008qkc,6.3,mwc
usp0008qqk,6.3,mwc
usp0008r41,5.5,mwc
usp0008r43,5.5,mwc
usp0008r4h,5.5,mwc
usp0008r70,6.1,mwc
usp0008r85,6.0,mwc
usp0008r86,6.9,mww
usp0008rah,5.5,mwc
usp0008rbr,5.5,mwc
usp0008rc8,5.5,mwc
usp0008rks,5.6,mwc
usp0008rm2,7.0,mww
usp0008rnr,5.5,mwc
usp0008rnv,5.7,mwc
usp0008rpa,7.1,mww
usp0008rpe,6.2,mw
usp0008rpf,5.73,mw
usp0008rru,5.7,mwc
usp0008rsv,5.5,mwc
usp0008rtq,6.1,mwc
usp0008rvb,5.5,mwc
usp0008rvd,6.0,mwc
usp0008rwg,5.7,mwc
usp0008s41,6.1,mwc
usp0008s4r,6.2,mwc
usp0008sb9,6.4,mwc
usp0008sd0,6.6,mww
usp0008shr,6.1,mwc
usp0008shu,6.0,mwc
usp0008sj1,5.5,mwc
usp0008smd,5.6,mwc
usp0008sp3,5.5,mwc
usp0008srz,5.8,mwc
usp0008ss6,5.8,mwc
usp0008ssb,7.1,mww
usp0008stn,6.2,mwc
usp0008stu,5.6,mwc
usp0008sus,5.5,mwc
usp0008sw3,5.9,mwc
usp0008t22,5.9,mwc
usp0008t69,5.5,mwc
usp0008t7j,5.8,mwc
usp0008t8h,5.5,mwc
usp0008tay,5.5,mwc
usp0008tfp,5.6,mwc
usp0008tfx,5.6,mwc
usp0008thj,5.7,mwc
usp0008tje,7.1,mww
usp0008tk4,6.2,mwc
usp0008tpj,5.6,mwc
usp0008tpr,5.5,mwc
usp0008tqv,6.0,mwc
usp0008trh,6.7,mww
usp0008tua,5.9,mwc
usp0008tyb,6.3,mwc
usp0008u08,6.1,mwc
usp0008u1m,6.0,mwc
usp0008u2t,6.3,mwc
usp0008u3b,5.7,mwc
usp0008u3n,6.1,mwc
usp0008u3u,5.6,mwc
usp0008u6u,5.6,mwc
usp0008u7f,5.6,mwc
usp0008u7u,5.5,mwc
usp0008u8z,6.8,mww
usp0008ua0,5.5,mwc
usp0008ub9,5.8,mwc
usp0008uc5,6.5,mww
usp0008uc8,6.15,mw
usp0008uem,5.6,mwc
usp0008uf2,5.8,mwc
usp0008ufw,5.7,mwc
usp0008uj8,5.6,mwc
usp0008uj9,6.1,mwc
usp0008ujf,5.5,mwc
usp0008um3,5.8,mwc
usp0008unt,5.6,mwc
usp0008up8,5.8,mwc
usp0008utt,5.6,mwc
usp0008uty,5.6,mwc
usp0008uwq,6.1,mwc
usp0008uy0,6.1,mwc
usp0008uyv,6.3,mwc
usp0008v06,5.6,mwc
usp0008v3c,5.7,mwc
usp0008v7e,5.5,mwc
usp0008v7s,5.5,mwc
usp0008v7t,5.6,mwc
usp0008v91,5.5,mwc
usp0008v9v,5.9,mwc
usp0008vac,6.4,mwc
usp0008vb9,6.0,mwc
usp0008vfj,5.6,mwc
usp0008vks,5.7,mwc
usp0008vnn,6.6,mww
usp0008vp3,6.2,mwc
usp0008vqz,5.5,mwc
usp0008vrb,5.8,mwc
usp0008vs8,5.8,mwc
usp0008vtk,6.0,mwc
usp0008vuj,5.7,mwc
usp0008vwr,5.5,mwc
usp0008vx8,5.8,mwc
usp0008vx9,5.6,mwc
usp0008vxm,6.1,mwc
usp0008vxx,5.7,mwc
usp0008vy1,5.5,mwc
usp0008vzb,5.5,mwc
usp0008w4c,5.5,mwc
usp0008w65,6.1,mwc
usp0008w6a,5.5,mwc
usp0008w8e,5.5,mwc
usp0008w8u,6.0,mwc
usp0008w9p,5.7,mwc
usp0008wah,5.9,mwc
usp0008wak,6.0,mwc
usp0008wbz,5.9,mwc
usp0008wd3,6.3,mwc
usp0008wd7,5.78,mw
usp0008wfz,5.5,mwc
usp0008wg5,5.8,mwc
usp0008wp2,5.5,mwc
usp0008wpw,5.5,mwc
usp0008wr8,5.9,mwc
usp0008wze,5.5,mwc
usp0008x42,5.6,mwc
usp0008x4w,5.6,mwc
usp0008x5g,5.8,mwc
usp0008x6n,6.5,mwc
usp0008xbk,5.7,mwc
usp0008xbv,5.5,mwc
usp0008xfp,5.7,mwc
usp0008xne,5.5,mwc
usp0008xnq,5.9,mwc
usp0008xnz,5.6,mwc
usp0008xpu,5.9,mwc
usp0008xt6,5.5,mwc
usp0008xtu,5.7,mwc
usp0008xtz,6.4,mwc
usp0008xw6,6.6,mww
usp0008xw8,7.0,mwc
usp0008xxs,5.6,mwc
usp0008y1p,5.6,mwc
usp0008y1r,5.7,mwc
usp0008y6s,5.9,mwc
usp0008y7k,6.2,mwc
usp0008y7t,5.5,mwc
usp0008y8g,5.5,mwc
usp0008yaw,5.8,mwc
usp0008yb0,5.7,mwc
usp0008ycz,6.0,mwc
usp0008yef,5.6,mwc
usp0008yem,5.7,mwc
usp0008yf3,6.3,mwc
usp0008yfn,5.5,mwc
usp0008ymv,5.4,mwc
usp0008ypk,5.5,mwc
usp0008ypt,6.0,mwc
usp0008yqw,6.1,mwc
usp0008ytp,5.7,mwc
usp0008ytr,5.5,mwc
usp0008ytz,5.5,mwc
usp0008yvf,5.8,mwc
usp0008yx2,7.6,mww
usp0008yxt,5.6,mw
usp0008z04,5.8,mwc
usp0008z21,5.7,mwc
usp0008z30,5.7,mwc
usp0008z69,5.8,mwc
usp0008z7q,6.5,mww
usp0008zad,5.8,mwc
usp0008zdj,5.5,mwc
usp0008zg2,5.6,mwc
usp0008zg7,5.5,mwc
usp0008zjw,5.5,mwc
usp0008zkm,5.5,mwc
usp0008zmf,5.9,mwc
usp0008zmk,6.0,mwc
usp0008zp9,6.0,mwc
usp0008zq9,5.6,mwc
usp0008zqc,6.2,mwc
usp0008zrf,5.6,mwc
usp000901c,5.6,mwc
usp000905n,5.6,mwc
usp0009071,5.6,mwc
usp0009074,5.6,mwc
usp000907e,5.9,mwc
usp000907z,6.8,mww
usp0009099,5.6,mwc
usp00090b2,5.6,mwc
usp00090hx,5.7,mwc
usp00090kx,5.5,mwc
usp00090ne,6.0,mwc
usp00090nh,5.5,mwc
usp00090ua,5.6,mwc
usp00090xv,5.6,mwc
usp00090z3,5.9,mwc
usp00090zn,6.0,mwc
usp0009124,5.8,mwc
usp000916e,6.0,mwc
usp000917v,5.5,mwc
usp000918f,5.5,mwc
usp000919j,5.7,mwc
usp00091ag,7.0,mww
usp00091fu,5.8,mwc
usp00091m0,6.4,mwc
usp00091md,6.1,mwc
usp00091mf,6.3,mwc
usp00091pg,5.8,mwc
usp00091q3,6.1,mwc
usp00091qf,5.5,mwc
usp00091qm,5.5,mwc
usp00091rg,5.7,mwc
usp00091sk,5.5,mwc
usp00091sv,5.9,mwc
usp00091t4,5.7,mwc
usp00091uc,6.6,mww
usp00091uv,6.3,mwc
usp00091vq,5.9,mwc
usp00091x3,5.5,mwc
usp00091y1,5.5,mwc
usp0009202,5.7,mwc
usp000921b,5.7,mwc
usp000922k,5.6,mwc
usp000922w,5.7,mwc
usp000925u,6.2,mwc
usp0009268,5.8,mwc
usp000927n,5.7,mwc
usp000928t,5.7,mwc
usp0009293,5.8,mwc
usp00092ae,5.8,mwc
usp00092ar,5.8,mwc
usp00092ck,6.0,mwc
usp00092cr,7.3,mww
usp00092g3,5.9,mwc
usp00092n1,6.0,mwc
usp00092n2,5.5,mwc
usp00092q2,5.6,mwc
usp00092rg,6.2,mwc
usp00092u7,5.9,mwc
usp00092ut,5.5,mwc
usp00092y4,5.8,mwc
usp00092zv,5.6,mwc
usp0009324,5.5,mwc
usp0009339,5.5,mwc
usp000933h,5.7,mwc
usp000936u,6.4,mwc
usp000937r,5.9,mwc
usp0009398,6.0,mwc
usp00093a9,5.5,mwc
usp00093b3,5.7,mwc
usp00093e4,5.5,mwc
usp00093e7,5.9,mwc
usp00093hw,5.6,mwc
usp00093je,5.6,mwc
usp00093nx,5.7,mwc
usp00093pf,5.5,mwc
usp00093qd,5.9,mwc
usp00093r5,5.6,mwc
usp00093r7,5.9,mwc
usp00093tj,6.5,mww
usp00093tk,5.69,mw
usp00093tv,5.5,mwc
usp00093u0,7.0,mww
usp00093vj,5.8,mwc
usp00093vr,6.0,mwc
usp00093wz,5.9,mwc
usp00093zq,5.7,mwc
usp000941n,6.1,mwc
usp000942a,5.8,mwc
usp000942c,5.8,mwc
usp000943c,6.8,mww
usp00094cb,5.6,mwc
usp00094g3,5.5,mwc
usp00094j6,5.5,mwc
usp00094kg,5.5,mwc
usp00094q1,5.8,mwc
usp00094ra,5.9,mwc
usp00094ud,6.9,mww
usp00094wa,5.5,mwc
usp00094ws,5.9,mwc
usp00094wt,5.9,mwc
usp00094yt,5.8,mwc
usp0009519,5.6,mwc
usp000951x,5.6,mwc
usp000953s,5.5,mwc
usp000958w,5.5,mwc
usp0009597,5.5,mwc
usp000959a,5.6,mwc
usp00095a6,5.8,mwc
usp00095cb,6.4,mww
usp00095cu,5.8,mwc
usp00095de,5.6,mwc
usp00095dw,5.8,mwc
usp00095fu,5.8,mwc
usp00095hd,6.3,mwc
usp00095m6,6.2,mwc
usp00095nv,6.2,mwc
usp00095pj,5.5,mwc
usp00095q7,6.8,mww
usp00095qj,6.0,mwc
usp00095u8,7.4,mww
usp00095uy,5.6,mwc
usp00095ve,5.8,mwc
usp00095vp,6.3,mwc
usp00095w2,5.5,mwc
usp00095z7,5.5,mwc
usp00095z9,7.1,mww
usp000960h,5.6,mwc
usp000960u,6.2,mwc
usp000964k,6.0,mwc
usp000965s,5.9,mwc
usp000967d,6.8,mww
usp00096bj,5.8,mwc
usp00096eq,5.5,mwc
usp00096jm,5.5,mwc
usp00096mm,6.4,mwc
usp00096nn,5.6,mwc
usp00096sp,5.7,mwc
usp00096xa,6.0,mwc
usp0009712,5.9,mwc
usp0009724,5.8,mwc
usp0009747,5.6,mwc
usp0009784,5.6,mwc
usp00097dr,6.1,mwc
usp00097et,5.5,mwc
usp00097fp,6.2,mwc
usp00097gz,5.31,mw
usp00097m3,5.9,mwc
usp00097m4,5.7,mwc
usp00097mc,6.0,mwc
usp00097pe,5.5,mwc
usp00097qs,5.7,mwc
usp00097rj,7.1,mww
usp00097rz,6.0,mwc
usp00097sv,5.6,mwc
usp00097sx,5.7,mwc
usp00097v1,6.2,mwc
usp00097w3,5.5,mwc
usp00097z3,5.5,mwc
usp000982a,7.1,mww
usp000983u,6.4,mwc
usp000985q,5.5,mwc
usp000985t,6.6,mww
usp000986n,5.6,mwc
usp000987t,6.1,mwc
usp000987x,5.8,mwc
usp0009886,5.7,mwc
usp0009891,5.9,mwc
usp0009894,5.5,mwc
usp00098eg,5.7,mwc
usp00098h3,6.0,mwc
usp00098jd,5.7,mwc
usp00098qg,5.5,mwc
usp00098r9,5.5,mwc
usp00098ra,5.8,mwc
usp00098rd,5.6,mwc
usp000995h,5.7,mwc
usp000998y,5.8,mwc
usp00099cu,6.2,mwc
usp00099ep,5.7,mwc
usp00099fe,5.5,mwc
usp00099fk,5.5,mwc
usp00099h2,5.8,mwc
usp00099hy,5.6,mwc
usp00099j7,5.5,mwc
usp00099jj,5.8,mwc
usp00099y6,6.9,mww
usp00099zz,5.8,mwc
usp0009a04,5.9,mwc
usp0009a3f,6.4,mwc
usp0009a5d,5.7,mwc
usp0009a8h,5.6,mwc
usp0009a9d,5.5,mwb
usp0009a9e,6.3,mwc
usp0009a9w,5.7,mwc
usp0009ab8,5.5,mwc
usp0009acr,5.6,mwc
usp0009agc,5.6,mwc
usp0009am2,5.6,mwc
usp0009am3,6.0,mwc
usp0009arx,5.6,mwc
usp0009atb,5.6,mwc
usp0009av1,5.5,mwc
usp0009av2,5.7,mwc
usp0009axx,5.8,mwc
usp0009azf,5.5,mwc
usp0009azh,6.0,mwc
usp0009b84,6.1,mwc
usp0009b9j,5.7,mwc
usp0009bap,5.6,mwc
usp0009bb3,6.2,mwc
usp0009bbx,5.6,mwc
usp0009bed,6.7,mww
usp0009bfv,5.7,mwc
usp0009bg1,5.7,mwc
usp0009bj5,5.6,mwc
usp0009bj6,5.6,mwc
usp0009bnf,5.5,mwc
usp0009bt3,5.9,mwc
usp0009bu6,6.5,mwc
usp0009buh,5.5,mwc
usp0009bv2,5.5,mwc
usp0009bvh,5.6,mwc
usp0009bws,5.7,mwc
usp0009bxc,5.6,mwc
usp0009c49,6.2,mwc
usp0009c4c,5.7,mwc
usp0009c52,5.6,mwc
usp0009c56,5.5,mwc
usp0009c6h,5.5,mwc
usp0009c6j,6.0,mwc
usp0009c7b,6.3,mwc
usp0009c7k,5.5,mwc
usp0009cbs,5.5,mwc
usp0009cdx,6.5,mwc
usp0009ce5,5.9,mwc
usp0009cef,5.7,mwc
usp0009cfy,5.5,mwc
usp0009cgj,5.7,mwc
usp0009cjc,5.9,mwc
usp0009cp6,5.9,mwc
usp0009crc,5.6,mwc
usp0009ct6,5.6,mwc
usp0009cue,5.5,mwc
usp0009cv3,5.5,mwc
usp0009cvb,5.6,mwc
usp0009cw8,5.6,mwc
usp0009cxh,5.5,mwc
usp0009cxq,6.2,mwc
usp0009cxu,5.5,mwc
usp0009cyg,5.6,mwc
usp0009cz1,5.5,mwc
usp0009czb,5.8,mwc
usp0009czf,5.6,mwc
usp0009d0j,6.4,mwc
usp0009d31,5.6,mwc
usp0009d4z,7.5,mww
usp0009d8n,5.7,mwc
usp0009dcg,6.9,mww
usp0009ddp,5.6,mwc
usp0009de6,5.7,mwc
usp0009dem,5.8,mwc
usp0009dfc,6.2,mwc
usp0009dfz,6.4,mwc
usp0009dg4,6.5,mww
usp0009dkw,5.7,mwc
usp0009dn8,5.9,mwc
usp0009dnp,6.1,mwc
usp0009dnq,5.8,mwc
usp0009dpp,5.7,mwc
usp0009dr3,5.6,mwc
usp0009drq,6.2,mwc
usp0009ds8,5.9,mwc
usp0009e46,6.0,mwc
usp0009e4z,5.5,mwc
usp0009e5b,5.5,mwc
usp0009e83,5.5,mwc
usp0009e96,5.8,mwc
usp0009e9y,5.8,mwc
usp0009ebn,5.6,mwc
usp0009ed1,5.6,mwc
usp0009ede,5.8,mwc
usp0009eeq,5.5,mwc
usp0009eex,6.4,mwc
usp0009ehz,6.3,mwc
usp0009ejr,5.5,mwc
usp0009ek1,5.6,mwc
usp0009eka,5.6,mwc
usp0009emb,6.0,mwc
usp0009emf,5.9,mwc
usp0009emg,5.8,mwc
usp0009emp,5.9,mwc
usp0009epp,5.5,mwc
usp0009eq0,7.6,mww
usp0009eq2,5.84,mw
usp0009eq5,6.2,mw
usp0009eq6,6.38,mw
usp0009eq7,6.32,mw
usp0009erf,6.4,mwc
usp0009eue,5.6,mwc
usp0009euk,6.4,mwc
usp0009eup,5.8,mwc
usp0009f1e,6.5,mwc
usp0009f3x,5.7,mwc
usp0009f4s,6.1,mwc
usp0009f6m,5.7,mwc
usp0009f7v,7.4,mww
usp0009f9y,5.8,mwc
usp0009fbk,5.7,mwc
usp0009fc4,5.7,mwc
usp0009fep,5.6,mwc
usp0009ffr,5.7,mwc
usp0009fft,5.5,mwc
usp0009fhz,5.5,mwc
usp0009fjb,5.6,mwc
usp0009fk3,5.9,mwc
usp0009fm0,5.6,mwc
usp0009fnh,6.1,mwc
usp0009frv,5.7,mwc
usp0009fs2,5.5,mwc
usp0009fs9,6.4,mwc
usp0009fts,5.5,mwc
usp0009g4q,6.3,mwc
usp0009g9u,5.7,mwc
usp0009gby,5.6,mwc
usp0009gd0,5.8,mwc
usp0009gd5,5.6,mwc
usp0009gf4,6.3,mwc
usp0009ggy,6.0,mwc
usp0009gh8,5.6,mwc
usp0009gjb,5.9,mwc
usp0009gjc,5.5,mwc
usp0009gjr,5.8,mwc
usp0009gkx,6.0,mwc
usp0009gp3,5.6,mwc
usp0009gqn,5.5,mwc
usp0009gtw,5.7,mwc
usp0009guu,5.6,mwc
usp0009gyc,6.3,mwc
usp0009h1z,5.7,mwc
usp0009h25,5.6,mwc
usp0009h97,6.5,mwc
usp0009h9n,5.5,mwc
usp0009hbd,5.6,mwc
usp0009hca,6.1,mwc
usp0009hd3,5.6,mwc
usp0009hdf,6.2,mwc
usp0009hev,7.1,mww
usp0009hf0,5.5,mw
usp0009hj6,5.9,mwc
usp0009hnf,5.7,mwc
usp0009hnt,7.0,mww
usp0009hq6,6.1,mwc
usp0009hra,7.0,mww
usp0009hs3,6.3,mwc
usp0009hsu,5.7,mwc
usp0009htd,6.0,mwc
usp0009huc,5.9,mwc
usp0009huj,7.0,mww
usp0009hxa,5.9,mwc
usp0009hxn,5.9,mwc
usp0009hxp,6.2,mwc
usp0009hyy,5.5,mwc
usp0009j0p,5.6,mwc
usp0009j21,5.7,mwc
usp0009j39,6.0,mwc
usp0009j3s,5.9,mwc
usp0009j4n,7.4,mww
usp0009j54,5.85,mw
usp0009j5d,5.66,mw
usp0009j5m,5.9,mwc
usp0009j63,5.9,mwc
usp0009j6t,5.5,mwc
usp0009j79,5.9,mwc
usp0009j7d,5.7,mwc
usp0009j7m,5.6,mwc
usp0009j9h,6.4,mwc
usp0009ja1,5.7,mwc
usp0009jav,6.6,mww
usp0009jbe,5.8,mwc
usp0009jbp,5.8,mwc
usp0009jcg,6.3,mwc
usp0009jcn,5.6,mwc
usp0009jcs,5.5,mwc
usp0009jct,5.5,mwc
usp0009jej,5.7,mwc
usp0009jew,5.6,mwc
usp0009jfa,5.6,mwc
usp0009jfr,5.6,mwc
usp0009jgj,5.5,mwc
usp0009jgs,5.7,mwc
usp0009jkg,6.4,mwc
usp0009jm6,6.1,mwc
usp0009jn9,6.4,mwc
usp0009jp1,5.6,mwc
usp0009jpx,6.5,mwc
usp0009jqq,5.7,mwc
usp0009jr5,5.7,mwc
usp0009jr8,7.1,mww
usp0009jt2,5.8,mwc
usp0009jtb,5.7,mwc
usp0009jtv,5.9,mwc
usp0009juj,5.8,mwc
usp0009jvf,5.5,mwc
usp0009jvr,6.3,mwc
usp0009jwy,5.7,mwc
usp0009jx8,6.0,mwc
usp0009jxm,5.6,mwc
usp0009jxp,6.0,mwc
usp0009jxw,5.5,mwc
usp0009jxx,5.7,mwc
usp0009jzn,6.2,mwc
usp0009k01,6.0,mwc
usp0009k06,5.9,mwc
usp0009k0m,5.7,mwc
usp0009k3g,5.5,mwc
usp0009k3r,6.4,mwc
usp0009k59,5.7,mwc
usp0009k5e,6.0,mwc
usp0009k5j,5.6,mwc
usp0009k5y,5.7,mwc
usp0009k87,6.3,mwc
usp0009k8d,6.1,mwc
usp0009k9q,5.5,mwc
usp0009k9u,5.8,mwc
usp0009kd6,6.2,mwc
usp0009kdb,5.7,mwc
usp0009kdn,5.9,mwc
usp0009kdx,5.9,mwc
usp0009kej,7.0,mww
usp0009kf1,5.9,mwc
usp0009kf9,5.7,mwc
usp0009kfb,5.7,mwc
usp0009kfj,6.2,mwc
usp0009kgn,5.6,mwc
usp0009kj2,5.6,mwc
usp0009kkb,6.0,mwc
usp0009knd,5.5,mwc
usp0009kng,5.8,mwc
usp0009knu,5.7,mwc
usp0009ks3,5.6,mwc
usp0009ks4,6.1,mwc
usp0009ks5,5.5,mwc
usp0009ks9,5.5,mwc
usp0009ksw,5.6,mwc
usp0009ksy,5.8,mwc
usp0009ktq,6.1,mwc
usp0009kub,6.2,mwc
usp0009kvk,5.5,mwc
usp0009kvr,6.4,mwc
usp0009kw1,5.6,mwc
usp0009kwj,6.3,mwc
usp0009kx3,7.2,mww
usp0009kyd,5.5,mwc
usp0009kz2,6.4,mwc
usp0009m08,5.7,mwc
usp0009m3d,6.2,mwc
usp0009m4j,5.5,mwc
usp0009m4n,5.5,mwc
usp0009m4u,5.9,mwc
usp0009m4z,5.8,mwc
usp0009m5w,6.0,mwc
usp0009m7w,5.9,mwc
usp0009m8d,5.7,mwc
usp0009m8g,5.8,mwc
usp0009m91,5.6,mwc
usp0009m9q,5.8,mwc
usp0009ma1,5.5,mwc
usp0009mbv,5.9,mwc
usp0009mcy,5.7,mwc
usp0009md6,5.5,mwc
usp0009md7,5.7,mwc
usp0009mdh,6.1,mwc
usp0009mej,5.7,mwc
usp0009meq,5.8,mwc
usp0009mhg,5.5,mwc
usp0009mjb,5.8,mwc
usp0009mjg,5.5,mwc
usp0009mjj,5.6,mwc
usp0009mjv,5.8,mwc
usp0009mkj,5.5,mwc
usp0009mps,6.2,mwc
usp0009msd,5.5,mwc
usp0009msf,6.7,mww
usp0009msm,6.0,mwc
usp0009msz,5.5,mwc
usp0009mt0,5.6,mwc
usp0009n0b,5.5,mwc
usp0009n0d,5.5,mwc
usp0009n3n,5.5,mwc
usp0009n4c,6.6,mww
usp0009n9a,5.5,mwc
usp0009na5,5.6,mwc
usp0009nce,5.9,mwc
usp0009ncu,5.8,mwc
usp0009nd9,6.0,mwc
usp0009ne1,5.6,mwc
usp0009ng2,5.8,mwc
usp0009njb,5.7,mwc
usp0009njq,5.9,mwc
usp0009nmd,5.6,mwc
usp0009nqn,5.7,mwc
usp0009nrx,5.7,mwc
usp0009nst,5.7,mwc
usp0009ntr,5.5,mwc
usp0009nv2,5.6,mwc
usp0009nvm,5.5,mwc
usp0009nxg,7.1,mww
usp0009ny8,5.6,mwc
usp0009nya,5.5,mwc
usp0009nzp,6.2,mwb
usp0009p0a,6.1,mwc
usp0009p28,5.7,mwc
usp0009p2v,6.0,mwc
usp0009p3a,6.0,mwc
usp0009p4d,6.0,mwc
usp0009p4h,5.8,mwc
usp0009p4j,5.6,mwc
usp0009p7z,6.3,mwc
usp0009p81,6.6,mww
usp0009p87,6.3,mwc
usp0009p8q,5.8,mwc
usp0009pb6,6.1,mwc
usp0009pcv,5.5,mwc
usp0009pfd,5.5,mwc
usp0009phb,5.2,mwc
usp0009php,5.5,mwc
usp0009pmv,6.3,mwc
usp0009pq2,5.7,mwc
usp0009pq5,5.6,mwc
usp0009pq7,5.6,mwc
usp0009pqt,5.9,mwc
usp0009ps2,5.5,mwc
usp0009ptu,5.6,mwc
usp0009pu3,5.5,mwc
usp0009pw1,5.5,mwc
usp0009pz5,5.5,mwc
usp0009pzn,5.9,mwc
usp0009q0z,5.7,mwc
usp0009q1q,5.5,mwc
usp0009q39,5.6,mwc
usp0009q9p,5.6,mwc
usp0009qb4,7.6,mww
usp0009qds,5.8,mwc
usp0009qmh,5.6,mwc
usp0009qmk,5.6,mwc
usp0009qp4,5.6,mwc
usp0009qrg,5.5,mwb
usp0009qs2,6.2,mwc
usp0009que,5.5,mwc
usp0009qy1,5.5,mwc
usp0009qyx,5.7,mwc
usp0009qyy,6.3,mwc
usp0009r0c,5.6,mwc
usp0009r4n,5.8,mwc
usp0009r5s,5.7,mwc
usp0009r89,5.9,mwc
usp0009rch,5.6,mwc
usp0009rdr,5.6,mwc
usp0009ref,5.5,mwc
usp0009rf2,5.5,mwc
usp0009rf5,5.8,mwc
usp0009rfn,5.7,mwc
usp0009rgg,6.0,mwc
usp0009rmu,6.0,mwc
usp0009rn6,5.5,mwc
usp0009rnd,5.5,mwc
usp0009rrc,6.9,mww
usp0009rrz,6.1,mwc
usp0009rs0,5.6,mwc
usp0009rs4,5.6,mwc
usp0009rwx,5.6,mwc
usp0009rx2,5.5,mwc
usp0009s2m,5.7,mwc
usp0009s3w,5.5,mwc
usp0009s4y,5.9,mwc
usp0009s69,5.6,mwc
usp0009s7k,5.5,mwc
usp0009s7z,6.0,mwc
usp0009sbh,7.5,mww
usp0009scq,5.6,mwc
usp0009sd5,6.5,mwc
usp0009sdf,5.5,mwc
usp0009se9,5.7,mwc
usp0009sg6,6.3,mwc
usp0009sj3,5.7,mwc
usp0009sjy,5.6,mwc
usp0009smb,5.6,mwc
usp0009smd,6.1,mwc
usp0009smm,5.5,mwc
usp0009smx,5.5,mwc
usp0009snn,5.6,mwc
usp0009suu,7.2,mww
usp0009sv4,6.3,mwc
usp0009sxp,5.6,mwc
usp0009syq,6.3,mwc
usp0009szt,5.5,mwc
usp0009t7g,5.5,mwc
usp0009t7j,5.6,mwc
usp0009t9n,6.0,mwc
usp0009tab,5.9,mwc
usp0009tb1,5.8,mwc
usp0009tde,5.7,mwc
usp0009tg0,6.0,mwc
usp0009tg5,5.6,mwc
usp0009tnd,5.8,mwc
usp0009ttw,6.2,mwc
usp0009tv3,5.5,mwc
usp0009tvj,6.2,mwc
usp0009txv,8.1,mww
usp0009txx,7.63,mw
usp0009ty9,6.16,mw
usp0009u0q,5.8,mwc
usp0009u15,5.8,mwc
usp0009u37,5.5,mwc
usp0009u3d,6.0,mwc
usp0009u42,6.2,mwc
usp0009u46,5.6,mwc
usp0009u4g,6.4,mwc
usp0009u50,5.9,mwc
usp0009u65,5.5,mwc
usp0009u6j,6.3,mwc
usp0009u6r,6.7,mww
usp0009u7y,5.5,mwc
usp0009u98,6.3,mwc
usp0009u9r,5.5,mwc
usp0009u9v,5.5,mwc
usp0009ua2,5.9,mwc
usp0009ua5,6.1,mwc
usp0009ub4,5.5,mwc
usp0009ub5,5.8,mwc
usp0009ub9,6.2,mwc
usp0009uc7,5.5,mwc
usp0009uc8,5.9,mwc
usp0009uch,5.5,mwc
usp0009ucq,6.4,mwc
usp0009udu,5.5,mwc
usp0009ue0,6.6,mww
usp0009uhv,5.7,mwc
usp0009uhx,6.4,mwc
usp0009uj1,5.9,mwc
usp0009ujj,5.5,mwc
usp0009uju,6.3,mwc
usp0009ukt,6.0,mwc
usp0009un5,6.1,mwc
usp0009upm,6.4,mwc
usp0009uqe,5.6,mwc
usp0009urh,6.5,mww
usp0009urj,5.77,mw
usp0009ut0,7.8,mww
usp0009uua,5.7,mwc
usp0009uum,5.6,mwc
usp0009uw8,5.8,mwc
usp0009ux8,6.5,mwc
usp0009uxy,5.9,mwc
usp0009uy4,5.5,mwc
usp0009v05,5.7,mwc
usp0009v37,6.0,mwc
usp0009v73,5.8,mwc
usp0009vck,5.5,mwc
usp0009vcx,5.6,mwc
usp0009vcz,5.9,mwc
usp0009vh7,5.7,mwc
usp0009vhb,6.1,mwc
usp0009vmj,5.7,mwc
usp0009vsb,5.6,mwc
usp0009vvf,5.5,mwc
usp0009w00,5.9,mwc
usp0009w0x,5.9,mwc
usp0009w27,5.9,mwc
usp0009w3y,5.9,mwc
usp0009w54,5.8,mwc
usp0009w57,5.7,mwc
usp0009wdb,5.6,mwc
usp0009we9,5.6,mwc
usp0009whz,6.1,mwc
usp0009wj6,5.6,mwc
usp0009wj9,5.7,mwc
usp0009wjg,5.9,mwc
usp0009wjn,5.6,mwc
usp0009wkm,6.4,mwc
usp0009wkp,6.5,mww
usp0009wm4,5.8,mwc
usp0009wmd,6.1,mwc
usp0009wpm,6.3,mwc
usp0009wra,5.7,mwc
usp0009wvy,6.0,mwc
usp0009wwb,6.4,mwc
usp0009wwn,5.7,mwc
usp0009wwr,5.5,mwc
usp0009wwu,5.8,mwc
usp0009wyk,5.5,mwc
usp0009wzc,5.7,mwc
usp0009x1y,5.6,mwc
usp0009x3g,5.7,mwc
usp0009x4h,5.9,mwc
usp0009x6k,5.5,mwc
usp0009x8d,5.6,mwc
usp0009x8e,5.5,mwc
usp0009xav,5.8,mwc
usp0009xbp,5.7,mwc
usp0009xe8,5.7,mwc
usp0009xen,5.6,mwc
usp0009xf4,6.5,mwc
usp0009xf5,5.55,mw
usp0009xhy,6.2,mwc
usp0009xj0,5.9,mwc
usp0009xjq,5.8,mwc
usp0009xkf,5.9,mwc
usp0009xm0,5.6,mwc
usp0009xp4,6.6,mww
usp0009xpc,5.6,mwc
usp0009xqm,5.6,mwc
usp0009xuj,5.8,mwc
usp0009xvz,5.6,mwc
usp0009xws,6.8,mww
usp0009xyc,5.5,mwc
usp0009xz7,5.5,mwc
usp0009xzy,7.3,mww
usp0009y1v,5.7,mwc
usp0009y2g,6.5,mwc
usp0009y2j,5.7,mwc
usp0009y52,6.3,mwc
usp0009y65,6.5,mww
usp0009y76,6.4,mwc
usp0009yar,5.9,mwc
usp0009yav,5.6,mwc
usp0009yc9,5.5,mwc
usp0009yf6,6.0,mwc
usp0009yfk,6.6,mww
usp0009yj5,5.8,mwc
usp0009ym6,5.8,mwc
usp0009ynh,5.6,mwc
usp0009ynz,5.7,mwc
usp0009ypm,5.7,mwc
usp0009ysh,5.5,mwc
usp0009ysz,5.7,mwb
usp0009ytx,5.7,mwb
usp0009yux,5.5,mwc
usp0009yvj,6.1,mwc
usp0009yyy,5.7,mwc
usp0009yz6,5.6,mwc
usp0009z1v,5.5,mwc
usp0009z1x,5.5,mwc
usp0009z3c,5.5,mwc
usp0009z3f,5.8,mwc
usp0009z7w,5.5,mwc
usp0009z8q,5.6,mwc
usp0009z9b,5.6,mwc
usp0009z9y,6.7,mww
usp0009za0,6.1,mwc
usp0009zag,6.4,mwc
usp0009zah,6.3,mwb
usp0009zf7,5.7,mwc
usp0009zh2,6.0,mwc
usp0009zj1,5.5,mwc
usp0009zjp,5.7,mwc
usp0009zka,6.0,mwc
usp0009zmj,5.8,mwc
usp0009zmv,5.5,mwc
usp0009zvz,5.8,mwc
usp0009zxf,5.5,mwc
usp0009zxx,5.7,mwc
usp0009zya,5.6,mwc
usp0009zym,5.9,mwc
usp0009zzf,5.5,mwc
usp0009zzx,5.8,mwc
usp000a00r,5.5,mwc
usp000a010,6.0,mwc
usp000a013,5.52,mw
usp000a01d,5.5,mwc
usp000a039,6.3,mwc
usp000a03h,6.1,mwc
usp000a054,6.0,mwc
usp000a08h,6.2,mwc
usp000a08q,5.5,mwc
usp000a0b0,5.5,mwc
usp000a0ba,5.5,mwc
usp000a0cp,5.8,mwc
usp000a0jh,5.5,mwc
usp000a0mn,5.6,mwc
usp000a0nr,5.5,mwc
usp000a0p3,6.2,mwc
usp000a0pe,5.5,mwc
usp000a0pf,5.7,mwc
usp000a0pu,5.5,mwc
usp000a0sc,5.9,mwc
usp000a0ty,6.3,mwc
usp000a0v2,5.9,mwc
usp000a0z2,6.4,mwc
usp000a10r,5.6,mwc
usp000a148,5.8,mwc
usp000a14k,6.4,mwc
usp000a14x,5.8,mwc
usp000a14y,5.7,mwc
usp000a166,6.3,mwc
usp000a17t,5.8,mwc
usp000a18p,6.2,mwc
usp000a18v,6.8,mww
usp000a196,5.8,mwc
usp000a1a8,6.1,mwc
usp000a1ag,6.1,mwc
usp000a1b0,6.6,mww
usp000a1dh,5.9,mwc
usp000a1eh,5.7,mwc
usp000a1gk,5.6,mwc
usp000a1j1,5.6,mwc
usp000a1kt,5.8,mwc
usp000a1ku,5.6,mwc
usp000a1m4,5.6,mwc
usp000a1pj,5.5,mwc
usp000a1s3,5.5,mwc
usp000a1ub,5.6,mwc
usp000a1zf,5.8,mwc
usp000a20a,5.5,mwc
usp000a24u,5.5,mwc
usp000a25g,6.3,mwc
usp000a25w,6.0,mwc
usp000a267,5.6,mwc
usp000a26d,5.9,mwc
usp000a26t,5.9,mwc
usp000a271,5.6,mwc
usp000a27f,5.5,mwc
usp000a283,5.7,mwc
usp000a29x,5.5,mwc
usp000a2cb,6.0,mwc
usp000a2ck,6.8,mww
usp000a2df,6.1,mwc
usp000a2f4,5.5,mwc
usp000a2fm,5.5,mwc
usp000a2ft,5.5,mwc
usp000a2g0,6.0,mwc
usp000a2gd,5.8,mwc
usp000a2h2,5.6,mwc
usp000a2j2,5.7,mwc
usp000a2mv,5.61,mw
usp000a2mw,6.9,mww
usp000a2n8,5.8,mwc
usp000a2p3,5.5,mwc
usp000a2pe,5.6,mwc
usp000a2pk,5.8,mwc
usp000a2qh,6.0,mwc
usp000a2qv,5.5,mwc
usp000a2r4,5.6,mwc
usp000a2r8,5.5,mwc
usp000a2sq,5.7,mwc
usp000a2ss,6.2,mwc
usp000a2t8,5.9,mwc
usp000a2tr,6.1,mwc
usp000a2y5,5.8,mwc
usp000a2zb,5.8,mwc
usp000a303,5.6,mwc
usp000a345,6.8,mww
usp000a34b,6.2,mw
usp000a34m,6.2,mwc
usp000a35e,5.5,mwc
usp000a373,6.5,mww
usp000a37v,5.6,mwc
usp000a38r,5.5,mwc
usp000a38s,5.7,mwc
usp000a39c,5.9,mwc
usp000a3cc,5.7,mwc
usp000a3f8,5.5,mwc
usp000a3hc,5.7,mwc
usp000a3hg,5.8,mwc
usp000a3hq,5.5,mwc
usp000a3j6,6.0,mwc
usp000a3jw,5.6,mwc
usp000a3k8,5.6,mwc
usp000a3nm,5.5,mwc
usp000a3nw,5.9,mwc
usp000a3p3,5.5,mwc
usp000a3pp,5.7,mwc
usp000a3qq,8.0,mww
usp000a3qx,5.66,mw
usp000a3r6,5.68,mw
usp000a3sp,7.8,mwc
usp000a3sq,6.39,mw
usp000a3ss,6.73,mw
usp000a3tf,5.77,mw
usp000a3ux,6.24,mw
usp000a3vh,5.61,mw
usp000a3yb,5.7,mwc
usp000a41b,5.8,mwc
usp000a422,5.7,mwc
usp000a45f,7.5,mww
usp000a45n,5.71,mw
usp000a46s,5.79,mw
usp000a470,6.6,mwc
usp000a47c,5.62,mw
usp000a481,5.7,mwc
usp000a48b,6.8,mww
usp000a49b,5.72,mw
usp000a49j,5.7,mwc
usp000a4b1,6.1,mwc
usp000a4bb,5.7,mwc
usp000a4bn,5.9,mwc
usp000a4c0,5.5,mwc
usp000a4c1,6.1,mwc
usp000a4dx,5.9,mwc
usp000a4jh,5.7,mwc
usp000a4km,6.2,mwc
usp000a4m2,5.8,mwc
usp000a4m8,6.1,mwc
usp000a4n3,5.5,mwc
usp000a4ps,5.7,mwc
usp000a4pv,5.7,mwc
usp000a4qm,5.5,mwc
usp000a4s0,5.6,mwc
usp000a4s2,6.3,mwc
usp000a4sw,5.8,mwc
usp000a4xh,5.6,mwc
usp000a4xu,6.5,mww
usp000a4xv,6.5,mwc
usp000a55b,5.5,mwc
usp000a563,6.3,mwc
usp000a5av,5.8,mwc
usp000a5ev,5.7,mwc
usp000a5fv,6.0,mwc
usp000a5gk,5.7,mwc
usp000a5hp,5.7,mwc
usp000a5jr,5.9,mwc
usp000a5m7,7.0,mww
usp000a5mp,6.5,mwc
usp000a5nb,5.8,mwc
usp000a5qn,5.5,mwc
usp000a5qs,5.5,mwc
usp000a5sx,5.8,mwc
usp000a5tw,5.5,mwc
usp000a5uc,5.5,mwc
usp000a5v3,5.7,mwc
usp000a5wv,5.43,mw
usp000a5x1,5.5,mwc
usp000a5y0,6.1,mwc
usp000a5zw,5.7,mwc
usp000a644,5.5,mwc
usp000a64f,6.0,mwc
usp000a64j,5.6,mwc
usp000a65k,5.5,mwc
usp000a66b,5.6,mwc
usp000a68h,6.5,mww
usp000a6a0,5.7,mwc
usp000a6b3,5.7,mwc
usp000a6bm,6.2,mwc
usp000a6e0,6.5,mwc
usp000a6ej,5.5,mwc
usp000a6em,5.7,mwb
usp000a6ep,6.6,mww
usp000a6fj,6.3,mwc
usp000a6fp,6.0,mwc
usp000a6gn,5.7,mwc
usp000a6gt,5.5,mwc
usp000a6hs,5.9,mwc
usp000a6j0,6.1,mwc
usp000a6kn,6.0,mwc
usp000a6mx,5.6,mwc
usp000a6q0,5.7,mwc
usp000a6qf,5.7,mwc
usp000a6rx,5.6,mwc
usp000a6sr,5.8,mwc
usp000a6ss,5.8,mwc
usp000a6ty,6.2,mwc
usp000a6xe,5.5,mwc
usp000a70h,7.5,mww
usp000a70q,6.8,mwc
usp000a729,6.4,mwc
usp000a72t,5.5,mwc
usp000a72z,6.0,mwc
usp000a73r,5.9,mwc
usp000a75k,5.7,mwc
usp000a75s,5.5,mwc
usp000a76f,5.5,mwc
usp000a76t,5.6,mwc
usp000a77e,5.7,mwc
usp000a78u,5.9,mwc
usp000a7bm,5.6,mwc
usp000a7c3,5.6,mwc
usp000a7cv,7.0,mww
usp000a7fx,6.0,mwc
usp000a7hg,5.7,mwc
usp000a7jc,5.7,mwc
usp000a7jg,5.5,mwc
usp000a7js,5.5,mwc
usp000a7m5,7.7,mww
usp000a7nc,5.9,mwc
usp000a7pp,5.7,mwc
usp000a7qb,5.6,mwc
usp000a7qf,6.4,mwc
usp000a7qw,5.8,mwc
usp000a7sp,5.7,mwc
usp000a7su,5.7,mwc
usp000a7sz,6.2,mw
usp000a7t0,6.8,mww
usp000a7tb,5.95,mw
usp000a7tj,5.7,mwc
usp000a7xe,5.5,mwc
usp000a7xu,5.6,mwc
usp000a7z5,6.0,mwc
usp000a7zn,6.3,mwc
usp000a7zr,6.0,mwc
usp000a821,5.5,mwc
usp000a82r,5.6,mwc
usp000a86j,5.8,mwc
usp000a878,5.6,mwc
usp000a88b,5.6,mwc
usp000a88c,5.6,mwc
usp000a88f,5.6,mwc
usp000a89r,5.7,mwc
usp000a8cn,5.6,mwc
usp000a8ds,7.6,mww
usp000a8ec,5.75,mw
usp000a8f9,5.6,mwc
usp000a8hg,5.5,mwc
usp000a8hm,5.8,mwc
usp000a8nt,6.2,mwc
usp000a8ty,5.6,mwc
usp000a8v1,6.0,mwc
usp000a8wj,5.7,mwc
usp000a8xg,5.5,mwc
usp000a97j,5.8,mwc
usp000a97y,5.7,mwc
usp000a98q,5.8,mwc
usp000a9b7,5.8,mwc
usp000a9be,5.5,mwc
usp000a9jv,6.5,mww
usp000a9kc,7.4,mww
usp000a9m1,5.6,mwc
usp000a9ms,5.6,mwc
usp000a9mu,6.1,mwc
usp000a9mw,6.2,mwc
usp000a9pg,5.6,mwc
usp000a9qk,6.1,mwc
usp000a9r2,5.5,mwc
usp000a9s2,5.5,mwc
usp000a9tj,5.5,mwc
usp000a9ts,6.2,mwc
usp000a9vw,6.0,mwc
usp000a9xx,5.8,mwc
usp000aa28,5.7,mwc
usp000aa29,5.7,mwc
usp000aa35,5.5,mwc
usp000aa3z,5.6,mwc
usp000aa40,5.5,mwc
usp000aa5p,5.6,mwc
usp000aa7p,5.5,mwc
usp000aa8b,7.0,mww
usp000aa92,5.8,mwc
usp000aa95,6.2,mwc
usp000aa9u,5.9,mwc
usp000aa9w,5.6,mwc
usp000aaae,6.1,mwc
usp000aadp,6.1,mwc
usp000aadq,5.6,mwc
usp000aaju,5.8,mwc
usp000aak0,5.6,mwc
usp000aake,6.8,mww
usp000aakj,6.3,mwc
usp000aam7,6.1,mwb
usp000aane,5.8,mwc
usp000aaud,5.9,mwc
usp000aauw,5.5,mwc
usp000aayc,5.5,mwc
usp000aayq,5.9,mwc
usp000ab03,6.1,mwc
usp000ab19,5.7,mwc
usp000ab2q,6.0,mwc
usp000ab72,5.8,mwc
usp000ab9k,5.6,mwc
usp000aba1,5.8,mwc
usp000abbn,5.7,mwc
usp000abdc,5.9,mwc
usp000abdy,6.0,mwc
usp000abf1,5.9,mwc
usp000abg2,5.9,mwc
usp000abgh,5.7,mwc
usp000abkr,5.3,mwc
usp000abpg,5.7,mwc
usp000abqh,6.5,mwc
usp000abqj,6.25,mw
usp000abu7,5.8,mwc
usp000abwm,5.4,mwc
usp000abx1,6.0,mwc
usp000abyg,6.8,mww
usp000ac5v,5.8,mwc
usp000ac7x,5.5,mwc
usp000ac8r,5.5,mwc
usp000ac8y,5.5,mwc
usp000acc1,5.5,mwc
usp000acdy,5.5,mwc
usp000acey,5.5,mwc
usp000acgb,5.6,mwc
usp000acjh,6.4,mwc
usp000acjz,5.5,mwc
usp000acrd,5.8,mwc
usp000acrz,6.2,mwc
usp000acta,5.5,mwc
usp000acv4,6.8,mww
usp000ad3a,5.6,mwc
usp000ad5v,6.2,mwc
usp000ad6g,5.6,mwc
usp000ad7x,5.6,mwc
usp000ad8z,6.0,mwc
usp000addb,5.6,mwc
usp000adfb,5.9,mwc
usp000adhq,5.9,mwc
usp000adht,6.0,mwc
usp000adkf,6.2,mwc
usp000adkn,6.6,mww
usp000adpm,5.6,mwc
usp000adq9,5.5,mwc
usp000adr6,5.6,mwc
usp000adrk,5.7,mwc
usp000adtu,5.5,mwc
usp000adw4,5.8,mwc
usp000adwb,5.5,mwc
usp000adxt,5.5,mwc
usp000ady8,5.7,mwc
usp000adys,5.5,mwc
usp000adzy,6.0,mwc
usp000ae04,5.7,mwc
usp000ae2r,6.8,mww
usp000ae6h,6.2,mwc
usp000ae72,5.5,mwc
usp000aebn,5.8,mwc
usp000aeex,5.7,mwc
usp000aefz,5.6,mwc
usp000aehu,5.7,mwc
usp000aehw,5.9,mwc
usp000aekg,5.5,mwc
usp000aemf,5.7,mwc
usp000aepe,5.5,mwc
usp000aepq,6.3,mwc
usp000aert,5.5,mwc
usp000aex4,5.7,mwc
usp000af09,5.6,mwc
usp000af0b,5.5,mwc
usp000af3q,5.9,mwc
usp000af4f,5.6,mwc
usp000af6x,6.0,mwc
usp000af7k,6.3,mwc
usp000afad,5.5,mwc
usp000afda,5.6,mwc
usp000afdp,5.5,mwc
usp000affm,5.4,mwc
usp000afg1,6.6,mww
usp000afgk,6.3,mwc
usp000afk5,6.4,mwc
usp000afp5,6.0,mwc
usp000afrh,5.5,mwc
usp000afry,6.4,mwc
usp000afs0,5.7,mwc
usp000afw7,5.9,mwc
usp000afyg,7.1,mww
usp000ag26,5.7,mwc
usp000ag32,6.4,mwc
usp000ag3y,6.0,mwc
usp000aga8,5.6,mwc
usp000agbw,5.6,mwc
usp000aghh,5.5,mwc
usp000agjr,5.6,mwc
usp000agks,5.9,mwc
usp000agmj,5.7,mwc
usp000agmn,5.5,mwc
usp000agn9,6.5,mwc
usp000agnt,5.9,mwc
usp000agpj,6.0,mwc
usp000agrb,6.0,mwc
usp000agrt,6.0,mwc
usp000agwe,5.8,mwc
usp000agws,5.5,mwc
usp000agxc,5.9,mwc
usp000agxn,5.7,mwc
usp000agy6,5.7,mwc
usp000ah3s,5.7,mwc
usp000ah42,5.7,mwc
usp000ah4c,5.5,mwc
usp000ah4u,5.87,mw
usp000ah4y,5.87,mw
usp000ah57,6.29,mw
usp000ah5p,5.84,mw
usp000ah5r,5.57,mw
usp000ah60,6.93,mw
usp000ah67,5.75,mw
usp000ah6z,5.78,mw
usp000ah7h,5.81,mw
usp000aham,6.0,mwc
usp000ahdd,5.7,mwc
usp000ahe3,5.5,mwc
usp000ahf3,5.5,mwc
usp000ahfr,6.7,mww
usp000ahgp,6.0,mwc
usp000ahgx,5.7,mwc
usp000ahh2,5.5,mwc
usp000ahhz,5.5,mwc
usp000ahpv,6.1,mwc
usp000ahrr,5.9,mwc
usp000ahse,6.1,mwc
usp000ahsj,5.6,mwc
usp000ahwe,5.9,mwc
usp000ahx7,5.6,mwc
usp000ahx8,6.5,mwc
usp000ahyn,6.5,mwc
usp000ahyz,5.6,mwc
usp000ahz7,5.5,mwc
usp000ahzc,6.2,mwc
usp000ahzr,5.9,mwc
usp000aj03,5.7,mwc
usp000aj0m,5.6,mwc
usp000aj1a,6.5,mww
usp000aj2g,5.5,mwc
usp000aj3s,5.6,mwc
usp000aj40,7.6,mww
usp000aj7x,6.2,mwc
usp000ajdq,5.7,mwc
usp000ajft,5.7,mwc
usp000aju9,5.5,mwc
usp000ajup,5.9,mwc
usp000ajzz,6.0,mwc
usp000ak0a,5.6,mwc
usp000ak29,5.8,mwc
usp000ak2a,6.3,mwc
usp000ak4z,5.5,mwc
usp000ak5k,5.6,mwc
usp000ak5s,6.5,mwc
usp000akg8,5.6,mwc
usp000akkb,5.5,mwc
usp000akkk,5.7,mwc
usp000akks,5.8,mwc
usp000akm3,5.7,mwc
usp000akm4,5.7,mwc
usp000akmc,5.5,mwc
usp000akru,6.3,mwc
usp000akt8,5.8,mwc
usp000akv5,5.9,mwc
usp000akvt,5.7,mwc
usp000akwv,6.8,mww
usp000akww,5.55,mw
usp000akyv,5.6,mwc
usp000am1k,5.6,mwc
usp000am2s,5.8,mwc
usp000am2x,5.6,mwc
usp000am2y,5.6,mwc
usp000am4b,5.5,mwc
usp000am52,5.5,mwc
usp000am68,5.7,mwc
usp000am9q,5.5,mwc
usp000amaj,5.5,mwc
usp000amba,5.6,mwc
usp000amcy,5.7,mwc
usp000amdw,6.4,mwc
usp000amh6,5.6,mwc
usp000amjz,5.5,mwc
usp000ammj,5.9,mwc
usp000amsn,7.2,mww
usp000amxu,6.2,mwc
usp000amxy,5.5,mwc
usp000amzu,5.8,mwc
usp000an03,6.1,mwc
usp000an2v,5.7,mwc
usp000an43,6.1,mwc
usp000an6j,5.8,mwc
usp000an6u,5.6,mwc
usp000an99,5.6,mwc
usp000an9z,5.8,mwc
usp000anf6,6.1,mwc
usp000anfz,6.3,mwc
usp000ang2,5.9,mwc
usp000angm,5.5,mwc
usp000ankb,5.8,mwc
usp000anp0,5.9,mwc
usp000ans3,5.9,mwc
usp000anzv,5.6,mwc
usp000ap03,6.5,mwc
usp000ap09,5.5,mwc
usp000ap1d,6.5,mwc
usp000ap25,5.6,mwc
usp000ap2k,5.7,mwc
usp000ap2y,5.5,mwc
usp000ap4p,5.5,mwc
usp000ap50,6.0,mwc
usp000ap7j,5.5,mwc
usp000ap7w,5.9,mwc
usp000ap8j,5.5,mwc
usp000apan,5.6,mwc
usp000apby,5.5,mwc
usp000apcx,6.0,mwc
usp000apdg,5.5,mwc
usp000apdy,5.5,mwc
usp000apg9,5.6,mwc
usp000apjy,5.6,mwc
usp000apk7,5.9,mwc
usp000apry,5.5,mwc
usp000apup,5.9,mwc
usp000apyt,6.4,mwc
usp000apz0,5.5,mwc
usp000aq0z,5.6,mwc
usp000aq1x,6.2,mwc
usp000aq2c,5.6,mwc
usp000aq3n,6.1,mwc
usp000aq3p,5.9,mwc
usp000aq46,5.6,mwc
usp000aq6a,5.7,mwc
usp000aq6k,5.9,mwc
usp000aqbn,6.2,mwc
usp000aqek,5.9,mwc
usp000aqg8,6.5,mwc
usp000aqg9,6.4,mwc
usp000aqjq,5.5,mwc
usp000aqkh,5.9,mwc
usp000aqng,5.5,mwc
usp000aqr2,5.5,mwc
usp000aqrg,6.1,mwc
usp000aqsu,6.9,mww
usp000aqv2,6.0,mwc
usp000aqw5,5.8,mwc
usp000aqxb,5.7,mwc
usp000aqys,5.5,mwc
usp000ar1k,5.6,mwc
usp000ar3u,5.8,mwc
usp000ar67,5.6,mwc
usp000ar78,7.5,mww
usp000ar9z,5.5,mwc
usp000araj,6.8,mww
usp000arb1,5.7,mwc
usp000arb5,5.5,mwc
usp000arcm,5.7,mwc
usp000ardz,5.6,mwc
usp000arp8,5.5,mwc
usp000arpj,5.8,mwc
usp000arq0,6.1,mwc
usp000arq9,5.6,mwc
usp000artq,5.6,mwc
usp000aru2,5.7,mwc
usp000ary6,5.5,mwc
usp000arys,5.6,mwc
usp000arz5,7.0,mww
usp000as0a,5.7,mwc
usp000asac,6.3,mwc
usp000asgq,5.6,mwc
usp000asgv,6.1,mwc
usp000asmb,5.5,mwc
usp000asqx,5.5,mwc
usp000asrn,5.7,mwc
usp000astb,6.1,mwc
usp000astg,6.0,mwc
usp000asty,5.5,mwc
usp000asvm,7.9,mww
usp000asvr,5.7,mw
usp000asx5,6.3,mwc
usp000at1a,5.7,mwc
usp000at1n,5.9,mwc
usp000at3t,5.6,mwc
usp000at7h,6.2,mwc
usp000ata1,5.8,mwc
usp000atay,6.3,mwc
usp000ataz,6.2,mwb
usp000atcf,6.1,mwc
usp000atfb,5.6,mwc
usp000atj6,5.7,mwc
usp000atjx,5.5,mwc
usp000atn5,6.4,mwc
usp000atq5,5.6,mwc
usp000atrz,5.5,mwc
usp000att1,5.6,mwc
usp000atv8,6.0,mwc
usp000atvy,6.5,mwc
usp000atxk,6.4,mwc
usp000atz4,5.8,mwc
usp000au0c,5.6,mwc
usp000au1e,5.7,mwc
usp000au57,5.7,mwc
usp000au69,5.6,mwc
usp000au6b,5.8,mwc
usp000au7h,5.6,mwc
usp000au90,5.5,mwc
usp000au97,6.2,mwc
usp000aubg,6.1,mwc
usp000aufv,6.1,mwc
usp000aufx,7.1,mww
usp000aujd,5.7,mwc
usp000aukp,5.5,mwc
usp000aup4,5.5,mwc
usp000ausw,6.8,mww
usp000auy9,5.6,mwc
usp000auya,5.5,mwc
usp000av16,5.6,mwc
usp000av1j,6.0,mwc
usp000av3r,5.9,mwc
usp000av52,6.8,mww
usp000av9k,5.9,mwc
usp000avby,6.2,mwc
usp000avf4,5.9,mwc
usp000avf7,6.0,mwc
usp000avfc,5.7,mwc
usp000avg4,5.6,mwc
usp000avga,5.7,mwc
usp000avmx,6.0,mwc
usp000avmy,6.3,mwc
usp000avne,5.6,mwc
usp000avpd,5.5,mwc
usp000avpp,6.2,mwc
usp000avpw,7.2,mww
usp000avqg,5.6,mwc
usp000avr3,6.0,mwc
usp000avrk,6.7,mww
usp000avtb,5.5,mwc
usp000avth,5.5,mwc
usp000avwc,5.5,mwc
usp000avya,5.6,mwc
usp000avyj,5.6,mwc
usp000avyw,5.7,mwc
usp000aw0g,5.9,mwc
usp000aw5b,5.7,mwc
usp000aw5z,6.7,mww
usp000aw7f,5.5,mwc
usp000aw7j,5.7,mwc
usp000awcv,5.6,mwc
usp000awd5,6.4,mwc
usp000awdd,5.8,mwc
usp000awfe,5.6,mwc
usp000awgh,6.0,mwc
usp000awh1,6.1,mwc
usp000awhd,6.2,mwc
usp000awkr,5.5,mwc
usp000awm9,6.4,mwc
usp000aws1,5.6,mwc
usp000awun,5.5,mwc
usp000awwf,5.5,mwc
usp000awx6,5.8,mwc
usp000awx9,5.5,mwc
usp000awya,6.2,mwc
usp000ax1b,5.5,mwc
usp000ax39,5.6,mwc
usp000ax3n,5.8,mwc
usp000ax42,5.7,mwc
usp000axbd,6.1,mwc
usp000axbf,6.2,mwc
usp000axex,5.9,mwc
usp000axf1,6.0,mwc
usp000axg6,5.3,mwc
usp000axhp,5.7,mwc
usp000axkv,5.9,mwc
usp000axmh,5.5,mwc
usp000axp7,6.5,mwc
usp000axp8,5.51,mw
usp000axpg,5.8,mwc
usp000axuy,6.6,mww
usp000axxs,5.5,mwc
usp000axyc,5.7,mwc
usp000ay39,5.5,mwc
usp000ay41,5.9,mwc
usp000ay7e,5.5,mwc
usp000ay9n,5.7,mwc
usp000ayaq,5.6,mwc
usp000ayax,5.8,mwc
usp000aye0,5.5,mwc
usp000aygf,5.8,mwc
usp000aygn,5.9,mwc
usp000ayqz,5.5,mwc
usp000ayr5,6.1,mwc
usp000ays5,5.7,mwc
usp000ayuq,5.5,mwc
usp000ayv6,5.5,mwc
usp000az1k,5.5,mwc
usp000az26,5.6,mwc
usp000az7f,5.4,mwc
usp000azb0,6.2,mwc
usp000azd1,5.5,mwc
usp000azd9,5.5,mwc
usp000azeg,5.9,mwc
usp000azgv,5.9,mwc
usp000azhb,7.3,mww
usp000azhc,7.4,mwc
usp000azmg,5.5,mwc
usp000azpj,5.5,mwc
usp000azqw,7.4,mww
usp000azud,5.6,mwc
usp000azvc,5.6,mwc
usp000azy8,5.8,mwc
usp000azzz,6.0,mwc
usp000b002,5.6,mwc
usp000b018,5.6,mwc
usp000b02z,5.8,mwc
usp000b054,5.7,mwc
usp000b09y,5.9,mwc
usp000b0b1,5.5,mwc
usp000b0bd,5.5,mwc
usp000b0f1,5.6,mwc
usp000b0fq,5.7,mwc
usp000b0ft,5.9,mwc
usp000b0hf,6.0,mwc
usp000b0hh,5.6,mwc
usp000b0hj,5.6,mwc
usp000b0hm,5.5,mwc
usp000b0j5,5.5,mwc
usp000b0ns,6.0,mwc
usp000b0p8,5.8,mwc
usp000b0q8,5.6,mwc
usp000b0un,5.5,mwc
usp000b0va,5.5,mwc
usp000b0w6,5.7,mwc
usp000b0yt,5.5,mwc
usp000b10y,6.1,mwc
usp000b12g,6.4,mwc
usp000b15n,5.6,mwc
usp000b17z,6.5,mwc
usp000b181,5.9,mwc
usp000b1e2,7.0,mww
usp000b1fz,5.6,mwc
usp000b1hz,6.4,mwc
usp000b1kz,5.9,mwc
usp000b1p9,5.7,mwc
usp000b1tu,5.7,mwc
usp000b1wh,6.2,mwc
usp000b1xc,5.6,mwc
usp000b1z0,6.2,mwc
usp000b23h,5.9,mwc
usp000b27n,6.1,mwc
usp000b283,5.9,mwc
usp000b2b7,5.4,mwc
usp000b2c0,5.5,mwc
usp000b2c9,5.6,mwc
usp000b2mv,6.5,mww
usp000b2p3,5.8,mwc
usp000b2p9,6.6,mww
usp000b2pf,5.9,mwc
usp000b2uq,6.0,mwc
usp000b2v7,5.7,mwc
usp000b2x3,5.7,mwc
usp000b2xm,5.9,mwc
usp000b30a,5.5,mwc
usp000b31p,5.6,mwc
usp000b324,5.7,mwc
usp000b326,6.2,mwc
usp000b36j,5.5,mwc
usp000b36w,5.8,mwc
usp000b37h,5.7,mwc
usp000b37m,7.0,mww
usp000b3by,5.6,mwc
usp000b3ef,5.5,mwc
usp000b3n5,5.6,mwc
usp000b3pq,5.7,mwc
usp000b3q3,5.7,mwc
usp000b3x2,5.9,mwc
usp000b3xw,5.5,mwc
usp000b3y1,6.2,mwc
usp000b3ze,5.9,mwc
usp000b41n,5.5,mwc
usp000b447,5.6,mwc
usp000b47h,5.9,mwc
usp000b499,5.5,mwc
usp000b49a,5.8,mwc
usp000b4ah,5.5,mwc
usp000b4aq,6.2,mwc
usp000b4be,5.9,mwc
usp000b4bg,6.2,mwc
usp000b4fu,5.7,mwc
usp000b4j1,5.5,mwc
usp000b4jf,5.5,mwc
usp000b4q2,5.7,mwc
usp000b4r5,5.5,mwc
usp000b4ra,5.9,mwc
usp000b4t4,5.7,mwc
usp000b4us,5.9,mwc
usp000b4v6,5.4,mwc
usp000b4vc,5.5,mwc
usp000b4xj,6.3,mwc
usp000b4yy,5.9,mwc
usp000b53c,6.0,mwc
usp000b54k,6.1,mwc
usp000b587,5.5,mwc
usp000b59f,5.5,mwc
usp000b5fj,5.9,mwc
usp000b5h4,5.6,mwc
usp000b5jw,5.6,mwc
usp000b5nz,6.2,mwc
usp000b5p1,5.6,mwc
usp000b5qv,5.6,mwc
usp000b5w1,5.6,mwc
usp000b5xa,5.5,mwc
usp000b5xb,5.7,mwc
usp000b5xk,6.0,mwc
usp000b5ya,5.5,mwc
usp000b60u,5.6,mwc
usp000b61s,5.6,mwc
usp000b628,6.6,mww
usp000b644,5.6,mwc
usp000b64q,5.5,mwc
usp000b65m,5.5,mwc
usp000b686,5.9,mwc
usp000b68d,6.4,mwc
usp000b68u,5.9,mwc
usp000b6a0,5.8,mwc
usp000b6bg,5.8,mwc
usp000b6bh,6.0,mwc
usp000b6cd,6.7,mww
usp000b6du,6.4,mwc
usp000b6eb,5.5,mwc
usp000b6hc,5.5,mwc
usp000b6ky,5.7,mwc
usp000b6ne,5.7,mwc
usp000b6pg,5.7,mwc
usp000b6pk,6.4,mww
usp000b6xc,5.6,mwc
usp000b6yb,5.5,mwc
usp000b70m,6.5,mwc
usp000b70y,6.0,mwc
usp000b73z,7.3,mww
usp000b74v,6.2,mwc
usp000b752,5.6,mwc
usp000b790,6.5,mwb
usp000b7bq,5.8,mwc
usp000b7c9,5.5,mwc
usp000b7eg,6.2,mwc
usp000b7he,5.3,mwc
usp000b7r8,5.6,mwc
usp000b7tv,5.8,mwc
usp000b7x5,5.8,mwc
usp000b81v,5.8,mwc
usp000b83k,5.8,mwc
usp000b87c,5.5,mwc
usp000b88d,5.5,mwc
usp000b8c8,5.6,mwc
usp000b8ck,6.1,mwc
usp000b8nd,5.7,mwc
usp000b8ny,5.9,mwc
usp000b8rp,5.7,mwc
usp000b8rs,5.5,mwc
usp000b8y6,5.5,mwc
usp000b8z4,5.6,mwc
usp000b8z5,5.6,mwc
usp000b90t,6.2,mwc
usp000b91j,5.2,mwc
usp000b923,6.5,mwc
usp000b96v,6.2,mwc
usp000b97b,5.8,mwc
usp000b98a,5.7,mwc
usp000b99a,5.6,mwc
usp000b99x,5.7,mwc
usp000b9ag,5.9,mwc
usp000b9e1,5.5,mwc
usp000b9ey,5.8,mwc
usp000b9gc,5.9,mwc
usp000b9hg,5.7,mwc
usp000b9k2,5.5,mwc
usp000b9k6,6.1,mwc
usp000b9ng,5.7,mwc
usp000b9pk,5.5,mwc
usp000b9r2,5.9,mwc
usp000b9tb,5.8,mwc
usp000b9tj,5.8,mwc
usp000b9u3,5.6,mwc
usp000b9w4,6.2,mwc
usp000b9w7,6.4,mww
usp000b9xr,6.2,mwc
usp000ba2y,5.5,mwc
usp000ba6g,7.6,mww
usp000ba6m,7.7,mwc
usp000ba6n,6.42,mw
usp000ba6r,5.35,mw
usp000ba6z,5.46,mw
usp000ba91,6.0,mwc
usp000bae0,5.5,mwc
usp000baev,5.3,mwc
usp000baj8,6.1,mwc
usp000bajg,5.8,mwc
usp000bak6,5.5,mwc
usp000bap0,5.8,mwc
usp000bap7,5.6,mwc
usp000batm,5.6,mwc
usp000baup,5.8,mwc
usp000bazc,5.5,mwc
usp000bb1t,5.5,mwc
usp000bb2f,6.0,mwc
usp000bb2q,5.5,mwc
usp000bb3y,5.5,mwc
usp000bb6f,5.7,mwc
usp000bb87,5.6,mwc
usp000bb9u,5.5,mwc
usp000bbb2,6.0,mwc
usp000bbhk,6.0,mwc
usp000bbhu,5.5,mwc
usp000bbmb,5.6,mwc
usp000bbnn,5.9,mwc
usp000bbpf,7.5,mww
usp000bbs8,5.6,mwc
usp000bbyp,5.5,mwc
usp000bc0z,5.5,mwc
usp000bc65,6.5,mwc
usp000bc8h,5.7,mwc
usp000bc9t,6.4,mwc
usp000bcbx,5.5,mwc
usp000bcdg,6.0,mwc
usp000bce2,5.8,mwc
usp000bcf3,5.6,mwc
usp000bcg1,6.0,mwc
usp000bck8,5.3,mwc
usp000bckq,5.7,mwc
usp000bcn0,5.5,mwc
usp000bcqe,6.0,mwc
usp000bcqu,6.4,mwc
usp000bcru,5.5,mwc
usp000bcxa,5.5,mwc
usp000bcz3,5.4,mwc
usp000bczj,5.6,mwc
usp000bczr,6.3,mwc
usp000bczs,6.1,mwc
usp000bd1x,6.3,mwc
usp000bd1z,6.3,mwc
usp000bd44,5.6,mwc
usp000bd5k,5.7,mwc
usp000bd9y,5.5,mwc
usp000bdb2,5.6,mwc
usp000bdb5,5.7,mwc
usp000bdcy,5.7,mwc
usp000bddp,5.5,mwc
usp000bdjb,5.6,mwc
usp000bdjt,5.8,mwc
usp000bdpu,5.9,mwc
usp000bdqx,6.5,mwc
usp000bdr7,6.0,mwc
usp000bdtd,6.3,mwc
usp000bdwa,5.5,mwc
usp000bdy2,6.3,mwc
usp000be08,5.6,mwc
usp000be0c,5.7,mwc
usp000be0v,5.8,mwc
usp000be3z,5.5,mwc
usp000be54,7.7,mww
usp000be5x,6.71,mw
usp000be5y,6.13,mw
usp000be73,5.9,mwc
usp000be7f,6.0,mwc
usp000be9m,5.5,mwc
usp000bec2,5.5,mwc
usp000bed7,6.9,mww
usp000bedp,6.0,mwc
usp000beg3,6.0,mwc
usp000behq,6.1,mwc
usp000bep1,6.2,mwc
usp000bep9,5.9,mwc
usp000beqt,6.2,mwc
usp000bere,6.3,mwc
usp000besw,6.1,mwc
usp000beu6,6.0,mwc
usp000bev1,6.3,mwc
usp000bexd,5.5,mwc
usp000bf0r,6.2,mwc
usp000bf29,5.5,mwc
usp000bf49,5.8,mwc
usp000bf62,5.5,mwc
usp000bf6u,6.2,mwc
usp000bf75,5.75,mw
usp000bf9f,5.7,mwc
usp000bfhd,5.5,mwc
usp000bfnu,5.5,mwc
usp000bfp1,5.6,mwc
usp000bfpq,6.1,mwc
usp000bfqg,5.7,mwc
usp000bftf,5.5,mwc
usp000bftq,5.7,mwc
usp000bfuz,7.3,mww
usp000bfvv,5.77,mw
usp000bfwd,6.3,mwc
usp000bfy7,5.6,mwc
usp000bfyf,6.4,mwc
usp000bfyt,5.6,mwc
usp000bg4f,5.69,mw
usp000bgjq,5.6,mwc
usp000bgz7,6.6,mww
usp000bh49,6.0,mwc
usp000bh4m,5.5,mwc
usp000bh5e,5.7,mwc
usp000bh5k,5.6,mwc
usp000bheq,5.7,mwc
usp000bhg4,6.2,mwc
usp000bhjt,5.8,mwc
usp000bhm7,5.6,mwc
usp000bhp1,5.6,mwc
usp000bhqn,5.9,mwc
usp000bhrf,6.7,mww
usp000bhta,5.4,mwc
usp000bhu5,5.5,mwc
usp000bhuv,5.5,mwc
usp000bhv0,6.61,mw
usp000bhv1,7.3,mww
usp000bj2e,6.3,mwc
usp000bj38,5.8,mwc
usp000bjd0,6.1,mwc
usp000bjg0,5.6,mwc
usp000bjg1,5.5,mwc
usp000bjhn,5.9,mwc
usp000bjpg,5.5,mwc
usp000bjt5,5.5,mwc
usp000bjtt,5.9,mwc
usp000bjuh,5.9,mwc
usp000bjvf,5.5,mwc
usp000bjwy,5.7,mwc
usp000bjyc,5.9,mwc
usp000bk1u,5.6,mwc
usp000bk39,5.6,mwc
usp000bk53,5.3,mwc
usp000bke2,5.9,mwc
usp000bke5,5.5,mwc
usp000bke7,6.0,mwc
usp000bkfh,5.5,mwc
usp000bkg3,6.2,mwc
usp000bkgv,5.8,mwc
usp000bkjf,6.6,mww
usp000bkjm,5.53,mw
usp000bkk7,5.5,mwc
usp000bkpm,5.5,mwc
usp000bktw,5.6,mwc
usp000bkuv,6.2,mwc
usp000bkvm,5.7,mwc
usp000bkwr,5.6,mwc
usp000bkxp,6.1,mwc
usp000bkyp,5.6,mwc
usp000bm1t,6.3,mwc
usp000bm43,5.7,mwc
usp000bm8t,5.8,mwc
usp000bmb1,5.7,mwc
usp000bmb9,5.5,mwb
usp000bmct,5.5,mwc
usp000bmd4,5.7,mwc
usp000bmds,5.5,mwc
usp000bmjd,5.9,mwc
usp000bmk3,5.4,mwc
usp000bmn2,5.3,mwc
usp000bmq9,6.3,mwc
usp000bmuc,5.6,mwc
usp000bmyx,5.5,mwc
usp000bn1f,6.5,mwc
usp000bn5h,5.6,mwc
usp000bn63,5.9,mwc
usp000bn65,5.7,mwc
usp000bn6p,5.7,mwc
usp000bn7t,5.7,mwc
usp000bn8j,5.7,mwc
usp000bn8v,5.5,mwc
usp000bn9m,6.0,mwc
usp000bn9n,5.5,mwc
usp000bn9v,5.5,mwc
usp000bna7,5.9,mwc
usp000bnbn,6.6,mww
usp000bnbt,5.7,mwc
usp000bnc1,5.5,mwc
usp000bnkx,6.2,mwc
usp000bnmd,5.7,mwc
usp000bnms,5.5,mwc
usp000bnqw,5.8,mwc
usp000bnsm,5.5,mwc
usp000bnum,5.5,mwc
usp000bnvq,7.3,mww
usp000bnwc,5.6,mwc
usp000bnwd,5.7,mwc
usp000bnx3,6.5,mwc
usp000bnyr,7.4,mww
usp000bnyx,6.07,mw
usp000bp09,5.9,mwc
usp000bp0c,5.5,mwc
usp000bp0u,5.5,mwc
usp000bp6v,5.5,mwc
usp000bpa1,6.1,mwc
usp000bpc5,6.4,mwc
usp000bprv,5.5,mwc
usp000bps7,5.8,mwc
usp000bpsf,5.6,mwc
usp000bpsp,5.2,mwc
usp000bpx7,5.6,mwc
usp000bq1x,5.6,mwc
usp000bq6z,5.5,mwc
usp000bq8a,5.5,mwc
usp000bqc9,6.3,mwc
usp000bqd0,5.6,mwc
usp000bqez,5.5,mwc
usp000bqhc,5.5,mwc
usp000bqj9,6.2,mwc
usp000bqky,5.6,mwc
usp000bqmv,5.7,mwc
usp000bqnf,5.6,mwc
usp000bqpz,5.7,mwc
usp000bqqg,5.8,mwc
usp000bqr6,6.3,mwc
usp000bqzp,5.6,mwc
usp000br01,6.6,mww
usp000br06,5.9,mwc
usp000br2v,5.6,mwc
usp000br3p,5.6,mwc
usp000br5h,5.8,mwc
usp000br9s,5.5,mwc
usp000brbp,6.3,mwc
usp000brqa,5.9,mwc
usp000brtm,6.0,mwc
usp000brtt,5.5,mwc
usp000brtu,5.6,mwc
usp000bru8,5.8,mwc
usp000brzd,5.6,mwc
usp000bs25,5.7,mwc
usp000bs4p,5.5,mwc
usp000bs9a,6.0,mwc
usp000bsas,6.3,mwc
usp000bsb7,5.8,mwc
usp000bsdd,6.8,mww
usp000bsdf,5.87,mw
usp000bsfp,5.7,mwc
usp000bshh,6.3,mwc
usp000bskv,5.8,mwc
usp000bsm6,6.2,mwc
usp000bsmq,6.3,mwc
usp000bsq5,5.9,mwc
usp000bsqr,6.0,mwc
usp000bsup,5.8,mwc
usp000bsvs,7.0,mww
usp000bswe,5.65,mw
usp000bswf,6.2,mwc
usp000bszp,6.0,mwc
usp000bt18,5.6,mwc
usp000bt3t,5.5,mwc
usp000bt40,5.6,mwc
usp000bt4h,5.5,mwc
usp000bt6q,5.5,mwc
usp000bt6u,5.8,mwc
usp000btf5,6.5,mwc
usp000btge,5.5,mwc
usp000bth8,5.8,mwc
usp000btj4,5.7,mwc
usp000btq6,6.2,mwc
usp000bts0,5.8,mwc
usp000btsh,5.5,mwc
usp000btuk,5.6,mwc
usp000btyb,6.2,mwc
usp000btzf,6.2,mwc
usp000bu56,6.3,mwc
usp000bu5m,5.6,mwc
usp000bu7q,5.7,mwc
usp000bube,5.5,mwc
usp000bucw,5.5,mwc
usp000bufy,5.9,mwc
usp000bum1,5.8,mwc
usp000bum4,5.5,mwc
usp000bunh,5.7,mwc
usp000bunp,5.8,mwc
usp000buu9,5.7,mwc
usp000buwb,5.5,mwc
usp000bux4,5.6,mwc
usp000buxb,6.1,mwc
usp000bv7s,5.6,mwc
usp000bv7v,5.5,mwc
usp000bvbg,6.4,mwc
usp000bvbx,5.5,mwc
usp000bvcx,6.6,mww
usp000bvf2,5.6,mwc
usp000bvgc,5.6,mwc
usp000bvs1,5.6,mwc
usp000bvtk,5.6,mwc
usp000bvvm,6.1,mwc
usp000bvyc,5.6,mwc
usp000bw32,6.3,mwc
usp000bw3r,5.9,mwc
usp000bw74,5.6,mwc
usp000bw78,5.5,mwc
usp000bw7f,5.9,mwc
usp000bw88,5.5,mwc
usp000bwba,5.5,mwc
usp000bwbc,6.3,mwc
usp000bwbw,5.6,mwc
usp000bwgd,6.2,mwc
usp000bwh3,5.5,mwc
usp000bwkr,6.7,mww
usp000bwm0,6.0,mwc
usp000bwm1,5.8,mwc
usp000bwmb,6.4,mwc
usp000bwnz,6.3,mwc
usp000bwpr,6.1,mwc
usp000bwv4,5.7,mwc
usp000bwvc,5.9,mwc
usp000bwxd,6.3,mwc
usp000bx1v,6.1,mwc
usp000bx2t,5.4,mwc
usp000bx6s,6.3,mwc
usp000bx7j,6.6,mww
usp000bx7m,6.0,mwc
usp000bxch,5.8,mwc
usp000bxea,5.5,mwc
usp000bxg2,5.4,mwc
usp000bxh2,5.9,mwc
usp000bxhk,6.1,mwc
usp000bxp2,5.5,mwc
usp000bxpg,6.8,mww
usp000bxph,5.74,mw
usp000bxvd,5.5,mwc
usp000bxvn,5.5,mwc
usp000bxwq,5.6,mwc
usp000bxy9,5.9,mwc
usp000bxzt,5.4,mwc
usp000bxzy,5.8,mwc
usp000by66,7.0,mww
usp000by7a,5.5,mwc
usp000by7n,6.9,mww
usp000by7z,6.9,mww
usp000by81,6.08,mw
usp000by92,5.5,mwc
usp000by9e,5.5,mwc
usp000byae,5.7,mwc
usp000bydf,6.2,mwc
usp000bye1,5.4,mwc
usp000byqg,5.6,mwc
usp000byrp,5.3,mwc
usp000bysq,5.5,mwc
usp000byzm,5.2,mwc
usp000bz00,5.9,mwc
usp000bz2c,5.6,mwc
usp000bz4n,5.7,mwc
usp000bz76,5.6,mwc
usp000bz8p,6.6,mww
usp000bzef,5.8,mwc
usp000bzhv,6.0,mwc
usp000bzpx,6.2,mwc
usp000bzqu,5.5,mwc
usp000bzs6,5.7,mwc
usp000bzt5,5.7,mwc
usp000bzvk,5.7,mwc
usp000bzyd,6.5,mww
usp000c015,5.5,mwc
usp000c01m,6.9,mww
usp000c08j,5.5,mwc
usp000c097,5.6,mwc
usp000c0ag,7.0,mww
usp000c0bb,6.8,mwc
usp000c0f8,5.8,mwc
usp000c0rc,6.8,mww
usp000c0u3,5.5,mwc
usp000c0wf,5.7,mwc
usp000c10k,5.9,mwc
usp000c15v,6.3,mwc
usp000c19n,5.7,mwc
usp000c1b2,5.4,mwc
usp000c1d9,6.0,mwc
usp000c1ej,6.0,mwc
usp000c1fm,5.6,mwc
usp000c1gx,5.9,mwc
usp000c1hr,6.0,mwc
usp000c1je,5.7,mwc
usp000c1kd,6.1,mwc
usp000c1mf,5.5,mwc
usp000c1tz,5.7,mwc
usp000c1uk,5.7,mwc
usp000c1vn,5.8,mwc
usp000c1xd,5.6,mwc
usp000c21r,5.6,mwc
usp000c22u,5.5,mwc
usp000c251,5.8,mwc
usp000c253,5.7,mwc
usp000c27q,5.9,mwc
usp000c2bg,5.5,mwc
usp000c2bk,5.5,mwc
usp000c2gn,5.5,mwc
usp000c2k4,6.5,mwc
usp000c2ka,7.6,mww
usp000c2m3,5.74,mw
usp000c2rt,6.0,mwc
usp000c2x1,5.8,mwc
usp000c30q,6.3,mwc
usp000c30u,5.9,mwc
usp000c317,5.6,mwc
usp000c31a,5.5,mwc
usp000c322,5.9,mwc
usp000c356,5.6,mwc
usp000c35u,5.5,mwc
usp000c37v,5.8,mwc
usp000c3a7,6.4,mwc
usp000c3ay,5.5,mwc
usp000c3bu,6.1,mwc
usp000c3bz,5.5,mwc
usp000c3e1,5.7,mwc
usp000c3e2,5.5,mwc
usp000c3ex,5.7,mwc
usp000c3ey,5.5,mwc
usp000c3f7,6.6,mww
usp000c3fr,6.7,mww
usp000c3gh,6.0,mwc
usp000c3gj,5.5,mwc
usp000c3jj,5.6,mwc
usp000c3nw,5.5,mwc
usp000c3se,5.3,mwc
usp000c3sp,5.5,mwc
usp000c3ts,5.5,mwc
usp000c3xg,5.8,mwc
usp000c40m,5.5,mwc
usp000c41b,5.6,mwc
usp000c41f,7.5,mww
usp000c43j,5.61,mw
usp000c45h,5.4,mwc
usp000c4kv,6.0,mwc
usp000c4kx,5.58,mw
usp000c4m0,5.7,mwc
usp000c4mz,5.9,mwc
usp000c4nb,6.0,mwc
usp000c4tt,6.3,mwc
usp000c4vq,5.5,mwc
usp000c4w3,5.9,mwc
usp000c54q,5.5,mwc
usp000c58m,5.5,mwc
usp000c5f9,5.5,mwc
usp000c5gh,5.9,mwc
usp000c5h6,7.3,mww
usp000c5hb,5.93,mw
usp000c5hr,6.0,mw
usp000c5pr,5.4,mwc
usp000c5td,5.5,mwc
usp000c5vz,6.0,mwc
usp000c5xu,5.6,mwc
usp000c5zs,5.5,mwc
usp000c60c,5.7,mwc
usp000c60p,5.5,mwc
usp000c62d,5.4,mwc
usp000c632,5.6,mwc
usp000c63p,6.2,mwc
usp000c63v,6.0,mwc
usp000c64x,5.5,mwc
usp000c657,5.4,mwc
usp000c659,5.5,mwc
usp000c65e,5.5,mwc
usp000c66n,5.5,mwc
usp000c683,6.0,mwc
usp000c69a,5.5,mwc
usp000c6c5,5.5,mwc
usp000c6dn,6.1,mwc
usp000c6f4,5.8,mwc
usp000c6g8,5.7,mwc
usp000c6ju,6.4,mwc
usp000c6qd,5.5,mwc
usp000c6sr,5.7,mwc
usp000c6sy,5.9,mwc
usp000c6tr,5.5,mwc
usp000c6vt,6.0,mwc
usp000c6wy,5.6,mwc
usp000c6x5,5.7,mwc
usp000c6zr,5.9,mwb
usp000c6zs,6.4,mwc
usp000c6zw,5.98,mw
usp000c726,5.8,mwc
usp000c762,5.8,mwc
usp000c77a,5.5,mwc
usp000c77c,5.5,mwc
usp000c79y,6.0,mwc
usp000c7at,6.0,mwc
usp000c7b3,5.5,mwc
usp000c7b6,5.5,mwc
usp000c7bv,5.9,mwc
usp000c7c1,5.6,mwc
usp000c7gv,5.7,mwc
usp000c7q3,5.6,mwc
usp000c7vq,5.7,mwc
usp000c827,5.7,mwc
usp000c844,5.4,mwc
usp000c85s,5.5,mwc
usp000c87f,6.6,mww
usp000c88v,6.0,mwc
usp000c89d,6.4,mwc
usp000c89h,5.6,mwc
usp000c8bw,5.8,mwc
usp000c8kq,5.7,mwc
usp000c8m0,5.72,mw
usp000c8m8,5.84,mw
usp000c8mb,7.4,mwc
usp000c8mx,5.82,mw
usp000c8ng,5.78,mw
usp000c8p3,5.9,mwc
usp000c8qw,5.9,mwc
usp000c8sz,7.2,mww
usp000c8uv,6.4,mwc
usp000c8ve,5.7,mwc
usp000c8vy,5.6,mwc
usp000c8xd,5.6,mwc
usp000c90r,6.5,mwc
usp000c929,5.5,mwc
usp000c934,5.6,mwc
usp000c94j,5.5,mwc
usp000c94m,6.0,mwc
usp000c95e,6.4,mwc
usp000c95m,6.0,mwc
usp000c963,5.5,mwc
usp000c96b,5.6,mwc
usp000c96t,6.6,mww
usp000c9k0,5.8,mwc
usp000c9sp,5.8,mwc
usp000c9sy,5.5,mwc
usp000c9tt,6.1,mwc
usp000c9x7,6.7,mww
usp000c9xs,5.9,mwc
usp000c9yp,5.8,mwc
usp000c9za,5.6,mwc
usp000ca12,6.0,mwc
usp000ca40,5.8,mwc
usp000ca43,5.4,mwc
usp000ca5u,5.6,mwc
usp000ca5w,5.7,mwc
usp000caa0,6.0,mwc
usp000cadd,5.9,mwc
usp000cagn,5.6,mwc
usp000caku,6.4,mwc
usp000camy,5.7,mwc
usp000caqx,6.4,mwc
usp000caw2,5.5,mwc
usp000cazj,5.6,mwc
usp000cb09,6.3,mwc
usp000cb2c,5.6,mwc
usp000cb2d,5.8,mwc
usp000cb2t,5.6,mwc
usp000cb48,5.9,mwc
usp000cb83,5.8,mwc
usp000cb84,5.8,mwc
usp000cbej,6.0,mwc
usp000cbf2,5.5,mwc
usp000cbgh,5.8,mwc
usp000cbk0,5.5,mwc
usp000cbm5,5.9,mwc
usp000cbm8,5.7,mwc
usp000cbpa,6.9,mww
usp000cbtq,5.8,mwc
usp000cbvu,6.4,mwc
usp000cbwp,5.5,mwc
usp000cc35,5.6,mwc
usp000cc36,5.9,mwc
usp000cc6h,5.8,mwc
usp000cc6u,6.5,mww
usp000cc8q,5.4,mwc
usp000cc9z,5.6,mwc
usp000ccfw,5.8,mwc
usp000ccg3,6.7,mww
usp000ccm6,6.0,mwc
usp000ccmj,6.1,mwc
usp000ccmw,5.9,mwc
usp000ccng,6.2,mwc
usp000ccnr,5.6,mwc
usp000ccp2,5.6,mwc
usp000ccpg,6.3,mwc
usp000ccrk,5.9,mwc
usp000ccua,6.1,mwc
usp000ccvq,5.7,mwc
usp000ccvr,5.6,mwc
usp000ccws,5.7,mwc
usp000ccwu,5.5,mwc
usp000cd1n,7.7,mww
usp000cd1y,5.68,mw
usp000cd85,5.5,mwc
usp000cd9f,5.8,mwc
usp000cdb4,6.5,mwc
usp000cdf7,5.6,mwc
usp000cdg7,5.9,mwc
usp000cdhs,5.5,mwc
usp000cdrw,5.7,mwc
usp000cdts,5.8,mwc
usp000cduz,5.6,mwc
usp000cdw2,6.7,mww
usp000cdx7,5.5,mwc
usp000cdyg,5.6,mwc
usp000cdzf,5.7,mwc
usp000ce07,5.6,mwc
usp000ce34,5.5,mwc
usp000ce5e,5.4,mwc
usp000ce82,5.5,mwc
usp000ce8k,6.0,mwc
usp000cedh,5.4,mwc
usp000cedx,5.9,mwc
usp000cekm,5.5,mwc
usp000ceks,6.6,mww
usp000ceuf,5.6,mwc
usp000cevy,6.2,mwc
usp000cexg,6.8,mww
usp000ceyq,5.6,mwc
usp000ceyy,5.5,mwc
usp000cezx,5.5,mwc
usp000cf0m,5.4,mwc
usp000cf2x,5.7,mwc
usp000cfd3,5.7,mwc
usp000cffv,5.9,mwc
usp000cfjn,5.5,mwc
usp000cfm2,5.6,mwc
usp000cfqj,6.6,mww
usp000cfsm,5.6,mwc
usp000cfuv,5.7,mwc
usp000cfw0,5.6,mwc
usp000cfwp,5.7,mwc
usp000cfy1,5.4,mwc
usp000cfzw,6.5,mwc
usp000cg0q,5.8,mwc
usp000cg1p,6.5,mwc
usp000cg1w,5.9,mwc
usp000cg2d,6.6,mww
usp000cg3h,5.5,mwc
usp000cg53,5.7,mwc
usp000cg55,6.7,mww
usp000cg6m,6.1,mwc
usp000cg90,7.3,mww
usp000cgae,6.7,mww
usp000cgag,6.3,mwc
usp000cgbn,5.5,mwc
usp000cgbp,5.8,mwc
usp000cge1,5.5,mwc
usp000cgeb,6.1,mwc
usp000cgf9,5.7,mwc
usp000cghw,5.9,mwc
usp000cgp4,5.5,mwc
usp000cgq5,5.5,mwc
usp000cgss,5.8,mwc
usp000cgt8,6.1,mwc
usp000cgtd,5.7,mwc
usp000cgxu,6.0,mwc
usp000cgxv,6.1,mwc
usp000cgxw,5.8,mwc
usp000cgxx,6.4,mwc
usp000cgyf,5.5,mwc
usp000cgz9,7.1,mww
usp000cgzc,6.02,mw
usp000cgzd,5.61,mw
usp000ch64,5.5,mwc
usp000chc9,5.5,mwc
usp000chcz,5.6,mwc
usp000chfs,5.7,mwc
usp000chhr,6.3,mwc
usp000chja,5.5,mwc
usp000chjs,5.6,mwc
usp000chmx,6.2,mwc
usp000chnc,5.9,mwc
usp000chnf,6.0,mwc
usp000chpk,5.4,mwc
usp000chrr,5.8,mwc
usp000chug,5.5,mwc
usp000chxg,5.6,mwc
usp000chxj,6.2,mwc
usp000cj10,5.6,mwc
usp000cj1g,6.2,mwc
usp000cj6d,5.6,mwc
usp000cj89,5.5,mwc
usp000cja9,5.5,mwc
usp000cje7,5.5,mwc
usp000cjg1,5.6,mwc
usp000cjga,5.5,mwc
usp000cjk2,5.8,mwc
usp000cjn2,6.7,mww
usp000cjqa,5.6,mwc
usp000cjta,5.7,mwc
usp000cjum,5.5,mwc
usp000cjvs,5.7,mwc
usp000cjwh,6.6,mww
usp000cjx0,5.5,mwc
usp000cjx7,6.1,mwc
usp000cjxv,5.5,mwc
usp000cjyt,5.5,mwc
usp000ck2z,5.5,mwc
usp000ck3q,5.5,mwc
usp000ck5v,5.7,mwc
usp000ckbz,5.9,mwc
usp000ckct,5.8,mwc
usp000ckd6,6.1,mwc
usp000ckg7,7.0,mww
usp000ckga,5.9,mwc
usp000ckh1,5.6,mwc
usp000ckks,7.2,mww
usp000cknu,5.5,mwc
usp000ckq7,6.7,mww
usp000ckqy,5.5,mwc
usp000cksm,5.4,mwc
usp000ckyh,5.7,mwc
usp000ckyn,5.7,mwc
usp000cm1s,5.7,mwc
usp000cm2k,5.5,mwc
usp000cm59,5.4,mwc
usp000cmdd,5.5,mwc
usp000cmfn,5.9,mwc
usp000cmn7,5.9,mwc
usp000cmqq,6.7,mww
usp000cmt2,6.0,mwc
usp000cmuh,5.6,mwc
usp000cmw1,6.1,mwc
usp000cmxe,6.3,mwc
usp000cn6w,5.5,mwc
usp000cn8c,5.7,mwc
usp000cn8v,5.7,mwc
usp000cnck,5.6,mwc
usp000cnd7,5.5,mwc
usp000cndk,6.3,mwc
usp000cne1,5.8,mwc
usp000cnfp,5.6,mwc
usp000cnsj,5.1,mwc
usp000cnw5,6.2,mwc
usp000cp32,5.5,mwc
usp000cp43,5.4,mwc
usp000cp4k,5.6,mwc
usp000cp79,5.5,mwc
usp000cp7x,5.5,mwc
usp000cp9h,5.6,mwc
usp000cpb1,5.8,mwc
usp000cpbk,5.6,mwc
usp000cpbw,5.6,mwc
usp000cpf0,5.6,mwc
usp000cpf2,6.0,mwc
usp000cpfq,5.6,mwc
usp000cpgc,5.9,mwc
usp000cphb,5.8,mwc
usp000cphf,6.2,mwc
usp000cpj1,5.7,mwc
usp000cpsp,5.9,mwc
usp000cpst,5.6,mwc
usp000cpy2,5.6,mwc
usp000cpy4,5.9,mwc
usp000cpzt,5.5,mwc
usp000cq4u,6.1,mwc
usp000cq54,6.0,mwc
usp000cq59,5.5,mwc
usp000cq5v,5.5,mwc
usp000cq67,5.0,mwc
usp000cq9m,6.2,mwc
usp000cqd6,5.7,mwc
usp000cqep,5.5,mwc
usp000cqkh,5.7,mwc
usp000cqqb,5.4,mwc
usp000cqqf,5.7,mwc
usp000cqr9,5.3,mwc
usp000cqv6,5.6,mwc
usp000cqvt,5.6,mwc
usp000cqy3,5.8,mwc
usp000cr05,5.7,mwc
usp000cr1m,6.0,mwc
usp000cr2z,5.6,mwc
usp000crb6,5.5,mwc
usp000crh2,5.6,mwc
usp000crhe,5.5,mwc
usp000crju,5.5,mwc
usp000crka,5.6,mwc
usp000crmc,6.0,mwc
usp000crrg,5.5,mwc
usp000crt0,5.9,mwc
usp000crt6,6.5,mwc
usp000cry3,5.5,mwc
usp000crz0,6.4,mwc
usp000crzg,5.5,mwc
usp000cs1g,5.4,mwc
usp000cs2y,6.4,mwc
usp000cs4k,5.5,mwc
usp000cs4y,5.7,mwc
usp000cs5q,5.7,mwc
usp000cs7z,6.2,mwc
usp000cs8z,6.1,mwc
usp000cscq,5.5,mwc
usp000csed,6.0,mwc
usp000cseh,6.1,mwc
usp000csf4,5.7,mwc
usp000csgu,5.9,mwc
usp000csk2,6.1,mwc
usp000csk5,5.7,mwc
usp000csma,5.6,mwc
usp000csn2,5.6,mwc
usp000csp0,5.9,mwc
usp000csp7,5.5,mwc
usp000csps,6.0,mwc
usp000csrm,5.6,mwc
usp000css9,5.6,mwc
usp000cssr,5.8,mwc
usp000cst3,5.6,mwc
usp000csx2,5.6,mwc
usp000ct3w,6.0,mwc
usp000ct3x,5.7,mwc
usp000ct4r,6.0,mwc
usp000ct64,6.7,mww
usp000ct95,5.7,mwc
usp000ctb6,5.8,mwc
usp000ctb9,5.6,mwc
usp000ctbn,5.8,mwc
usp000ctf8,5.8,mwc
usp000ctkv,6.0,mwc
usp000ctmq,5.6,mwc
usp000ctnq,5.7,mwc
usp000ctpz,6.2,mwc
usp000ctzb,5.6,mwc
usp000cu1z,6.6,mww
usp000cu24,5.7,mwc
usp000cu3m,5.6,mwc
usp000cu4k,5.3,mwc
usp000cu70,5.9,mwc
usp000cu7w,5.5,mwc
usp000cu8f,5.5,mwc
usp000cu9t,5.6,mwc
usp000cu9x,5.5,mwc
usp000cua1,5.6,mwc
usp000cub5,6.3,mwc
usp000cucb,5.5,mwc
usp000cueg,5.5,mwc
usp000cuq1,5.5,mwc
usp000cur8,6.1,mwc
usp000cusz,5.5,mwc
usp000cuxg,6.4,mwc
usp000cuyd,5.8,mwb
usp000cv0g,5.5,mwc
usp000cv53,5.5,mwc
usp000cv69,5.5,mwc
usp000cv6g,5.7,mwc
usp000cv73,5.6,mwc
usp000cv79,5.8,mwc
usp000cv7a,5.8,mwc
usp000cv7b,5.8,mwc
usp000cvj3,6.2,mwc
usp000cvpf,5.4,mwc
usp000cvv6,5.5,mwc
usp000cw3g,5.8,mwc
usp000cwcf,5.6,mwc
usp000cwd0,5.5,mwc
usp000cwf9,6.3,mwc
usp000cwgp,5.8,mwc
usp000cwj8,6.3,mwc
usp000cwnb,5.5,mwc
usp000cwnu,5.9,mwc
usp000cwvf,5.7,mwc
usp000cwwx,6.1,mwc
usp000cwy4,5.6,mwc
usp000cwyk,5.8,mwc
usp000cx1p,5.5,mwc
usp000cx1y,5.6,mwc
usp000cx7y,5.8,mwc
usp000cxe0,5.8,mwc
usp000cxe5,5.5,mwc
usp000cxhv,6.4,mwc
usp000cxk4,5.9,mwc
usp000cxkw,6.9,mww
usp000cxm8,5.8,mwc
usp000cxmk,5.6,mwc
usp000cxvg,5.7,mwc
usp000cxx9,5.5,mwc
usp000cxxg,5.9,mwc
usp000cxyk,5.9,mwc
usp000cy29,5.6,mwc
usp000cy9v,5.8,mwc
usp000cygr,5.9,mwc
usp000cyht,5.6,mwc
usp000cyqg,6.1,mwc
usp000cz2q,5.6,mwc
usp000cz4q,6.3,mwc
usp000cz5a,5.4,mwc
usp000cza8,6.2,mwc
usp000czam,6.2,mwc
usp000czaq,5.8,mwc
usp000czb6,5.6,mwc
usp000czb7,5.6,mwc
usp000czc5,5.7,mwc
usp000czck,5.5,mwc
usp000czds,5.7,mwc
usp000czr9,5.8,mwb
usp000czs4,6.3,mwc
usp000czsn,5.6,mwc
usp000czsw,5.9,mwc
usp000czvs,5.6,mwc
usp000czza,6.2,mwc
usp000czzd,6.1,mwc
usp000d03x,5.3,mwc
usp000d06r,5.76,mw
usp000d06s,7.0,mww
usp000d07f,5.7,mwc
usp000d0a7,6.2,mwc
usp000d0an,5.6,mwc
usp000d0b0,5.7,mwc
usp000d0d2,5.4,mwc
usp000d0fx,6.3,mwc
usp000d0hb,5.8,mwc
usp000d0j8,5.9,mwc
usp000d0pa,6.0,mwc
usp000d0th,5.5,mwc
usp000d0v4,7.3,mww
usp000d0vh,5.6,mwc
usp000d0zn,6.5,mwc
usp000d0zp,5.58,mw
usp000d109,5.6,mwc
usp000d11k,5.8,mwc
usp000d12s,5.4,mwc
usp000d13k,5.6,mwc
usp000d14t,5.4,mwc
usp000d15q,5.6,mwc
usp000d18c,5.6,mwc
usp000d199,6.0,mwc
usp000d19e,5.8,mwc
usp000d19y,5.5,mwc
usp000d1e2,5.6,mwc
usp000d1g6,5.6,mwc
usp000d1gr,5.5,mwc
usp000d1mn,5.6,mwc
usp000d1p9,5.9,mwc
usp000d1pm,5.8,mwc
usp000d1py,5.6,mwc
usp000d1v6,6.0,mwc
usp000d1vp,5.5,mwc
usp000d1vq,5.6,mwc
usp000d1yj,5.7,mwc
usp000d20g,5.7,mwc
usp000d26a,5.4,mwc
usp000d2ae,5.6,mwc
usp000d2cj,5.8,mwc
usp000d2ep,5.4,mwc
usp000d2kp,5.5,mwc
usp000d2pj,5.4,mwc
usp000d2sa,5.5,mwc
usp000d2xr,5.8,mwc
usp000d30e,6.5,mww
usp000d311,5.6,mwc
usp000d312,5.6,mwc
usp000d315,5.6,mwc
usp000d357,5.5,mwc
usp000d371,5.7,mwc
usp000d39u,5.7,mwc
usp000d3ar,5.7,mwc
usp000d3bv,5.8,mwc
usp000d3f0,5.6,mwc
usp000d3fm,6.0,mwc
usp000d3g1,5.5,mwc
usp000d3j8,5.7,mwc
usp000d3je,5.9,mwc
usp000d3ka,7.2,mww
usp000d3mb,7.4,mww
usp000d3ns,5.7,mwc
usp000d3qv,6.8,mww
usp000d3r9,5.8,mwc
usp000d3rf,5.7,mwc
usp000d3rh,5.5,mwc
usp000d3sj,5.6,mwc
usp000d3sk,5.6,mwc
usp000d3sx,6.6,mww
usp000d3up,6.1,mwc
usp000d3uu,5.7,mwc
usp000d3vf,5.6,mwc
usp000d3wt,5.9,mwc
usp000d3x4,6.1,mwc
usp000d3xa,5.6,mwc
usp000d3zr,5.9,mwc
usp000d40p,5.6,mwc
usp000d43u,6.1,mwc
usp000d463,5.6,mwc
usp000d467,5.9,mwc
usp000d47v,5.6,mwc
usp000d49c,5.3,mwc
usp000d4bh,5.9,mwc
usp000d4bk,5.5,mwc
usp000d4fj,5.7,mwc
usp000d4hk,5.6,mwc
usp000d4mf,5.6,mwc
usp000d4p2,6.2,mwc
usp000d4pc,5.5,mwc
usp000d4vq,5.5,mwc
usp000d4wx,5.9,mwc
usp000d4za,5.9,mwc
usp000d4zn,5.9,mwc
usp000d565,5.5,mwc
usp000d580,6.4,mwc
usp000d593,5.8,mwc
usp000d59e,5.5,mwc
usp000d5g6,5.6,mwc
usp000d5gd,5.6,mwc
usp000d5j2,5.9,mwc
usp000d5q0,5.5,mwc
usp000d5s5,6.0,mwc
usp000d5t0,5.4,mwc
usp000d5w4,5.8,mwc
usp000d5x0,6.2,mwc
usp000d5xb,5.5,mwc
usp000d5z5,5.6,mwc
usp000d600,6.7,mww
usp000d60h,6.4,mwc
usp000d60q,5.8,mwc
usp000d62v,5.7,mwc
usp000d63h,6.9,mww
usp000d63u,5.9,mwc
usp000d648,5.4,mwc
usp000d66e,5.8,mwc
usp000d67a,5.9,mwc
usp000d67g,5.6,mwc
usp000d68y,5.4,mwc
usp000d6b7,5.5,mwc
usp000d6b9,5.8,mwc
usp000d6dm,6.6,mww
usp000d6gu,5.8,mwc
usp000d6rb,6.1,mwc
usp000d6u8,5.5,mwc
usp000d6vc,5.6,mwc
usp000d6vk,6.5,mww
usp000d6vn,6.1,mwc
usp000d6vq,5.8,mwc
usp000d6vu,6.3,mwc
usp000d6w3,5.6,mwc
usp000d6w7,5.7,mwc
usp000d6w8,5.7,mwc
usp000d6yn,5.5,mwc
usp000d6zg,5.5,mwc
usp000d70d,5.6,mwc
usp000d70z,5.5,mwc
usp000d72p,5.6,mwc
usp000d738,5.6,mwc
usp000d73v,5.4,mwc
usp000d750,5.6,mwc
usp000d754,6.2,mwc
usp000d755,5.5,mwc
usp000d75k,5.9,mwc
usp000d778,5.8,mwc
usp000d7ad,5.4,mwc
usp000d7bk,5.7,mwc
usp000d7gw,5.6,mwc
usp000d7h4,6.6,mww
usp000d7h7,5.6,mwc
usp000d7kq,6.0,mwc
usp000d7pf,5.8,mwc
usp000d7qk,5.9,mwc
usp000d7rf,5.7,mwc
usp000d7ut,6.1,mwc
usp000d7uz,5.7,mwc
usp000d7x5,5.5,mwc
usp000d7ye,5.6,mwc
usp000d7yk,6.3,mwc
usp000d81n,5.5,mwc
usp000d81v,6.9,mww
usp000d832,5.5,mwc
usp000d84b,5.7,mwc
usp000d84n,6.1,mwc
usp000d854,5.9,mwb
usp000d855,6.6,mww
usp000d85g,7.5,mww
usp000d85q,5.66,mw
usp000d860,6.34,mw
usp000d88b,6.0,mwc
usp000d895,5.7,mwc
usp000d8a3,5.4,mwc
usp000d8a4,5.6,mwc
usp000d8an,5.8,mwc
usp000d8bk,5.8,mwc
usp000d8bt,5.6,mwc
usp000d8f8,5.5,mwc
usp000d8gx,7.1,mww
usp000d8k4,6.1,mwc
usp000d8nw,5.8,mwc
usp000d8nz,6.5,mww
usp000d8q9,5.7,mwc
usp000d8t5,5.3,mwc
usp000d8tf,6.4,mwc
usp000d8uu,6.3,mwc
usp000d8w1,5.9,mwc
usp000d8w3,6.3,mwc
usp000d8ze,7.1,mww
usp000d905,5.5,mwc
usp000d929,5.9,mwc
usp000d975,7.1,mww
usp000d98w,5.6,mwc
usp000d9ad,5.5,mwc
usp000d9bd,5.6,mwc
usp000d9d4,5.8,mwc
usp000d9f2,6.6,mww
usp000d9fy,6.1,mwc
usp000d9h1,7.0,mww
usp000d9h3,5.9,mwr
usp000d9rr,5.6,mwc
usp000d9sb,5.6,mwc
usp000d9sd,5.7,mwc
usp000d9un,5.8,mwc
usp000d9x7,5.7,mwc
usp000da6m,6.7,mww
usp000da6v,6.1,mwc
usp000daa4,5.6,mwc
usp000dad6,5.7,mwc
usp000dads,5.5,mwc
usp000daex,5.5,mwc
usp000daj4,5.4,mwc
usp000dam2,5.5,mwc
usp000damd,6.0,mwc
usp000danq,5.7,mwc
usp000daqt,6.8,mww
usp000daw2,5.8,mwc
usp000day2,6.2,mwc
usp000dayd,5.6,mwc
usp000daz4,5.8,mwc
usp000daz7,5.8,mwc
usp000db0b,5.3,mwc
usp000db15,5.7,mwc
usp000db1k,5.8,mwc
usp000db2h,5.5,mwc
usp000db2s,5.8,mwc
usp000db5d,5.6,mwc
usp000db7t,6.1,mwc
usp000db93,8.1,mww
usp000db9t,5.93,mw
usp000dbbm,5.8,mwc
usp000dbeg,6.27,mw
usp000dbeh,6.1,mw
usp000dbej,6.08,mw
usp000dbek,5.75,mw
usp000dbem,5.55,mw
usp000dbeq,5.87,mw
usp000dbet,6.09,mw
usp000dbew,5.69,mw
usp000dbex,5.77,mw
usp000dbez,5.75,mw
usp000dbf0,5.93,mw
usp000dbf1,5.55,mw
usp000dbf6,5.89,mw
usp000dbf9,5.73,mw
usp000dbfc,6.54,mw
usp000dbfg,5.58,mw
usp000dbfj,5.92,mw
usp000dbfp,5.68,mw
usp000dbfv,5.72,mw
usp000dbfz,5.56,mw
usp000dbg1,5.92,mw
usp000dbg6,7.2,mwc
usp000dbgy,6.02,mw
usp000dbha,5.37,mw
usp000dbhc,5.6,mw
usp000dbhj,5.98,mw
usp000dbhk,5.5,mw
usp000dbj1,6.6,mwc
usp000dbjf,6.3,mwc
usp000dbjg,6.3,mwc
usp000dbjp,6.33,mw
usp000dbjw,6.2,mwc
usp000dbkh,5.9,mwc
usp000dbkr,5.7,mwc
usp000dbku,6.0,mwc
usp000dbmt,5.5,mwc
usp000dbnf,5.5,mwc
usp000dbnm,5.6,mwc
usp000dbnp,5.7,mwc
usp000dbnq,6.1,mwc
usp000dbpc,5.5,mwc
usp000dbph,5.69,mw
usp000dbrx,5.8,mwc
usp000dbry,5.5,mwc
usp000dbs0,5.8,mwc
usp000dbsx,5.6,mwc
usp000dbu7,5.6,mwc
usp000dbud,5.5,mwc
usp000dbuk,5.6,mwc
usp000dbuz,6.0,mwc
usp000dbv0,5.7,mwc
usp000dbv2,5.7,mwc
usp000dbwy,5.6,mwc
usp000dbyv,5.5,mwc
usp000dbz8,5.8,mwc
usp000dbzb,5.7,mwc
usp000dc10,5.5,mwc
usp000dc1w,5.7,mwc
usp000dc2s,5.8,mwc
usp000dc3a,5.9,mwc
usp000dc3b,6.0,mwc
usp000dc3q,6.2,mwb
usp000dc3r,5.9,mwc
usp000dc4c,5.6,mwc
usp000dc4e,5.7,mwc
usp000dc55,5.4,mwc
usp000dc5b,5.5,mwc
usp000dc7k,5.7,mwc
usp000dc8j,6.1,mwc
usp000dc9j,5.6,mwc
usp000dc9q,6.0,mwc
usp000dcae,5.9,mwc
usp000dcb7,5.7,mwc
usp000dcba,5.7,mwc
usp000dcbh,6.7,mww
usp000dcc6,5.5,mwc
usp000dccn,6.1,mwc
usp000dccu,5.5,mwc
usp000dcdw,5.8,mwc
usp000dceg,6.4,mwc
usp000dcg9,6.0,mwc
usp000dchh,5.9,mwc
usp000dcja,5.6,mwc
usp000dck5,5.1,mwc
usp000dcm0,5.9,mwc
usp000dcme,5.6,mwc
usp000dcmf,5.5,mwc
usp000dcmh,5.4,mwc
usp000dcmq,5.7,mwc
usp000dcmr,5.5,mwc
usp000dcmy,5.6,mwc
usp000dcnk,5.5,mwc
usp000dcty,5.6,mwc
usp000dcxu,6.0,mwc
usp000dcy1,5.5,mwc
usp000dd0h,5.5,mwc
usp000dd5a,6.9,mww
usp000dd6y,5.5,mwc
usp000ddaa,6.1,mwc
usp000ddbj,5.6,mwc
usp000ddck,5.5,mwc
usp000ddcz,6.0,mwc
usp000ddf0,6.1,mwc
usp000ddgf,6.6,mww
usp000ddk6,6.1,mwc
usp000ddnq,5.6,mwc
usp000ddpx,6.2,mwc
usp000ddqk,5.8,mwc
usp000ddrk,6.6,mww
usp000ddxs,5.5,mwc
usp000ddxx,6.0,mwc
usp000ddyd,5.8,mwc
usp000ddyf,5.7,mwc
usp000ddyu,5.5,mwc
usp000de0d,5.5,mwc
usp000de14,5.5,mwc
usp000de1d,6.4,mwc
usp000de1u,5.5,mwc
usp000de25,5.5,mwc
usp000de4m,6.3,mwc
usp000de4y,5.8,mwc
usp000de5v,6.2,mwc
usp000de60,5.6,mwc
usp000de8s,6.1,mwc
usp000de8u,5.8,mwc
usp000debc,5.9,mwc
usp000deej,5.6,mwc
usp000deen,5.6,mwc
usp000defg,5.9,mwc
usp000deft,5.5,mwc
usp000dehw,5.5,mwc
usp000dejd,5.5,mwc
usp000dejk,5.5,mwc
usp000dekn,5.5,mwc
usp000dems,5.5,mwc
usp000dep7,5.7,mwc
usp000depv,5.6,mwc
usp000deqa,5.5,mwc
usp000dev6,5.5,mwc
usp000dev7,5.7,mwc
usp000devr,5.6,mwc
usp000dewk,6.0,mwc
usp000deyj,5.9,mwc
usp000dezw,5.5,mwc
usp000df2m,5.5,mwc
usp000df2r,5.6,mwc
usp000df5h,5.6,mwc
usp000df5r,5.5,mwc
usp000df75,5.7,mwc
usp000df79,5.6,mwc
usp000df7a,5.5,mwc
usp000df81,5.5,mwc
usp000df8p,5.7,mwc
usp000df9w,5.6,mwc
usp000dfb8,5.5,mwc
usp000dfc0,5.5,mwc
usp000dfct,5.5,mwc
usp000dfcx,6.3,mwc
usp000dfd0,5.5,mwc
usp000dfeb,5.5,mwc
usp000dfhb,6.6,mww
usp000dfhe,6.0,mwc
usp000dfj2,7.1,mww
usp000dfjf,5.9,mwc
usp000dfk7,5.6,mwc
usp000dfp5,6.1,mwc
usp000dfqj,6.7,mww
usp000dfsp,6.0,mwc
usp000dft4,6.3,mwc
usp000dft9,5.5,mwc
usp000dfty,5.7,mwc
usp000dfuh,5.6,mwc
usp000dfvh,6.2,mwc
usp000dg4u,5.8,mwc
usp000dg4x,5.8,mwc
usp000dg5h,6.1,mwc
usp000dg73,6.5,mww
usp000dg7q,5.4,mwc
usp000dg90,5.9,mwc
usp000dgad,6.7,mww
usp000dgb2,5.6,mwc
usp000dgbd,5.6,mwc
usp000dgbf,5.5,mwc
usp000dgcx,5.5,mwc
usp000dgfj,5.6,mwc
usp000dgfv,6.4,mwc
usp000dgk6,5.5,mwc
usp000dgpx,6.4,mwc
usp000dgq2,5.8,mwc
usp000dgr1,5.6,mwc
usp000dgrk,5.5,mwc
usp000dgrs,5.5,mwc
usp000dgt7,6.0,mwc
usp000dgta,5.6,mwc
usp000dgv2,5.7,mwc
usp000dgv8,5.6,mwc
usp000dgxv,5.6,mwc
usp000dgyx,5.7,mwc
usp000dh0h,5.7,mwc
usp000dh0k,6.6,mww
usp000dh2c,5.7,mwc
usp000dh4m,5.6,mwc
usp000dh4p,5.9,mwc
usp000dhau,5.5,mwc
usp000dhc1,7.1,mww
usp000dhhj,5.8,mwc
usp000dhkn,5.7,mwc
usp000dhkp,5.7,mwc
usp000dhma,5.9,mwc
usp000dhmv,6.0,mwc
usp000dhn1,6.3,mwc
usp000dhp5,5.6,mwc
usp000dhqn,5.6,mwc
usp000dhwn,5.5,mwc
usp000dj08,5.4,mwc
usp000dj1q,5.6,mwc
usp000dj38,6.0,mwc
usp000dj51,5.4,mwc
usp000dj5f,5.8,mwc
usp000dj5x,5.6,mwc
usp000dj7v,5.8,mwc
usp000dja7,5.5,mwc
usp000djb1,5.5,mwc
usp000djbn,5.6,mwc
usp000djd5,6.2,mwc
usp000dje1,5.7,mwc
usp000djjp,6.1,mwc
usp000djjx,6.3,mwc
usp000djku,6.6,mww
usp000djn0,5.8,mwc
usp000djqf,6.8,mww
usp000djqg,6.4,mwc
usp000djwc,5.8,mwc
usp000djx3,5.6,mwc
usp000djzz,5.8,mwc
usp000dk3v,6.1,mwc
usp000dk8d,6.01,mw
usp000dk8e,5.62,mw
usp000dk9n,6.48,mw
usp000dka0,6.29,mw
usp000dkcf,5.65,mw
usp000dkcj,5.75,mw
usp000dkek,5.5,mwc
usp000dken,5.9,mwc
usp000dkf1,5.5,mwc
usp000dkkv,5.5,mwc
usp000dkn8,5.7,mwc
usp000dkp7,6.2,mwc
usp000dkph,5.6,mwc
usp000dkpk,6.1,mwc
usp000dkr2,5.9,mwc
usp000dkr3,6.0,mwc
usp000dks7,5.8,mwc
usp000dky5,5.6,mwc
usp000dm0e,6.1,mwc
usp000dm21,6.0,mwc
usp000dm23,5.6,mwc
usp000dm28,6.2,mwc
usp000dm6c,5.6,mwc
usp000dmdv,5.6,mwc
usp000dmgk,5.6,mwc
usp000dmhq,5.9,mwc
usp000dmht,6.3,mwc
usp000dmjs,5.7,mwc
usp000dmka,6.1,mwc
usp000dmmg,5.8,mwc
usp000dmpd,5.7,mwc
usp000dmqz,5.7,mwc
usp000dmtx,6.8,mww
usp000dmu0,6.25,mw
usp000dmu9,6.5,mwc
usp000dmup,5.82,mw
usp000dmuu,5.8,mwc
usp000dmvy,5.6,mwc
usp000dmw5,5.5,mwc
usp000dmxm,6.1,mwc
usp000dmzd,5.9,mwc
usp000dn0t,6.0,mwc
usp000dn14,5.4,mwc
usp000dn1n,5.5,mwc
usp000dn1w,6.6,mww
usp000dn2a,6.0,mwc
usp000dn2k,6.7,mww
usp000dnaz,5.7,mwc
usp000dnc3,5.6,mwc
usp000dngw,5.9,mwc
usp000dnh8,6.4,mwc
usp000dnhx,5.8,mwc
usp000dnkf,5.4,mwc
usp000dnqt,5.9,mwc
usp000dnsk,5.4,mwc
usp000dnwt,5.9,mwc
usp000dp3y,5.5,mwc
usp000dp5p,5.6,mwc
usp000dp7m,5.2,mwc
usp000dp8r,5.4,mwc
usp000dp9q,5.6,mwc
usp000dpae,5.5,mwc
usp000dpeg,6.2,mwc
usp000dpv7,5.9,mwc
usp000dpwd,5.9,mwc
usp000dpz1,5.4,mwc
usp000dpzp,6.5,mwc
usp000dq05,5.7,mwc
usp000dq7e,5.9,mwc
usp000dq93,5.5,mwc
usp000dqbc,6.3,mwc
usp000dqkx,6.5,mwc
usp000dqn2,5.7,mwc
usp000dqs0,6.8,mww
usp000dqsn,5.6,mwc
usp000dqsq,5.9,mwc
usp000dqxx,6.6,mww
usp000dr3b,6.0,mwc
usp000dr3h,6.2,mwc
usp000dr3k,6.1,mwc
usp000dr3m,6.1,mwb
usp000dr4t,6.9,mww
usp000dr7g,5.9,mwc
usp000dr94,6.3,mwc
usp000draj,5.6,mwb
usp000drky,5.7,mwc
usp000drsf,5.5,mwc
usp000druy,5.9,mwc
usp000drxp,5.7,mwc
usp000drxt,5.5,mwc
usp000dryb,5.7,mwc
usp000ds10,5.8,mwc
usp000ds1f,5.6,mwc
usp000ds2d,6.0,mwc
usp000ds3h,5.8,mwc
usp000ds3j,5.5,mwc
usp000ds6y,6.1,mwc
usp000ds95,5.6,mwc
usp000dsbj,5.6,mwc
usp000dsdc,5.7,mwc
usp000dsdn,5.8,mwc
usp000dsgp,6.0,mwc
usp000dsh8,5.6,mwc
usp000dskc,5.8,mwc
usp000dsmr,5.6,mwc
usp000dsp5,5.5,mwc
usp000dss0,5.6,mwc
usp000dss4,5.5,mwc
usp000dstt,6.0,mwc
usp000dsup,5.9,mwc
usp000dsvq,5.8,mwc
usp000dsw1,7.8,mww
usp000dsws,5.77,mw
usp000dsyh,5.6,mwc
usp000dszm,6.7,mww
usp000dt1g,5.6,mwc
usp000dt25,7.2,mww
usp000dt3u,6.2,mwc
usp000dt52,6.4,mwc
usp000dt8h,6.6,mww
usp000dtdf,5.7,mwc
usp000dtf6,5.7,mwc
usp000dtg8,5.8,mwc
usp000dtkd,5.4,mwc
usp000dtkt,5.8,mwc
usp000dtrf,5.5,mwc
usp000dtxv,5.7,mwc
usp000du0j,6.1,mwc
usp000du3e,5.8,mwc
usp000du84,5.6,mwc
usp000du8u,5.9,mwc
usp000du9c,5.6,mwc
usp000dua0,5.5,mwc
usp000dubj,6.6,mww
usp000dubp,5.8,mwc
usp000duh0,6.3,mwc
usp000dujc,6.5,mww
usp000dum5,5.4,mwc
usp000dumu,5.9,mwc
usp000dun3,5.5,mwc
usp000dupa,5.6,mwc
usp000duum,5.9,mwc
usp000duvu,5.8,mwc
usp000duvx,5.9,mwc
usp000duw6,6.0,mwc
usp000duzt,5.7,mwc
usp000duzy,5.5,mwc
usp000dv05,5.6,mwc
usp000dv11,5.9,mwc
usp000dv2s,5.7,mwc
usp000dv38,5.4,mwc
usp000dv4c,5.7,mwc
usp000dv94,5.7,mwc
usp000dvdx,5.4,mwc
usp000dvff,5.8,mwc
usp000dvgk,5.5,mwc
usp000dvq6,5.5,mwc
usp000dvqt,5.9,mwc
usp000dvr2,6.0,mwc
usp000dvrq,5.5,mwc
usp000dvs0,5.6,mwc
usp000dvtc,7.2,mww
usp000dvv5,5.6,mwc
usp000dvwr,5.4,mwc
usp000dvx7,5.6,mwc
usp000dvxx,5.6,mwc
usp000dvzg,5.8,mwc
usp000dvzt,5.9,mwc
usp000dw63,5.5,mwc
usp000dw82,5.5,mwc
usp000dw9z,6.0,mwc
usp000dwac,5.8,mwc
usp000dweg,5.6,mwc
usp000dwgf,5.6,mwc
usp000dwjs,5.9,mwc
usp000dwju,6.3,mwc
usp000dwn8,5.8,mwc
usp000dwnf,5.8,mwc
usp000dwnv,5.4,mwc
usp000dwq2,5.8,mwc
usp000dwst,5.5,mwc
usp000dwtg,6.0,mwc
usp000dwtt,5.5,mwc
usp000dwv4,6.2,mwc
usp000dww3,5.9,mwc
usp000dwwc,5.7,mwc
usp000dwwd,5.5,mwc
usp000dwxu,5.9,mwc
usp000dwzx,6.1,mwc
usp000dx08,5.4,mwc
usp000dx0h,6.1,mwc
usp000dx4p,6.1,mwc
usp000dx4x,5.6,mwc
usp000dx89,6.0,mwc
usp000dx9y,5.8,mwc
usp000dxc4,5.6,mwc
usp000dxe2,7.1,mww
usp000dxpk,5.4,mwc
usp000dxpy,5.5,mwc
usp000dxsd,5.8,mwc
usp000dxyd,5.9,mwc
usp000dxye,5.9,mwc
usp000dxz5,5.6,mwc
usp000dy21,5.7,mwc
usp000dy3w,6.1,mwc
usp000dy5q,6.1,mwc
usp000dy9v,5.6,mwc
usp000dyc1,6.0,mwc
usp000dycr,5.5,mwc
usp000dygf,5.6,mwc
usp000dykb,5.5,mwc
usp000dym5,5.7,mwc
usp000dypg,5.7,mwc
usp000dyq3,5.6,mwc
usp000dyrk,5.6,mwc
usp000dysk,6.0,mwc
usp000dyt8,6.2,mwc
usp000dyus,5.8,mwc
usp000dyvr,5.6,mwc
usp000dywg,5.5,mwc
usp000dyz7,5.7,mwc
usp000dz09,5.5,mwc
usp000dz1q,5.7,mwc
usp000dz2j,7.7,mww
usp000dz37,5.9,mw
usp000dz4c,5.6,mwc
usp000dz51,5.5,mwc
usp000dz6r,5.8,mwc
usp000dzbf,5.7,mwc
usp000dzcy,5.5,mwc
usp000dzh3,5.7,mwc
usp000dznd,5.5,mwc
usp000dznh,5.7,mwc
usp000dzum,6.0,mwc
usp000dzwj,5.7,mwc
usp000e010,5.8,mwc
usp000e04m,5.5,mwc
usp000e07f,6.1,mwc
usp000e08p,5.6,mwc
usp000e095,5.6,mwc
usp000e09f,5.6,mwc
usp000e09h,7.5,mww
usp000e0h0,6.7,mww
usp000e0hb,6.2,mwc
usp000e0he,5.7,mwc
usp000e0m1,5.8,mwc
usp000e0p3,5.6,mwc
usp000e0s2,5.8,mwc
usp000e0ud,5.5,mwc
usp000e0x0,5.7,mwc
usp000e0x4,5.9,mwc
usp000e11s,5.7,mwc
usp000e12e,7.6,mww
usp000e12f,5.94,mw
usp000e12k,5.72,mw
usp000e12v,5.81,mw
usp000e12y,5.68,mw
usp000e13s,5.86,mw
usp000e166,6.4,mwc
usp000e16z,5.6,mwc
usp000e176,5.7,mwc
usp000e19a,5.5,mwc
usp000e1c6,5.7,mwc
usp000e1gt,5.5,mwc
usp000e1gv,5.6,mwc
usp000e1m7,5.9,mwc
usp000e1s1,5.7,mwc
usp000e1st,5.5,mwc
usp000e1te,5.6,mwc
usp000e1we,6.1,mwc
usp000e1wr,6.4,mwb
usp000e1yy,5.7,mwc
usp000e1zy,5.5,mwc
usp000e204,5.7,mwc
usp000e20e,5.8,mwc
usp000e22f,5.7,mwc
usp000e22z,5.6,mwc
usp000e25a,5.7,mwc
usp000e271,5.6,mwc
usp000e287,6.3,mwc
usp000e2ay,5.6,mwc
usp000e2bq,5.8,mwc
usp000e2hk,5.7,mwc
usp000e2hq,5.5,mwc
usp000e2kn,5.5,mwc
usp000e2m7,5.9,mwc
usp000e2mv,5.5,mwc
usp000e2uy,5.8,mwc
usp000e329,6.5,mwc
usp000e32j,5.5,mwc
usp000e359,5.5,mwc
usp000e3ae,5.7,mwc
usp000e3b7,5.7,mwc
usp000e3g1,5.6,mwc
usp000e3gg,5.5,mwc
usp000e3j8,6.4,mwc
usp000e3q3,5.5,mwc
usp000e3rp,5.5,mwc
usp000e3ts,5.5,mwc
usp000e3u8,5.9,mwc
usp000e3vw,5.5,mwc
usp000e3wp,5.8,mwc
usp000e3yv,5.8,mwc
usp000e42v,5.9,mwc
usp000e462,7.0,mww
usp000e48r,5.7,mwc
usp000e48y,5.7,mwc
usp000e4cy,6.8,mww
usp000e4d7,5.7,mwc
usp000e4gh,6.3,mwc
usp000e4j8,6.2,mwc
usp000e4m3,5.5,mwc
usp000e4nm,6.2,mwc
usp000e4pu,5.6,mwc
usp000e4q9,5.5,mwc
usp000e4qc,5.7,mwc
usp000e4qd,6.2,mwc
usp000e4sf,5.5,mwc
usp000e4tj,5.6,mwc
usp000e4v7,5.8,mwc
usp000e4vm,5.5,mwc
usp000e501,5.9,mwc
usp000e513,5.5,mwc
usp000e51r,5.6,mwc
usp000e529,5.7,mwc
usp000e53g,5.5,mwc
usp000e53h,6.0,mwc
usp000e57e,5.5,mwc
usp000e583,6.4,mwc
usp000e58x,5.5,mwc
usp000e5c8,6.5,mwc
usp000e5cy,5.7,mwc
usp000e5eh,5.9,mwc
usp000e5f7,5.7,mwc
usp000e5j7,5.5,mwc
usp000e5jx,6.7,mww
usp000e5rc,6.4,mwc
usp000e5sc,6.1,mwc
usp000e5w1,5.5,mwc
usp000e5wx,5.6,mwc
usp000e5yg,5.5,mwc
usp000e5yj,5.5,mwc
usp000e5yp,5.6,mwc
usp000e5zd,6.6,mww
usp000e5zk,5.6,mwc
usp000e5zn,5.6,mwc
usp000e61s,6.5,mww
usp000e62c,6.7,mww
usp000e644,5.6,mwc
usp000e689,5.7,mwc
usp000e69b,6.0,mwc
usp000e6bs,5.7,mwc
usp000e6fw,6.1,mwc
usp000e6gx,5.5,mwc
usp000e6ht,6.3,mwc
usp000e6jd,5.8,mwc
usp000e6kh,5.5,mwc
usp000e6m9,6.3,mwc
usp000e6qp,6.1,mwc
usp000e6ym,5.6,mwc
usp000e786,6.1,mwc
usp000e7b5,5.6,mwc
usp000e7b6,5.5,mwc
usp000e7cv,5.2,mwc
usp000e7dd,7.4,mww
usp000e7dt,5.6,mwc
usp000e7f0,7.2,mww
usp000e7gy,5.8,mwc
usp000e7jp,6.7,mww
usp000e7k8,5.5,mwc
usp000e7my,5.7,mwc
usp000e7ph,6.0,mwc
usp000e7rq,5.5,mwb
usp000e7u3,6.7,mww
usp000e7yd,5.5,mwc
usp000e81b,5.5,mwc
usp000e896,6.1,mwc
usp000e8ej,5.5,mwc
usp000e8f8,5.7,mwc
usp000e8h8,5.7,mwc
usp000e8j0,5.7,mwc
usp000e8jv,5.6,mwc
usp000e8qf,6.4,mwc
usp000e8r1,5.6,mwc
usp000e8rg,6.2,mwc
usp000e8rh,6.17,mw
usp000e8s7,5.5,mwc
usp000e8vj,5.6,mwc
usp000e8w6,5.6,mwc
usp000e8ys,7.7,mww
usp000e8zt,5.7,mwc
usp000e974,5.9,mwc
usp000e9ac,5.6,mwc
usp000e9aq,6.7,mww
usp000e9cg,5.7,mwc
usp000e9dg,5.6,mwc
usp000e9dn,6.1,mwc
usp000e9ex,5.9,mwc
usp000e9kp,5.6,mwc
usp000e9m0,5.7,mwc
usp000e9q2,5.6,mwc
usp000e9rg,5.9,mwc
usp000e9rq,5.5,mwc
usp000e9u8,5.5,mwc
usp000ea2a,6.3,mwc
usp000ea5p,5.8,mwc
usp000ea6w,5.6,mwc
usp000ea7u,5.8,mwc
usp000eaa8,5.9,mwc
usp000eaa9,6.2,mwc
usp000eae6,5.5,mwc
usp000eamh,7.0,mww
usp000ean5,5.7,mwc
usp000eang,6.0,mwc
usp000eaq0,5.4,mwc
usp000ear0,5.5,mwc
usp000eart,6.1,mwc
usp000eavw,6.4,mwc
usp000eaw0,6.0,mwc
usp000eb19,6.0,mwc
usp000eb3e,5.8,mwc
usp000eb6a,5.5,mwc
usp000eb6y,5.6,mwc
usp000ebaz,6.0,mwc
usp000ebb7,5.6,mwc
usp000ebc8,5.4,mwc
usp000ebf3,6.1,mwc
usp000ebfg,5.5,mwc
usp000ebg3,5.6,mwc
usp000ebjk,6.2,mwc
usp000ebkq,6.2,mwc
usp000ebku,5.8,mwc
usp000ebma,5.4,mwc
usp000ebqt,5.8,mwc
usp000ebsr,6.0,mwc
usp000ebvn,5.8,mwc
usp000ec0x,5.5,mwc
usp000ec19,5.8,mwc
usp000ec48,5.5,mwc
usp000ec4d,6.7,mww
usp000ec6e,5.6,mwc
usp000ec7j,5.6,mwc
usp000ecbk,5.6,mwc
usp000ecbp,5.6,mwc
usp000ecbq,5.6,mwc
usp000ecc6,5.6,mwc
usp000ecex,5.5,mwc
usp000ecez,5.9,mwc
usp000ecfk,5.5,mwc
usp000ecj0,5.5,mwc
usp000ecjf,5.8,mwc
usp000ecsg,5.7,mwc
usp000ecub,6.1,mwc
usp000ecum,6.0,mwc
usp000ecw4,5.9,mwc
usp000ecwe,5.5,mwb
usp000ed1f,5.5,mwc
usp000ed1s,5.5,mwc
usp000ed33,5.6,mwc
usp000ed3c,5.6,mwc
usp000ed4g,5.9,mwc
usp000edad,6.1,mwc
usp000edbg,6.5,mww
usp000edbu,5.5,mwc
usp000edc9,6.1,mwc
usp000eddc,5.7,mwc
usp000ede6,6.1,mwc
usp000edeh,5.5,mwc
usp000edf3,5.5,mwc
usp000edfg,5.6,mwc
usp000edg4,5.6,mwc
usp000edmn,5.5,mwc
usp000edn5,6.0,mwc
usp000edpu,5.6,mwc
usp000edpz,5.5,mwc
usp000edrv,5.8,mwc
usp000eduw,5.5,mwc
usp000edw9,6.5,mwc
usp000edwz,5.4,mwc
usp000ee1y,5.7,mwc
usp000ee2v,5.7,mwc
usp000ee4t,5.5,mwc
usp000ee7d,5.5,mwc
usp000ee8f,6.0,mwc
usp000eeah,5.7,mwc
usp000eeg2,5.5,mwc
usp000eegk,5.6,mwc
usp000eemh,5.9,mwc
usp000eemq,6.0,mwc
usp000eepa,5.7,mwc
usp000eepw,5.7,mwc
usp000eetg,6.1,mwc
usp000eexs,5.6,mwc
usp000eeyc,6.2,mwc
usp000eeyf,5.7,mwc
usp000ef0m,5.6,mwc
usp000ef1h,7.6,mww
usp000ef1j,6.09,mw
usp000ef4h,6.1,mwc
usp000ef5r,6.0,mwc
usp000ef8h,5.5,mwc
usp000efgw,6.3,mwc
usp000efhd,6.1,mwc
usp000efr7,5.7,mwc
usp000efs5,6.5,mww
usp000eft0,5.7,mwc
usp000efts,6.1,mwc
usp000efuq,5.5,mwc
usp000efv7,6.6,mww
usp000efvc,6.0,mwc
usp000efvm,5.7,mwc
usp000efvy,5.8,mwc
usp000efvz,5.9,mwc
usp000efw2,6.5,mwc
usp000efwh,5.8,mwc
usp000efx7,5.7,mwc
usp000efx8,5.7,mwc
usp000efy7,5.9,mwc
usp000efyb,5.5,mwc
usp000eg02,5.7,mwc
usp000eg5g,8.0,mww
usp000eg7c,5.9,mwc
usp000eg8u,5.9,mwc
usp000egaj,5.5,mwc
usp000egas,5.9,mwc
usp000egcx,5.6,mwc
usp000egeb,5.9,mwc
usp000egfe,5.6,mwc
usp000eggk,6.1,mwc
usp000egh2,5.5,mwc
usp000egjv,5.9,mwc
usp000egnt,5.7,mwc
usp000egqf,6.4,mwc
usp000egvh,5.5,mwc
usp000egvx,5.6,mwc
usp000egxj,5.5,mwc
usp000egzp,5.7,mwc
usp000eh87,7.4,mww
usp000eh8s,6.8,mwc
usp000eh9g,5.7,mwc
usp000ehae,5.8,mwc
usp000ehc4,5.5,mwc
usp000ehes,5.7,mwc
usp000ehgc,6.3,mwc
usp000ehkr,6.0,mwc
usp000ehph,6.5,mww
usp000ehpz,6.2,mwc
usp000ehr1,6.1,mwc
usp000eht9,5.6,mwc
usp000ehud,5.5,mwc
usp000ehuf,5.5,mwc
usp000ehuj,5.7,mwc
usp000ehv9,5.5,mwc
usp000ehyf,5.5,mwc
usp000ej1c,6.4,mwc
usp000ej4t,6.5,mwc
usp000ej4u,5.7,mwc
usp000ej56,5.7,mwc
usp000ej7b,5.7,mwc
usp000ej7w,5.5,mwc
usp000ej82,5.6,mwc
usp000ej9c,5.7,mwc
usp000ej9g,5.9,mwc
usp000ejh4,6.0,mwc
usp000ejr6,6.0,mwc
usp000ejr7,5.7,mwc
usp000ek01,6.1,mwc
usp000ek0d,5.5,mwc
usp000ek1f,5.8,mwc
usp000ek4h,5.9,mwc
usp000ek60,6.4,mwc
usp000ekaq,6.5,mwc
usp000ekax,6.0,mwc
usp000ekdd,5.6,mwc
usp000ekdp,5.8,mwc
usp000ekf5,5.6,mwc
usp000ekg1,5.5,mwc
usp000ekhe,5.5,mwc
usp000ekj0,5.5,mwc
usp000ekrd,6.0,mwc
usp000ekvc,5.6,mwc
usp000ekxx,6.0,mwc
usp000em03,5.9,mwc
usp000em69,6.3,mwc
usp000emc8,5.5,mwc
usp000emca,6.2,mwc
usp000emcc,6.3,mwc
usp000emcw,5.7,mwc
usp000emd2,5.5,mwc
usp000emd6,5.8,mwc
usp000eme6,6.3,mwc
usp000emgv,5.8,mwc
usp000emmm,5.6,mwc
usp000emqb,5.5,mwc
usp000emr0,5.5,mwc
usp000emrb,5.7,mwc
usp000emsc,5.5,mwc
usp000emse,5.6,mwc
usp000emtn,5.7,mwc
usp000emxj,5.6,mwc
usp000emy5,5.5,mwc
usp000emz5,5.8,mwc
usp000en09,5.7,mwc
usp000en2g,6.0,mwc
usp000en4m,5.5,mwc
usp000en5e,6.6,mww
usp000enaf,5.5,mwc
usp000enfc,5.7,mwc
usp000enfg,5.6,mwc
usp000eng1,5.5,mwc
usp000enhr,5.7,mwc
usp000enng,5.8,mwc
usp000enqg,6.2,mwc
usp000enqt,5.7,mwc
usp000ensm,7.7,mww
usp000ensu,6.23,mw
usp000ensv,6.0,mwc
usp000ent5,5.88,mw
usp000enta,5.86,mw
usp000entd,5.9,mwc
usp000entx,5.7,mwc
usp000enux,5.58,mw
usp000enuy,6.1,mwc
usp000env5,5.9,mwc
usp000enxf,5.7,mwc
usp000eny6,5.5,mwc
usp000enyd,5.5,mwc
usp000ep0a,5.7,mwc
usp000ep0u,5.6,mwc
usp000ep1p,5.61,mw
usp000ep2q,5.6,mwc
usp000ep30,5.5,mwc
usp000ep36,6.1,mwc
usp000ep3b,6.4,mwc
usp000ep41,5.9,mwc
usp000epcn,6.0,mwc
usp000epe9,5.8,mwc
usp000epnr,5.5,mwc
usp000eppm,6.3,mwc
usp000epr8,5.9,mwc
usp000epsz,5.6,mwc
usp000ept8,5.5,mwc
usp000epup,5.6,mwc
usp000epv9,5.9,mwc
usp000epva,5.6,mwc
usp000epxv,5.4,mwc
usp000eq1u,5.7,mwc
usp000eq36,5.9,mwc
usp000eq7a,5.5,mwc
usp000eq9x,5.6,mwc
usp000eqc0,5.6,mwc
usp000eqcc,5.9,mwc
usp000eqf9,6.8,mww
usp000eqqe,6.0,mwc
usp000eqr2,6.2,mwc
usp000eqtp,5.5,mwc
usp000eqwm,5.6,mwc
usp000eqz1,5.8,mwc
usp000eqze,5.7,mwc
usp000er00,5.7,mwc
usp000er0y,6.1,mwc
usp000er2q,5.9,mwc
usp000er2w,5.9,mwc
usp000er5j,5.7,mwc
usp000er5z,5.6,mwc
usp000er9q,5.6,mwc
usp000erbz,6.0,mwc
usp000erc2,7.0,mww
usp000ercp,5.8,mwc
usp000erfk,5.5,mwc
usp000erkk,5.6,mwc
usp000erp5,6.5,mwc
usp000erpk,6.6,mww
usp000erub,5.7,mwc
usp000erud,5.7,mwc
usp000eryq,5.6,mwc
usp000es0r,5.8,mwc
usp000es3u,5.7,mwc
usp000es57,5.8,mwc
usp000es6q,5.5,mwc
usp000es7e,5.5,mwc
usp000es7n,6.7,mww
usp000es7p,6.22,mw
usp000es7t,5.9,mwc
usp000escn,5.7,mwc
usp000esdt,5.5,mwc
usp000ese7,5.9,mwc
usp000esge,5.8,mwc
usp000esjz,5.7,mwc
usp000esrb,6.3,mwc
usp000esv9,5.9,mwc
usp000esxc,5.5,mwc
usp000esyx,5.9,mwc
usp000esz2,5.5,mwc
usp000et4e,5.8,mwc
usp000et5k,5.9,mwc
usp000et62,6.3,mwc
usp000et8q,6.2,mwc
usp000etab,5.8,mwc
usp000etdt,5.6,mwc
usp000etdw,5.9,mwc
usp000ethq,6.0,mwc
usp000etj9,6.0,mwc
usp000etrf,5.6,mwc
usp000etrn,5.6,mwc
usp000ets0,5.7,mwc
usp000etyx,5.9,mwc
usp000etzf,6.9,mww
usp000eu1e,5.6,mwc
usp000eu2n,6.1,mwc
usp000eu32,5.5,mwc
usp000eu4y,5.5,mwc
usp000eu5d,5.9,mwc
usp000eu5f,6.5,mww
usp000eu5g,6.0,mwc
usp000eu5m,5.5,mwc
usp000eu7k,6.5,mww
usp000euee,6.3,mwc
usp000eujn,5.7,mwc
usp000eukp,5.7,mwc
usp000eumy,5.7,mwc
usp000euq5,5.8,mwc
usp000eus2,6.3,mwc
usp000eusp,5.9,mwc
usp000eutv,5.7,mwc
usp000euve,6.0,mwc
usp000euww,5.7,mwc
usp000euxm,5.7,mwc
usp000euxp,5.7,mwc
usp000ev0r,5.8,mwc
usp000ev15,6.4,mwc
usp000ev4c,5.8,mwc
usp000ev9x,5.8,mwc
usp000eva1,5.5,mwc
usp000evbu,6.7,mww
usp000evcb,5.9,mwc
usp000evf2,6.4,mwc
usp000evg0,5.7,mwc
usp000evkn,6.7,mww
usp000evky,5.8,mwc
usp000evmc,5.8,mwc
usp000evmx,5.6,mwc
usp000evqs,5.9,mwc
usp000evsd,6.1,mwc
usp000evtw,5.7,mwc
usp000evvv,5.8,mwc
usp000evvx,6.4,mwc
usp000evwc,5.9,mwc
usp000ew2z,5.8,mwc
usp000ew3h,6.0,mwc
usp000ew7s,5.6,mwc
usp000ew9n,5.5,mwc
usp000ew9r,5.5,mwc
usp000ewa2,5.5,mwc
usp000ewa7,5.5,mwc
usp000ews4,6.0,mwc
usp000ewtm,5.6,mwc
usp000ewu6,6.6,mww
usp000ewwg,5.6,mwc
usp000ex5s,5.9,mwc
usp000ex81,6.2,mwc
usp000ex8f,5.9,mwc
usp000ex8r,6.8,mww
usp000exa0,5.5,mwc
usp000exac,6.2,mwc
usp000exd5,6.1,mwc
usp000exe3,5.7,mwc
usp000exef,5.5,mwc
usp000exfh,5.5,mwc
usp000exfn,8.3,mww
usp000exfq,5.62,mw
usp000exfr,5.55,mw
usp000exfs,6.14,mw
usp000exfu,6.12,mw
usp000exfv,6.47,mw
usp000exfy,6.76,mw
usp000exg0,6.7,mwc
usp000exg9,5.74,mw
usp000exga,5.98,mw
usp000exgd,5.74,mw
usp000exge,5.61,mw
usp000exmb,6.0,mwc
usp000exnc,5.9,mwc
usp000exnd,5.69,mw
usp000exne,5.6,mw
usp000exnf,5.67,mw
usp000expp,5.7,mwc
usp000exsc,6.0,mwc
usp000exu2,5.5,mwc
usp000exwe,6.1,mwc
usp000exz8,5.5,mwc
usp000ey17,6.2,mwc
usp000ey4e,5.5,mwc
usp000ey5a,5.9,mwc
usp000ey5b,5.9,mwc
usp000ey7a,5.7,mwc
usp000ey85,5.5,mwc
usp000ey8z,5.3,mwc
usp000ey9k,6.1,mwc
usp000eycm,5.5,mwc
usp000eyer,5.6,mwc
usp000eyj0,5.6,mwc
usp000eyne,5.5,mwc
usp000eypx,5.9,mwc
usp000eyqf,5.3,mwc
usp000eyr7,5.6,mwc
usp000eyth,5.5,mwc
usp000eyze,5.7,mwc
usp000ez3h,6.2,mwc
usp000ez59,5.6,mwc
usp000ez6a,5.5,mwc
usp000ez7y,6.0,mwc
usp000ez8j,6.2,mwc
usp000ez8q,5.6,mwc
usp000ez92,6.3,mwc
usp000ez9y,6.3,mwc
usp000ezbs,5.8,mwc
usp000eze2,5.6,mwc
usp000eze9,5.7,mwc
usp000ezf4,6.0,mwc
usp000ezkf,5.5,mwc
usp000ezkv,5.7,mwc
usp000ezp5,5.7,mwc
usp000ezqa,5.7,mwc
usp000ezr9,6.4,mwc
usp000ezw3,5.8,mwb
usp000ezxe,5.5,mwc
usp000ezxq,5.5,mwc
usp000ezyx,5.7,mwc
usp000f030,6.3,mwc
usp000f03m,5.5,mwc
usp000f097,5.6,mwc
usp000f09x,5.7,mwc
usp000f0du,5.5,mwc
usp000f0dv,5.8,mwc
usp000f0eq,5.8,mwc
usp000f0er,5.8,mwc
usp000f0p5,5.6,mwc
usp000f0sg,5.5,mwc
usp000f0sr,5.5,mwc
usp000f0t4,6.2,mwc
usp000f0uy,5.4,mwc
usp000f0vu,5.7,mwc
usp000f0w2,5.6,mwc
usp000f0x2,5.7,mwc
usp000f0zk,5.8,mwc
usp000f114,7.0,mww
usp000f115,6.9,mwc
usp000f11t,6.0,mwc
usp000f12s,5.6,mwc
usp000f13b,5.6,mwc
usp000f14z,6.0,mwc
usp000f1ab,6.7,mww
usp000f1b9,5.5,mwc
usp000f1ee,5.5,mwc
usp000f1fj,5.6,mwc
usp000f1z8,6.1,mwc
usp000f1zv,6.0,mwc
usp000f202,6.3,mwc
usp000f21q,5.7,mwc
usp000f26m,6.0,mwc
usp000f2ab,8.0,mww
usp000f2ch,5.95,mw
usp000f2et,6.0,mwc
usp000f2nn,5.5,mwc
usp000f2q5,5.9,mwc
usp000f2qg,5.6,mwc
usp000f2t3,5.6,mwc
usp000f2uh,6.0,mwc
usp000f2vy,5.6,mwc
usp000f2wk,6.2,mwc
usp000f2xn,5.6,mwc
usp000f2yq,5.8,mwc
usp000f31f,5.7,mwc
usp000f31t,6.2,mwc
usp000f34b,7.5,mww
usp000f34f,6.48,mw
usp000f34q,5.96,mw
usp000f35e,5.55,mw
usp000f35j,5.67,mw
usp000f368,6.2,mwc
usp000f374,5.46,mw
usp000f382,5.5,mwc
usp000f38y,5.7,mwc
usp000f38z,5.9,mwc
usp000f3bb,5.8,mwc
usp000f3ca,5.5,mwc
usp000f3cb,5.7,mwc
usp000f3dd,5.5,mwc
usp000f3eg,5.9,mwc
usp000f3ex,5.6,mwc
usp000f3fh,5.6,mwc
usp000f3jg,6.0,mwc
usp000f3qr,5.5,mwc
usp000f3r6,5.6,mwc
usp000f3t6,5.6,mwc
usp000f3tf,5.6,mwc
usp000f3tq,5.8,mwc
usp000f3xh,6.9,mww
usp000f3za,6.6,mww
usp000f3zy,6.5,mww
usp000f40a,5.5,mwc
usp000f41s,5.5,mwc
usp000f428,5.5,mwc
usp000f487,5.6,mwc
usp000f49p,6.2,mwc
usp000f49q,6.2,mwc
usp000f49s,5.6,mwc
usp000f4ah,5.8,mwc
usp000f4ak,5.5,mwc
usp000f4am,5.5,mwc
usp000f4ey,5.5,mwc
usp000f4hn,5.5,mwc
usp000f4kx,5.5,mwc
usp000f4qa,5.9,mwc
usp000f4qu,6.0,mwc
usp000f4qy,6.1,mwc
usp000f4tg,5.6,mwc
usp000f4ts,5.4,mwc
usp000f4u3,5.9,mwc
usp000f4ve,5.3,mwc
usp000f4vu,5.7,mwc
usp000f500,6.0,mwc
usp000f50t,5.7,mwc
usp000f50u,5.6,mwc
usp000f51f,5.7,mwc
usp000f526,5.5,mwc
usp000f544,5.6,mwc
usp000f54h,5.6,mwc
usp000f55m,5.8,mwc
usp000f565,5.5,mwc
usp000f57a,6.7,mww
usp000f582,6.0,mwc
usp000f59n,5.5,mwc
usp000f5an,5.7,mwc
usp000f5fs,5.7,mwc
usp000f5gh,6.3,mwc
usp000f5gt,5.5,mwc
usp000f5gw,5.5,mwc
usp000f5m5,5.9,mwc
usp000f5mx,5.7,mwc
usp000f5pb,5.5,mwc
usp000f5qm,5.7,mwc
usp000f5va,6.1,mwc
usp000f5x2,6.0,mwc
usp000f60k,5.9,mwc
usp000f60q,5.7,mwc
usp000f62b,5.6,mwc
usp000f65w,6.4,mwc
usp000f660,6.3,mwc
usp000f68s,5.9,mwc
usp000f69v,5.5,mwc
usp000f6aj,6.1,mwc
usp000f6az,6.2,mwc
usp000f6bx,6.0,mwc
usp000f6c9,5.7,mwc
usp000f6cd,5.6,mwc
usp000f6d2,5.5,mwc
usp000f6em,5.5,mwc
usp000f6ev,5.7,mwc
usp000f6f4,5.8,mwc
usp000f6g5,5.7,mwc
usp000f6ht,5.6,mwc
usp000f6ja,5.5,mwc
usp000f6jf,5.8,mwc
usp000f6k5,5.6,mwc
usp000f6m4,5.9,mwc
usp000f6mg,5.5,mwc
usp000f6mr,5.6,mwc
usp000f6qs,5.5,mwc
usp000f6w4,6.2,mwc
usp000f6wd,6.0,mwc
usp000f6wu,5.5,mwc
usp000f6wx,6.2,mwc
usp000f70p,5.7,mwc
usp000f715,5.4,mwc
usp000f75f,5.9,mwc
usp000f78s,5.8,mwc
usp000f7af,5.8,mwc
usp000f7ap,5.5,mwc
usp000f7b4,7.2,mww
usp000f7b5,6.7,mww
usp000f7b9,6.9,mwc
usp000f7cx,5.7,mwc
usp000f7g0,5.5,mwc
usp000f7h7,5.5,mwc
usp000f7r2,5.8,mwc
usp000f7sm,5.6,mwc
usp000f7sy,5.6,mwc
usp000f7v3,5.5,mwc
usp000f7vw,5.7,mwc
usp000f7zp,6.2,mwc
usp000f80f,5.6,mwc
usp000f80p,5.7,mwc
usp000f817,5.7,mwc
usp000f83m,8.1,mww
usp000f83n,6.13,mw
usp000f83p,7.49,mw
usp000f83w,6.9,mwc
usp000f83x,6.1,mw
usp000f840,5.48,mw
usp000f846,5.86,mw
usp000f84p,6.36,mw
usp000f86j,6.1,mwc
usp000f873,5.53,mw
usp000f87e,5.9,mwc
usp000f88t,6.0,mwc
usp000f890,6.2,mwc
usp000f892,5.6,mwc
usp000f89g,5.6,mwc
usp000f89h,5.6,mwc
usp000f8b6,5.5,mwc
usp000f8c3,5.6,mwc
usp000f8cb,6.2,mwc
usp000f8cd,5.5,mwc
usp000f8cj,5.5,mwc
usp000f8cp,5.6,mwc
usp000f8dk,6.2,mwc
usp000f8fb,5.5,mwc
usp000f8fc,6.1,mwc
usp000f8ge,5.5,mwc
usp000f8he,5.6,mwc
usp000f8hs,6.2,mwc
usp000f8j3,5.6,mwc
usp000f8jn,5.9,mwc
usp000f8m0,6.4,mwc
usp000f8mh,5.6,mwc
usp000f8mm,5.5,mwc
usp000f8mt,6.2,mwc
usp000f8mu,6.5,mwc
usp000f8pd,5.9,mwc
usp000f8pr,5.7,mwc
usp000f8qy,5.6,mwc
usp000f8r5,6.3,mwc
usp000f8tj,5.4,mwc
usp000f8uv,5.9,mwc
usp000f8wx,5.8,mwc
usp000f8y6,5.7,mwc
usp000f8yj,6.1,mwc
usp000f8z7,6.1,mwc
usp000f94q,5.9,mwc
usp000f95k,5.8,mwc
usp000f9bb,5.5,mwc
usp000f9ep,5.5,mwc
usp000f9hz,6.0,mwc
usp000f9kc,6.0,mwc
usp000f9kq,5.5,mwc
usp000f9mq,6.1,mwc
usp000f9rw,5.5,mwc
usp000f9u9,5.8,mwc
usp000f9va,6.4,mwc
usp000f9wu,5.6,mwc
usp000f9yu,5.6,mwc
usp000fa01,5.5,mwc
usp000fa3r,6.1,mwc
usp000fa3s,5.7,mwc
usp000fa44,6.3,mwc
usp000fa4b,6.0,mwc
usp000fa4z,5.4,mwc
usp000fa76,5.7,mwc
usp000fa7p,5.4,mwc
usp000fa89,6.1,mwc
usp000fa95,6.1,mwc
usp000fa97,6.2,mwc
usp000fajy,5.7,mwc
usp000fak4,6.4,mwc
usp000faqb,5.9,mwc
usp000faqs,5.8,mwc
usp000fat8,6.1,mwc
usp000fauw,5.5,mwc
usp000favm,6.2,mwc
usp000fay5,5.6,mwc
usp000faz5,5.7,mwc
usp000faze,5.8,mwc
usp000fazu,5.5,mwc
usp000fb52,5.6,mwc
usp000fb5b,5.5,mwc
usp000fb5p,5.5,mwc
usp000fb7d,6.2,mwc
usp000fb9k,6.1,mwc
usp000fbdc,5.5,mwc
usp000fbdn,6.5,mwc
usp000fbdr,6.0,mwc
usp000fbe1,5.6,mwc
usp000fbf8,6.0,mwc
usp000fbfa,5.5,mwc
usp000fbg4,5.7,mwc
usp000fbk8,5.6,mwc
usp000fbp7,5.5,mwc
usp000fbu9,5.9,mwc
usp000fbvv,5.5,mwc
usp000fbwn,5.8,mwc
usp000fbye,5.4,mwc
usp000fbzj,5.6,mwc
usp000fc2v,6.3,mwc
usp000fc41,5.7,mwc
usp000fc4d,5.5,mwc
usp000fc64,6.0,mwc
usp000fc85,5.4,mwc
usp000fc8w,5.7,mwc
usp000fcj4,5.7,mwc
usp000fck7,5.6,mwc
usp000fckw,5.6,mwc
usp000fckx,5.5,mwc
usp000fcqx,5.9,mwc
usp000fcrs,5.5,mwc
usp000fcvv,5.5,mwc
usp000fcyh,6.1,mwc
usp000fcyz,5.7,mwc
usp000fcze,6.1,mwc
usp000fczg,5.75,mw
usp000fd08,5.5,mwc
usp000fd0g,5.5,mwc
usp000fd22,5.5,mwc
usp000fd27,6.4,mwc
usp000fd5n,5.5,mwc
usp000fd8a,6.1,mwc
usp000fddr,5.8,mwc
usp000fdea,5.7,mwc
usp000fdg1,5.8,mwc
usp000fdh6,6.2,mwc
usp000fdmh,5.8,mwc
usp000fdmu,5.5,mwc
usp000fdud,5.5,mwc
usp000fdyu,5.6,mwc
usp000fdyv,6.7,mww
usp000fdzz,5.5,mwc
usp000fe02,5.9,mwc
usp000fe08,5.5,mwc
usp000fe0g,5.8,mwc
usp000fe18,5.6,mwc
usp000fe1t,5.5,mwc
usp000fe2t,5.6,mwc
usp000fe2y,5.8,mwc
usp000fe3t,5.7,mwc
usp000fe43,5.8,mwc
usp000fe63,5.7,mwc
usp000fe95,6.3,mwc
usp000fe96,5.8,mwc
usp000fe9m,5.5,mwc
usp000fek5,5.5,mwc
usp000femg,5.6,mwc
usp000fep8,5.5,mwc
usp000fepk,6.5,mwc
usp000fexm,6.0,mwc
usp000ff08,6.6,mww
usp000ff0r,5.8,mwc
usp000ff1u,5.5,mwc
usp000ff1v,5.6,mwc
usp000ff2d,5.6,mwc
usp000ff73,5.8,mwc
usp000ff7g,5.6,mwc
usp000ff7v,5.9,mwc
usp000ffbw,6.3,mwc
usp000ffjx,6.1,mwc
usp000ffm2,5.4,mwc
usp000ffu2,5.6,mwc
usp000fg0p,6.1,mwc
usp000fg3w,5.7,mwc
usp000fg44,6.0,mwc
usp000fg76,6.1,mwc
usp000fg7x,6.1,mwc
usp000fg82,5.9,mwc
usp000fg9t,6.6,mww
usp000fgau,5.7,mwc
usp000fgc3,6.8,mww
usp000fgeg,6.1,mwc
usp000fgey,5.9,mwc
usp000fggm,6.1,mwc
usp000fgkg,5.7,mwc
usp000fgqd,5.6,mwc
usp000fgqt,5.5,mwc
usp000fgsv,6.0,mwc
usp000fgt2,6.4,mwc
usp000fgtj,5.7,mwc
usp000fguy,5.7,mwc
usp000fgva,5.6,mwc
usp000fgwg,5.9,mwc
usp000fgx4,5.5,mwc
usp000fgx5,5.7,mwc
usp000fgys,5.5,mwc
usp000fh0q,5.8,mwc
usp000fh38,6.0,mwc
usp000fh3s,7.0,mww
usp000fh4m,5.7,mwc
usp000fh54,5.7,mwc
usp000fh76,6.1,mwc
usp000fha2,5.5,mwc
usp000fhbg,5.9,mwc
usp000fhe1,5.5,mwc
usp000fhfj,5.6,mwc
usp000fhg0,5.6,mwc
usp000fhhf,5.9,mwc
usp000fhjf,6.2,mwc
usp000fhkh,5.4,mwc
usp000fhm9,7.2,mww
usp000fhn0,6.2,mwc
usp000fhn5,6.7,mww
usp000fhnq,5.8,mwc
usp000fhnx,5.6,mwc
usp000fhp1,5.5,mwc
usp000fhpr,5.4,mwc
usp000fhq9,5.7,mwc
usp000fhqg,5.6,mwc
usp000fhqu,5.6,mwc
usp000fhs1,5.9,mwc
usp000fhvp,6.1,mwc
usp000fhxg,5.9,mwc
usp000fj2d,6.0,mwc
usp000fj6j,7.5,mww
usp000fj6k,7.5,mwc
usp000fj9b,5.5,mwc
usp000fje5,5.7,mwc
usp000fjg8,6.0,mwc
usp000fjk2,6.1,mwc
usp000fjmd,5.5,mwc
usp000fjn2,5.4,mwc
usp000fjsq,6.5,mwc
usp000fjta,8.2,mww
usp000fjte,5.67,mw
usp000fjth,5.9,mw
usp000fjtv,5.88,mw
usp000fjut,5.68,mw
usp000fjuu,5.94,mw
usp000fjva,6.4,mwc
usp000fjw7,6.5,mwc
usp000fjx3,6.0,mwc
usp000fjxj,5.5,mwc
usp000fjz8,5.5,mwc
usp000fjzn,5.8,mwc
usp000fjzv,6.4,mwc
usp000fk0g,5.6,mwc
usp000fk1e,5.9,mwc
usp000fk32,6.0,mwc
usp000fk45,5.7,mwc
usp000fk5h,5.5,mwc
usp000fk5r,5.8,mwc
usp000fk6p,5.5,mwc
usp000fk6r,5.6,mwc
usp000fk7p,5.6,mwc
usp000fk9h,5.7,mwc
usp000fk9n,6.4,mwc
usp000fkb0,5.7,mwc
usp000fkb6,6.5,mww
usp000fke5,5.6,mwc
usp000fkh3,5.7,mwc
usp000fkqx,6.1,mwc
usp000fku3,5.7,mwc
usp000fkuz,5.6,mwc
usp000fkym,5.5,mwc
usp000fm0w,5.5,mwc
usp000fm3d,5.6,mwc
usp000fm5s,6.1,mwc
usp000fm6b,7.3,mww
usp000fm6x,6.3,mwc
usp000fmc6,6.2,mwc
usp000fmjx,6.2,mwc
usp000fmm0,5.9,mwc
usp000fmtk,6.7,mww
usp000fmwd,5.5,mwc
usp000fmzq,6.44,mw
usp000fn0c,6.08,mw
usp000fn0y,5.79,mw
usp000fn2b,7.8,mww
usp000fn2u,6.35,mw
usp000fn34,6.5,mwc
usp000fn3d,7.0,mwc
usp000fn3n,5.76,mw
usp000fn4c,6.3,mwc
usp000fn4x,5.62,mw
usp000fn5c,6.0,mwc
usp000fn5h,5.5,mwc
usp000fn65,6.0,mwc
usp000fn7n,5.7,mwc
usp000fn7p,6.4,mwc
usp000fn7r,6.26,mw
usp000fn8a,5.9,mwc
usp000fna8,5.6,mwc
usp000fnbw,5.5,mwc
usp000fnk3,5.5,mwc
usp000fnkb,5.6,mwc
usp000fnns,6.0,mwc
usp000fnrx,6.6,mww
usp000fns3,5.7,mwc
usp000fnvz,5.5,mwc
usp000fnyh,5.5,mwc
usp000fp0g,5.7,mwc
usp000fp0w,5.6,mwc
usp000fp2e,6.2,mwc
usp000fp4n,5.9,mwb
usp000fp59,6.7,mww
usp000fp5m,6.1,mwc
usp000fp5v,5.6,mwc
usp000fp85,6.1,mwc
usp000fp8j,5.71,mw
usp000fp9b,5.7,mwc
usp000fp9d,6.3,mwc
usp000fp9t,6.3,mwc
usp000fpa0,5.5,mwc
usp000fpaf,5.5,mwc
usp000fpb8,5.5,mwc
usp000fpc0,5.7,mwc
usp000fpc1,5.9,mwc
usp000fpca,7.4,mww
usp000fpdp,5.7,mwc
usp000fpdq,6.0,mwc
usp000fpdt,5.5,mwc
usp000fpeu,5.6,mwc
usp000fpf5,5.6,mwc
usp000fpg6,6.9,mww
usp000fpgq,7.4,mww
usp000fphp,6.6,mwc
usp000fpja,5.5,mwc
usp000fpn0,5.9,mwc
usp000fppe,5.9,mwc
usp000fpqs,6.3,mwc
usp000fpqt,6.2,mw
usp000fpv9,6.2,mwc
usp000fpve,5.6,mwc
usp000fpxf,6.5,mwc
usp000fq0b,6.1,mwc
usp000fq4v,5.7,mwc
usp000fq4z,5.6,mwc
usp000fq6r,5.9,mwc
usp000fq7f,5.9,mwc
usp000fqb5,5.4,mwc
usp000fqbq,5.7,mwc
usp000fqek,5.4,mwc
usp000fqfm,6.0,mwc
usp000fqks,6.8,mww
usp000fqmj,6.1,mwc
usp000fqqn,6.6,mww
usp000fqr4,5.5,mwc
usp000fque,5.7,mwc
usp000fqw1,5.5,mwc
usp000fr01,5.9,mwc
usp000fr0h,5.5,mwc
usp000fr0q,5.6,mwc
usp000fr4d,5.8,mwc
usp000fr6r,6.8,mww
usp000fr7d,5.6,mwc
usp000fr7m,5.5,mwc
usp000fr80,5.6,mwc
usp000fr8c,6.1,mwc
usp000fr9p,5.5,mwc
usp000fr9q,5.5,mwc
usp000frab,5.5,mwc
usp000fraf,5.6,mwc
usp000frnh,7.2,mww
usp000frpp,6.0,mwc
usp000frqm,5.4,mwc
usp000frsz,5.6,mwc
usp000frua,5.7,mwc
usp000frug,5.8,mwc
usp000frv1,5.6,mwc
usp000frv7,6.2,mwc
usp000fry0,5.6,mwc
usp000frzm,5.7,mwc
usp000fs1e,5.5,mwc
usp000fs3t,5.5,mwc
usp000fs9s,6.6,mww
usp000fsas,5.6,mwc
usp000fsb8,5.9,mwc
usp000fsb9,5.5,mwc
usp000fsbt,5.4,mwc
usp000fsd7,5.7,mwc
usp000fshy,7.8,mww
usp000fsjk,6.06,mw
usp000fsme,6.3,mwc
usp000fsmf,6.9,mww
usp000fsmx,5.8,mwc
usp000fsnz,6.8,mww
usp000fspj,5.5,mwc
usp000fsrh,5.5,mwc
usp000fssq,5.9,mwc
usp000fsu0,6.0,mwc
usp000fsun,5.7,mwc
usp000fsvq,6.3,mwc
usp000fswp,6.0,mwc
usp000fsx6,5.8,mwc
usp000fsxh,5.9,mwc
usp000fsyv,6.0,mwc
usp000fsz8,5.9,mwc
usp000fszg,6.1,mwc
usp000ft00,5.7,mwc
usp000ft16,5.8,mwc
usp000ft2k,6.7,mww
usp000ft3u,5.8,mwc
usp000ft42,5.9,mwc
usp000ft52,5.5,mwc
usp000ft53,5.6,mwc
usp000ft5j,5.5,mwc
usp000ft6k,5.6,mwc
usp000ft80,5.6,mwc
usp000ft85,5.9,mwc
usp000ft98,6.5,mwc
usp000ft9g,5.9,mwc
usp000ft9p,6.5,mwc
usp000ftbs,5.9,mwc
usp000ftc6,5.7,mwc
usp000ftch,5.8,mwc
usp000ftd0,5.9,mwc
usp000ftdp,6.5,mww
usp000ftgv,6.3,mwc
usp000ftj1,7.4,mww
usp000ftmr,5.9,mwc
usp000ftt4,5.9,mwc
usp000ftt7,5.7,mwc
usp000ftth,5.6,mwc
usp000fty2,5.7,mwc
usp000ftye,5.9,mwc
usp000ftyq,5.9,mwc
usp000ftyt,5.6,mwc
usp000ftz9,5.5,mwc
usp000fu0x,5.8,mwc
usp000fu2j,5.6,mwc
usp000fu3d,5.6,mwc
usp000fu3q,7.8,mww
usp000fu6n,5.7,mwc
usp000fu96,5.9,mwc
usp000fuba,5.8,mwc
usp000fuc0,6.0,mwc
usp000fuce,6.2,mwc
usp000fud1,6.2,mwc
usp000fuf0,5.5,mwc
usp000fugb,6.0,mwc
usp000fugf,6.4,mwc
usp000fuh6,5.9,mwc
usp000fujd,6.7,mww
usp000fuse,7.1,mww
usp000fusw,5.91,mw
usp000fut3,6.01,mw
usp000futs,5.6,mwc
usp000fuv0,5.5,mwc
usp000fuvt,6.6,mww
usp000fuw2,5.7,mwc
usp000fuxg,5.6,mwc
usp000fuxu,5.98,mw
usp000fuxv,6.3,mwc
usp000fv00,6.2,mwc
usp000fv0p,6.1,mwc
usp000fv78,6.1,mwc
usp000fv7c,5.8,mwc
usp000fvad,6.4,mwc
usp000fvau,5.5,mwc
usp000fvaw,5.6,mwc
usp000fvcs,5.6,mwc
usp000fvf0,5.6,mwc
usp000fvhp,5.6,mwc
usp000fvkw,5.9,mwc
usp000fvmz,5.7,mwc
usp000fvrz,5.6,mwc
usp000fvt8,6.3,mwc
usp000fvta,5.8,mwc
usp000fvy8,6.0,mwc
usp000fvzw,5.6,mwc
usp000fw0k,5.7,mwc
usp000fw0t,5.7,mwc
usp000fw0w,6.6,mww
usp000fw12,6.4,mwc
usp000fw1v,5.7,mwc
usp000fw2w,6.2,mwc
usp000fw5b,5.9,mwc
usp000fw5w,5.6,mwc
usp000fw5x,5.6,mwc
usp000fw98,5.8,mwc
usp000fwaj,6.4,mwc
usp000fwb9,6.1,mwc
usp000fwcm,6.3,mwc
usp000fwmm,5.7,mwc
usp000fwqa,5.9,mwc
usp000fwsh,6.5,mww
usp000fwu1,5.9,mwc
usp000fwz3,5.5,mwc
usp000fx2u,5.6,mwc
usp000fx3q,5.5,mwc
usp000fx3z,6.1,mwc
usp000fx5n,5.8,mwc
usp000fx72,6.0,mwc
usp000fx79,6.1,mwc
usp000fx81,6.2,mwc
usp000fx8b,5.5,mwc
usp000fx94,5.5,mwc
usp000fxb5,5.9,mwc
usp000fxd1,5.9,mwc
usp000fxq5,5.6,mwc
usp000fxrt,6.2,mwc
usp000fxsh,5.5,mwc
usp000fxu7,5.8,mwc
usp000fxxe,5.5,mwc
usp000fxxh,6.0,mwc
usp000fy21,5.9,mwc
usp000fy2r,5.6,mwc
usp000fy4h,5.5,mwc
usp000fy5k,6.3,mwc
usp000fy76,5.9,mwc
usp000fyc1,5.8,mwc
usp000fyc7,5.6,mwc
usp000fydn,5.7,mwc
usp000fyep,7.0,mww
usp000fyhw,6.0,mwc
usp000fykt,6.6,mww
usp000fyq9,5.5,mwc
usp000fyrt,6.5,mwc
usp000fyuj,6.2,mwc
usp000fyw4,6.8,mww
usp000fywh,6.4,mww
usp000fz03,5.7,mwc
usp000fz1p,6.1,mwc
usp000fzau,7.4,mww
usp000fzbj,5.56,mw
usp000fzcj,6.2,mwc
usp000fzeu,6.1,mwc
usp000fzk0,5.6,mwc
usp000fzkk,5.7,mwc
usp000fzr9,5.6,mwc
usp000fzsd,6.8,mww
usp000fzv0,6.5,mwc
usp000fzx4,7.1,mww
usp000fzy8,6.6,mwc
usp000fzyk,6.7,mww
usp000g01s,5.9,mwc
usp000g03k,5.5,mwc
usp000g03x,6.2,mwc
usp000g06r,5.6,mwc
usp000g090,5.7,mwc
usp000g09n,5.6,mwc
usp000g0e3,5.6,mwc
usp000g0em,5.6,mwc
usp000g0ff,5.8,mwc
usp000g0hs,6.2,mwc
usp000g0jk,6.5,mwc
usp000g0k8,6.0,mwc
usp000g0k9,6.8,mww
usp000g0qg,5.5,mwc
usp000g0tp,5.9,mwc
usp000g0ug,5.5,mwc
usp000g152,5.6,mwc
usp000g17t,5.6,mwc
usp000g1ad,6.4,mwc
usp000g1af,6.3,mwc
usp000g1dj,6.0,mwc
usp000g1e5,5.7,mwc
usp000g1gj,6.0,mwc
usp000g1j1,6.0,mwc
usp000g1j2,5.7,mwc
usp000g1pt,5.6,mwc
usp000g1qt,6.2,mwc
usp000g1v5,6.0,mwc
usp000g1w2,7.0,mww
usp000g1wc,6.14,mw
usp000g22p,6.2,mwc
usp000g275,5.5,mwc
usp000g296,6.2,mwc
usp000g2cy,5.5,mwc
usp000g2e4,5.6,mwc
usp000g2e8,5.6,mwc
usp000g2fy,5.6,mwc
usp000g2h6,5.5,mwc
usp000g2hn,5.7,mwc
usp000g2kb,5.8,mwc
usp000g2kt,5.7,mwc
usp000g2m6,5.5,mwc
usp000g2n0,5.5,mwc
usp000g2n7,6.3,mwc
usp000g2r3,5.5,mwc
usp000g2y3,5.7,mwc
usp000g2ye,5.7,mwc
usp000g2z1,5.7,mwc
usp000g332,5.5,mwc
usp000g3ar,5.8,mwc
usp000g3b2,5.5,mwc
usp000g3ec,6.4,mwc
usp000g3ee,6.3,mwc
usp000g3eq,7.3,mww
usp000g3f7,6.3,mwc
usp000g3h1,5.8,mwc
usp000g3h4,5.5,mwc
usp000g3hg,5.5,mwc
usp000g3jp,5.5,mwc
usp000g3n3,5.5,mwc
usp000g3ng,5.5,mwc
usp000g3ph,5.9,mwc
usp000g3pq,6.1,mwc
usp000g3q9,7.0,mww
usp000g3rj,5.5,mwc
usp000g3ru,5.5,mwc
usp000g3wg,6.0,mwc
usp000g3y3,6.1,mwc
usp000g402,5.7,mwc
usp000g412,6.4,mwc
usp000g418,6.3,mwc
usp000g41s,6.5,mww
usp000g425,5.7,mwc
usp000g43m,5.8,mwc
usp000g462,5.5,mwc
usp000g48y,6.3,mwc
usp000g492,5.8,mwc
usp000g49j,6.1,mwc
usp000g49s,6.3,mwc
usp000g4af,5.9,mwc
usp000g4dv,5.6,mwc
usp000g4my,5.5,mwc
usp000g4nm,6.0,mwc
usp000g4pt,5.7,mwc
usp000g4r4,6.5,mwc
usp000g4y1,5.9,mwc
usp000g4z9,5.6,mwc
usp000g502,5.8,mwc
usp000g51j,6.1,mwc
usp000g51v,6.4,mwc
usp000g523,6.1,mwc
usp000g539,5.8,mwc
usp000g54s,5.9,mwc
usp000g580,5.7,mwc
usp000g59v,6.6,mww
usp000g5e3,5.8,mwc
usp000g5nh,5.5,mwc
usp000g5rg,6.2,mwc
usp000g5rq,6.1,mwc
usp000g5rx,6.8,mww
usp000g5wa,5.6,mwc
usp000g5yf,6.7,mww
usp000g619,5.6,mwc
usp000g650,8.0,mww
usp000g652,5.26,mw
usp000g68b,6.1,mwc
usp000g6dz,5.6,mwc
usp000g6h2,5.8,mwc
usp000g6sd,5.7,mwc
usp000g6vd,5.9,mwc
usp000g6y2,5.6,mwc
usp000g735,5.8,mwc
usp000g75e,5.7,mwc
usp000g774,5.9,mwc
usp000g783,5.6,mwc
usp000g78b,6.0,mwc
usp000g7ar,6.3,mwc
usp000g7ay,5.6,mwc
usp000g7b9,5.6,mwc
usp000g7ew,5.5,mwc
usp000g7ke,6.5,mwc
usp000g7kt,5.7,mwc
usp000g7m6,5.5,mwc
usp000g7nd,5.9,mwc
usp000g7p6,5.9,mwc
usp000g7r4,6.1,mwc
usp000g7u8,5.6,mwc
usp000g7vq,5.9,mwc
usp000g7w8,5.7,mwc
usp000g7wm,5.7,mwc
usp000g826,6.3,mwc
usp000g83w,5.8,mwc
usp000g847,5.7,mwc
usp000g867,6.4,mwc
usp000g88f,5.8,mwc
usp000g88q,5.5,mwc
usp000g88u,6.3,mwc
usp000g8aj,6.5,mwc
usp000g8c9,5.6,mwc
usp000g8g4,6.2,mwc
usp000g8g9,5.9,mwc
usp000g8gm,5.8,mwc
usp000g8gp,6.0,mwc
usp000g8j4,5.7,mwc
usp000g8kb,6.0,mwc
usp000g8kt,5.8,mwc
usp000g8qr,6.0,mwc
usp000g8r4,5.5,mwc
usp000g8vs,6.4,mwc
usp000g933,5.9,mwc
usp000g93e,5.6,mwc
usp000g96t,5.5,mwc
usp000g9ah,5.9,mwc
usp000g9h6,6.8,mww
usp000g9hj,5.5,mwr
usp000g9p3,5.9,mwc
usp000g9qe,6.0,mwc
usp000g9wy,5.9,mwc
usp000ga1d,5.4,mwc
usp000ga4q,5.5,mwc
usp000ga7w,5.6,mwc
usp000ga9w,5.8,mwc
usp000gabx,6.1,mwc
usp000gacw,5.6,mwc
usp000gagd,5.5,mwc
usp000gagm,5.7,mwc
usp000gaj1,5.7,mwc
usp000gak3,5.5,mwc
usp000gang,6.1,mwc
usp000gapt,6.5,mww
usp000gaq4,5.9,mwc
usp000gaua,6.1,mwc
usp000gaxk,5.5,mwc
usp000gaxv,5.5,mwc
usp000gaz0,6.0,mwc
usp000gazv,7.0,mww
usp000gb1g,5.6,mwc
usp000gb6n,6.2,mwc
usp000gb74,5.8,mwc
usp000gbc0,7.7,mww
usp000gbed,5.7,mwc
usp000gbf8,5.7,mwc
usp000gbhg,5.5,mwc
usp000gbmx,6.0,mwc
usp000gbn0,6.2,mwc
usp000gbwa,5.7,mwc
usp000gbxb,5.5,mwc
usp000gc2b,6.2,mwc
usp000gc46,5.6,mwc
usp000gc72,6.4,mwc
usp000gc7h,5.7,mwc
usp000gcae,5.7,mwc
usp000gcbj,5.5,mwc
usp000gcf1,5.5,mwc
usp000gcf5,5.7,mwc
usp000gcjg,6.9,mww
usp000gckc,6.6,mww
usp000gcke,5.49,mw
usp000gckp,6.2,mwc
usp000gcnf,6.4,mwc
usp000gcr7,5.5,mwc
usp000gcr8,5.8,mwc
usp000gcsz,6.0,mwc
usp000gczp,6.8,mww
usp000gd09,5.5,mwc
usp000gd0v,6.2,mwc
usp000gd1g,5.7,mwc
usp000gd39,5.9,mwc
usp000gd4r,5.5,mwc
usp000gd9j,5.9,mwc
usp000gdbt,5.9,mwc
usp000gdbu,6.0,mwc
usp000gdds,5.7,mwc
usp000gdg3,5.5,mwc
usp000gdkc,5.7,mwc
usp000gdkg,5.6,mwc
usp000gdp1,5.5,mwc
usp000gdtk,5.8,mwc
usp000gdub,5.4,mwc
usp000gdus,6.3,mwc
usp000gdw4,6.0,mwc
usp000ge01,5.9,mwc
usp000ge0q,5.5,mwc
usp000ge3t,5.8,mwc
usp000ge4u,5.6,mwc
usp000ge5t,5.8,mwc
usp000ge8h,6.5,mwc
usp000ge99,5.5,mwc
usp000ge9g,6.3,mwc
usp000geas,6.2,mwc
usp000gebh,5.7,mwc
usp000gef7,6.0,mwc
usp000gefw,5.8,mwc
usp000gehn,5.7,mwc
usp000gekh,5.7,mwc
usp000genv,5.5,mwc
usp000gepp,5.5,mwc
usp000geqv,6.0,mwc
usp000gesj,5.7,mwc
usp000gewb,5.6,mwc
usp000gf02,5.5,mwc
usp000gf0f,5.7,mwc
usp000gf0s,5.7,mwc
usp000gf11,6.0,mwc
usp000gf5p,6.0,mwc
usp000gf7u,6.0,mwc
usp000gff8,5.8,mwc
usp000gfg5,5.5,mwc
usp000gfga,6.6,mww
usp000gfjv,5.7,mwc
usp000gfmr,6.4,mwc
usp000gfng,6.3,mwc
usp000gfp7,5.7,mwc
usp000gfre,5.8,mwc
usp000gfug,5.9,mwc
usp000gfuy,6.3,mwc
usp000gfzr,6.4,mwc
usp000gg00,6.0,mwc
usp000gg1k,5.5,mwc
usp000gg2j,5.6,mwc
usp000gg4h,6.0,mwc
usp000gg4y,5.7,mwc
usp000gg5w,5.6,mwc
usp000ggap,6.3,mwc
usp000ggcx,5.6,mwc
usp000ggdn,5.8,mwc
usp000ggfe,5.6,mwc
usp000ggg1,5.8,mwc
usp000gggx,5.8,mwc
usp000ggmp,6.2,mwc
usp000ggp4,6.9,mww
usp000ggq7,5.5,mwc
usp000ggqg,5.9,mwc
usp000ggr9,5.6,mwc
usp000ggrr,5.5,mwc
usp000ggsg,6.1,mwc
usp000ggsv,6.6,mww
usp000ggtf,5.7,mwc
usp000ggu7,6.5,mww
usp000ggu8,6.8,mwc
usp000ggy0,5.8,mwc
usp000ggye,5.9,mwc
usp000ggyg,5.6,mwc
usp000ggze,5.7,mwc
usp000gh0e,5.6,mwc
usp000gh24,5.5,mwc
usp000gh4x,5.8,mwc
usp000gh59,5.7,mwc
usp000gh8u,6.0,mwc
usp000gh9g,5.8,mwc
usp000ghcm,5.6,mwc
usp000ghh2,5.6,mwc
usp000ghm1,6.4,mwc
usp000ghnu,6.0,mwc
usp000ghsd,5.7,mwc
usp000ght5,5.7,mwc
usp000ght7,5.9,mwc
usp000ghww,5.5,mwc
usp000ghyg,7.0,mww
usp000gj2j,5.7,mwc
usp000gj38,5.5,mwc
usp000gj6h,5.8,mwc
usp000gj6x,5.6,mwc
usp000gj72,5.7,mwc
usp000gj74,5.6,mwc
usp000gj8t,5.4,mwc
usp000gj9s,5.7,mwc
usp000gja3,5.5,mwc
usp000gjce,6.1,mwc
usp000gjd4,6.6,mww
usp000gjd5,5.81,mw
usp000gjdd,6.11,mw
usp000gjf6,6.0,mwc
usp000gjgt,6.3,mwc
usp000gjmm,5.7,mwc
usp000gjqa,5.5,mwc
usp000gjt1,5.9,mwc
usp000gjtm,5.6,mwc
usp000gjy6,5.8,mwc
usp000gjyf,6.1,mwc
usp000gjz6,5.5,mwc
usp000gk3x,6.2,mwc
usp000gkde,6.6,mww
usp000gkdf,5.86,mw
usp000gkfx,5.7,mwc
usp000gkje,6.9,mww
usp000gkk1,5.6,mwc
usp000gkmx,5.9,mwc
usp000gkra,5.6,mwc
usp000gkta,6.4,mwc
usp000gkux,5.7,mwc
usp000gkuz,6.3,mwc
usp000gm0x,5.7,mwc
usp000gm1j,5.7,mwc
usp000gm2d,5.6,mwc
usp000gm48,5.6,mwc
usp000gm7s,6.0,mwc
usp000gm8g,6.4,mwc
usp000gm8w,5.7,mwc
usp000gma2,6.4,mwc
usp000gmcy,5.5,mwc
usp000gmeh,6.1,mwc
usp000gmjn,6.0,mwc
usp000gmjr,5.8,mwc
usp000gmk8,5.7,mwc
usp000gmps,6.1,mwc
usp000gmpz,5.7,mwc
usp000gmvp,5.7,mwc
usp000gmvs,5.6,mwc
usp000gmyk,6.3,mwc
usp000gmze,5.7,mwc
usp000gn2j,5.9,mwc
usp000gn4r,6.4,mwc
usp000gn4u,5.7,mwc
usp000gn59,5.5,mwc
usp000gn66,6.2,mwc
usp000gn7g,6.0,mwc
usp000gn7m,5.5,mwc
usp000gnbj,6.3,mwc
usp000gnkt,5.6,mwc
usp000gnkv,5.5,mwc
usp000gnn8,5.9,mwc
usp000gnsv,5.8,mwc
usp000gnu8,5.5,mwc
usp000gnur,7.4,mww
usp000gnus,6.19,mw
usp000gnuw,5.73,mw
usp000gnw0,5.6,mwc
usp000gnwz,5.7,mwc
usp000gnzu,5.5,mwc
usp000gp1c,6.3,mwc
usp000gp28,5.8,mwc
usp000gp54,6.0,mwc
usp000gp64,5.6,mwc
usp000gp75,6.3,mwc
usp000gp76,6.4,mwc
usp000gp78,6.25,mw
usp000gp7g,5.7,mwc
usp000gp7q,6.3,mwc
usp000gp82,5.7,mwc
usp000gp8s,5.5,mwc
usp000gp8u,5.6,mwc
usp000gpbs,7.3,mww
usp000gpd2,5.6,mwc
usp000gpdz,5.6,mwc
usp000gpe3,5.6,mwc
usp000gpja,5.5,mwc
usp000gpks,5.9,mwc
usp000gpm2,5.9,mwc
usp000gpn6,6.0,mwc
usp000gppg,5.6,mwc
usp000gpte,5.9,mwc
usp000gpw5,5.8,mwc
usp000gpxj,5.5,mwc
usp000gpzt,5.5,mwc
usp000gq13,5.7,mwc
usp000gq1h,6.4,mwc
usp000gq3c,5.6,mwc
usp000gq5e,5.5,mwc
usp000gq70,6.3,mwc
usp000gq7y,6.8,mww
usp000gq94,5.7,mwc
usp000gq9d,6.1,mwc
usp000gq9t,5.7,mwc
usp000gqa5,5.7,mwc
usp000gqbd,6.0,mwc
usp000gqdf,5.7,mwc
usp000gqe1,5.9,mwc
usp000gqgt,5.9,mwc
usp000gqj1,5.6,mwc
usp000gqm7,5.5,mwc
usp000gqsq,5.8,mwc
usp000gqvt,5.6,mwc
usp000gqvv,6.2,mwc
usp000gqw3,6.0,mwc
usp000gqxr,5.9,mwc
usp000gqxv,5.7,mwc
usp000gr0a,6.3,mwc
usp000gr15,5.6,mwc
usp000gr1h,5.5,mwc
usp000gr1z,5.8,mwc
usp000gr3j,5.9,mwc
usp000gr8h,5.9,mwc
usp000grbu,6.0,mwc
usp000grdn,5.5,mwc
usp000grdx,6.3,mwc
usp000greb,5.8,mwc
usp000grg4,5.8,mwc
usp000grrm,5.8,mwc
usp000grvs,5.9,mwb
usp000gryu,5.8,mwc
usp000grzf,5.5,mwc
usp000gs11,5.6,mwc
usp000gs13,5.5,mwc
usp000gs2d,7.6,mww
usp000gs2f,5.75,mw
usp000gs2v,6.6,mwc
usp000gs3m,6.01,mw
usp000gs3t,7.4,mwc
usp000gs3x,6.1,mw
usp000gs4s,5.7,mwc
usp000gs51,5.9,mwc
usp000gs6n,5.7,mwc
usp000gs7c,5.5,mwc
usp000gs9t,6.0,mwc
usp000gsb3,5.6,mwc
usp000gsc8,5.5,mwc
usp000gscg,6.1,mwc
usp000gscv,5.7,mwc
usp000gshh,6.0,mwc
usp000gsm5,6.5,mww
usp000gsmr,5.6,mwc
usp000gsmy,5.7,mwc
usp000gsmz,7.4,mww
usp000gsq0,5.8,mwc
usp000gsqq,5.8,mwc
usp000gssv,6.4,mwc
usp000gstk,6.5,mww
usp000gstn,6.0,mwc
usp000gsuy,5.6,mwc
usp000gswg,5.5,mwc
usp000gsy5,6.1,mwc
usp000gsze,6.0,mwc
usp000gszq,6.1,mwc
usp000gt0w,5.9,mwc
usp000gt1m,5.6,mwc
usp000gt4d,5.8,mwc
usp000gt4p,5.8,mwc
usp000gt4s,5.7,mwc
usp000gt5m,5.9,mwc
usp000gt65,5.5,mwc
usp000gt67,5.7,mwc
usp000gt6q,5.7,mwc
usp000gt6z,5.5,mwc
usp000gt8f,5.6,mwc
usp000gt8u,5.7,mwc
usp000gtau,5.5,mwc
usp000gtaz,5.7,mwb
usp000gtd6,6.0,mwc
usp000gtje,5.6,mwc
usp000gtk7,5.9,mwc
usp000gtn0,5.5,mwc
usp000gtn8,5.7,mwc
usp000gtnc,7.1,mww
usp000gtng,5.67,mw
usp000gtnw,6.0,mwc
usp000gtp8,5.75,mw
usp000gtpj,5.49,mw
usp000gtqs,5.9,mwc
usp000gtr9,5.45,mw
usp000gtrp,5.6,mwc
usp000gts3,6.0,mwc
usp000gtsk,5.6,mwc
usp000gtsq,6.0,mwc
usp000gttg,6.3,mwc
usp000gtua,5.7,mwc
usp000gtuf,5.8,mwc
usp000gtwu,5.6,mwc
usp000gu0x,5.7,mwc
usp000gu0z,6.1,mwc
usp000gu33,5.5,mwc
usp000gu3b,6.0,mwc
usp000gu4s,5.9,mwc
usp000gu4v,5.6,mwc
usp000gu5x,6.9,mww
usp000gu6z,5.6,mwc
usp000gu73,5.5,mwc
usp000gu7z,5.5,mwc
usp000gu8k,5.5,mwc
usp000gu9x,6.0,mwc
usp000gub8,5.8,mwc
usp000guby,5.6,mwc
usp000gubz,5.7,mwc
usp000gud4,5.5,mwc
usp000gudq,5.5,mwc
usp000gudx,5.5,mwc
usp000gufa,5.5,mwc
usp000gufy,6.3,mwc
usp000guha,5.5,mwc
usp000guhm,5.6,mwc
usp000gunt,5.9,mwc
usp000gunu,5.5,mwc
usp000gupe,5.8,mwc
usp000gupr,6.5,mwc
usp000gutc,5.5,mwc
usp000guu0,5.5,mwc
usp000guv5,5.9,mwc
usp000guvb,5.9,mwc
usp000guws,5.5,mwc
usp000guxx,6.3,mwc
usp000gv04,5.8,mwc
usp000gv0b,5.7,mwc
usp000gv0t,5.5,mwc
usp000gv1a,5.9,mwc
usp000gv1j,6.3,mwc
usp000gv1s,5.7,mwc
usp000gv3y,5.5,mwc
usp000gv5p,7.6,mww
usp000gv7b,5.5,mwc
usp000gvb1,5.5,mwc
usp000gvcs,5.8,mwc
usp000gvdx,5.5,mwc
usp000gveg,5.7,mwc
usp000gvet,5.8,mwc
usp000gvex,5.9,mwc
usp000gvh2,6.0,mwc
usp000gvjk,5.7,mwc
usp000gvjn,5.8,mwc
usp000gvm7,5.5,mwc
usp000gvmx,6.4,mwc
usp000gvn2,5.6,mwc
usp000gvqb,5.6,mwc
usp000gvqj,5.7,mwc
usp000gvqy,6.3,mwc
usp000gvr3,5.9,mwc
usp000gvrh,5.5,mwc
usp000gvrt,5.5,mwc
usp000gvsp,5.8,mwc
usp000gvsw,5.6,mwc
usp000gvtu,6.3,mwc
usp000gvuh,5.6,mwc
usp000gvv4,6.9,mww
usp000gvvw,5.5,mwc
usp000gvx1,5.6,mwc
usp000gw3c,5.6,mwc
usp000gw41,5.5,mwc
usp000gw57,5.9,mwc
usp000gw60,5.7,mwc
usp000gw6a,5.7,mwc
usp000gw6c,6.3,mwc
usp000gw6j,5.8,mwc
usp000gw7m,6.7,mww
usp000gw80,5.5,mwc
usp000gw8e,6.1,mwc
usp000gw9j,5.7,mwc
usp000gwaa,5.8,mwc
usp000gwbc,5.7,mwc
usp000gwbe,6.6,mww
usp000gwbr,6.1,mwc
usp000gwd9,5.6,mwc
usp000gwdn,5.6,mwc
usp000gwe2,5.8,mwc
usp000gwef,6.2,mwc
usp000gweg,5.7,mwc
usp000gwfd,5.7,mwc
usp000gwgw,5.5,mwc
usp000gwka,6.1,mwc
usp000gwmq,5.8,mwc
usp000gwnj,5.6,mwc
usp000gwqh,5.9,mwc
usp000gwrk,5.6,mwc
usp000gwt5,6.3,mwc
usp000gwtn,5.5,mwc
usp000gwtx,5.4,mwc
usp000gwx7,5.5,mwc
usp000gwz5,6.1,mwc
usp000gx1k,6.1,mwc
usp000gx1q,5.5,mwc
usp000gx28,5.8,mwc
usp000gx2w,5.7,mwc
usp000gx35,5.8,mwc
usp000gx5u,6.5,mww
usp000gx7v,5.6,mwc
usp000gx8e,5.5,mwc
usp000gx9d,5.8,mwc
usp000gxam,5.7,mwc
usp000gxc9,5.7,mwc
usp000gxd3,5.5,mwc
usp000gxdm,5.6,mwc
usp000gxdx,5.5,mwc
usp000gxey,5.8,mwc
usp000gxfc,5.6,mwc
usp000gxfp,5.6,mwc
usp000gxgq,5.5,mwc
usp000gxhe,5.5,mwc
usp000gxkj,7.3,mww
usp000gxme,5.5,mwc
usp000gxmz,5.7,mwc
usp000gxnt,5.7,mwc
usp000gxph,5.5,mwc
usp000gxsf,6.3,mwc
usp000gxsh,5.7,mwc
usp000gxsm,5.5,mwc
usp000gxsw,5.5,mwc
usp000gxu7,5.6,mwc
usp000gxuc,5.6,mwc
usp000gxva,5.6,mwc
usp000gxvc,6.0,mwc
usp000gxvt,6.4,mwc
usp000gxw3,5.7,mwc
usp000gxwk,5.7,mwc
usp000gxx2,5.8,mwc
usp000gxy3,6.0,mwc
usp000gxyv,5.5,mwc
usp000gxzg,5.5,mwc
usp000gy0j,5.5,mwc
usp000gy1d,5.6,mwc
usp000gy2f,5.6,mwc
usp000gy2s,5.5,mwc
usp000gy48,6.0,mwc
usp000gy5w,5.5,mwc
usp000gy63,6.1,mwc
usp000gy9c,6.1,mwc
usp000gy9v,5.6,mwc
usp000gych,5.8,mwc
usp000gycn,5.5,mwc
usp000gyg7,5.7,mwc
usp000gyhg,5.6,mwc
usp000gyhq,6.7,mww
usp000gyp3,5.5,mwc
usp000gyq8,5.7,mwc
usp000gytt,6.4,mwc
usp000gyud,5.8,mwc
usp000gyws,6.0,mwc
usp000gyxm,6.1,mwc
usp000gyzj,5.5,mwc
usp000gyzk,6.1,mwc
usp000gyzu,5.7,mwc
usp000gz0p,5.7,mwc
usp000gz0t,6.1,mwc
usp000gz1t,6.0,mwc
usp000gz2j,5.7,mwc
usp000gz2v,5.5,mwc
usp000gz5d,6.1,mwc
usp000gz6x,5.9,mwc
usp000gz7c,6.3,mwc
usp000gz83,5.7,mwc
usp000gz8j,7.8,mww
usp000gz8p,5.95,mw
usp000gz9k,6.1,mwc
usp000gzb6,5.8,mwc
usp000gzbe,5.7,mwc
usp000gzbh,5.6,mwc
usp000gzbv,5.7,mwc
usp000gzfv,5.5,mwc
usp000gzjs,5.8,mwc
usp000gzkn,5.9,mwc
usp000gzmg,5.6,mwc
usp000gzpq,5.8,mwc
usp000gzpr,5.7,mwc
usp000gzrh,5.6,mwc
usp000gzsp,5.5,mwc
usp000gzst,5.5,mwc
usp000gzts,5.8,mwc
usp000gzuy,5.7,mwc
usp000gzvz,6.1,mwc
usp000gzwu,6.1,mwc
usp000gzya,5.39,mw
usp000gzyb,6.9,mww
usp000gzyf,6.2,mwc
usp000gzzq,6.1,mwc
usp000h004,6.1,mwc
usp000h005,5.8,mwc
usp000h02k,5.6,mwc
usp000h041,5.5,mwc
usp000h04c,5.5,mwc
usp000h04j,7.1,mww
usp000h054,6.5,mww
usp000h05t,5.7,mwc
usp000h05x,7.5,mww
usp000h05y,6.2,mwr
usp000h07g,5.5,mwc
usp000h08m,5.5,mwc
usp000h08r,5.5,mwc
usp000h08u,5.7,mwc
usp000h093,6.5,mww
usp000h09f,5.5,mwc
usp000h09t,5.9,mwc
usp000h09u,5.8,mwc
usp000h09w,5.6,mwc
usp000h0bq,5.8,mwc
usp000h0ds,5.5,mwc
usp000h0eg,5.6,mwc
usp000h0ew,6.7,mww
usp000h0fn,5.8,mwc
usp000h0gf,5.5,mwc
usp000h0gm,6.6,mww
usp000h0h9,6.1,mwc
usp000h0ha,5.7,mwc
usp000h0m1,5.4,mwc
usp000h0m3,5.6,mwc
usp000h0m7,6.3,mwc
usp000h0mr,5.5,mwc
usp000h0nu,6.0,mwc
usp000h0q4,5.6,mwc
usp000h0sj,5.5,mwc
usp000h0y1,5.3,mwc
usp000h0y7,6.8,mww
usp000h0y8,6.3,mwc
usp000h0ya,5.68,mw
usp000h0yb,5.62,mw
usp000h121,6.5,mww
usp000h134,5.8,mwc
usp000h152,7.0,mww
usp000h15r,6.1,mwc
usp000h16f,6.2,mwc
usp000h16n,5.9,mwc
usp000h18a,5.8,mwc
usp000h19n,5.5,mwc
usp000h1af,6.2,mwc
usp000h1ar,6.0,mwc
usp000h1bv,5.8,mwc
usp000h1c9,5.7,mwc
usp000h1cv,6.0,mwc
usp000h1dc,5.5,mwc
usp000h1ee,5.6,mwc
usp000h1fu,6.4,mwc
usp000h1m3,6.2,mwc
usp000h1mh,5.9,mwc
usp000h1mu,5.7,mwc
usp000h1n0,5.8,mwc
usp000h1n1,5.6,mwc
usp000h1n7,5.7,mwc
usp000h1r2,5.6,mwc
usp000h1r4,6.1,mwc
usp000h1rn,5.7,mwc
usp000h1rt,5.6,mwc
usp000h1sr,5.6,mwc
usp000h1sx,6.0,mwc
usp000h1tv,6.4,mwc
usp000h1ut,5.6,mwc
usp000h1xt,5.8,mwc
usp000h1ys,8.1,mww
usp000h1yt,6.04,mw
usp000h1yu,5.63,mw
usp000h1z1,5.74,mw
usp000h1z7,5.62,mw
usp000h1z9,5.78,mw
usp000h1za,5.73,mw
usp000h1zg,5.74,mw
usp000h21b,5.53,mw
usp000h21j,5.94,mw
usp000h221,5.56,mw
usp000h237,7.5,mww
usp000h23s,5.58,mw
usp000h23y,5.9,mwc
usp000h24c,6.6,mww
usp000h24w,5.8,mwc
usp000h25j,5.5,mwc
usp000h26s,5.5,mwc
usp000h271,6.1,mwc
usp000h28m,6.0,mwc
usp000h2ab,5.5,mwc
usp000h2b0,6.1,mww
usp000h2bn,5.5,mwc
usp000h2by,5.5,mwc
usp000h2c1,6.6,mww
usp000h2c2,5.64,mw
usp000h2cq,5.5,mwc
usp000h2ea,5.7,mwc
usp000h2et,5.5,mwc
usp000h2fk,5.7,mwc
usp000h2g5,5.8,mwc
usp000h2g6,6.7,mww
usp000h2g9,7.7,mww
usp000h2gc,6.47,mw
usp000h2gd,7.8,mwc
usp000h2ge,5.54,mw
usp000h2gf,5.64,mw
usp000h2gj,6.8,mwc
usp000h2gr,7.4,mwc
usp000h2gt,5.76,mw
usp000h2h1,6.24,mw
usp000h2h2,6.45,mw
usp000h2hu,5.95,mw
usp000h2hw,6.28,mw
usp000h2js,6.8,mwc
usp000h2jt,6.42,mw
usp000h2jy,6.1,mwc
usp000h2m8,6.0,mwc
usp000h2mh,5.6,mwc
usp000h2na,5.6,mwc
usp000h2ne,5.6,mwc
usp000h2nn,5.6,mwc
usp000h2p8,5.6,mwc
usp000h2pv,5.8,mwc
usp000h2q2,5.6,mwc
usp000h2qf,5.9,mwc
usp000h2qg,5.9,mwc
usp000h2qx,6.0,mwc
usp000h2r2,5.7,mwc
usp000h2sy,6.2,mwc
usp000h2t6,6.2,mwc
usp000h2te,5.4,mwc
usp000h2ts,5.7,mwc
usp000h2u7,6.5,mwc
usp000h2vq,5.7,mwc
usp000h2w0,6.0,mwc
usp000h2wq,6.4,mwc
usp000h2yb,6.3,mwc
usp000h2yn,5.5,mwc
usp000h2za,5.5,mwc
usp000h30d,6.0,mwc
usp000h30q,6.0,mwc
usp000h30u,5.7,mwc
usp000h325,6.1,mwc
usp000h33j,5.7,mwc
usp000h33n,5.6,mwc
usp000h34f,5.4,mwc
usp000h34g,5.5,mwc
usp000h35d,5.7,mwc
usp000h35r,5.8,mwc
usp000h36d,6.0,mwc
usp000h38g,6.0,mwc
usp000h39a,6.1,mwc
usp000h3aj,5.8,mwc
usp000h3at,6.0,mwc
usp000h3c5,6.9,mww
usp000h3cc,5.6,mwc
usp000h3cv,6.0,mwc
usp000h3da,5.6,mwc
usp000h3er,6.0,mwc
usp000h3h9,5.5,mwc
usp000h3hu,5.7,mwc
usp000h3j7,6.2,mwc
usp000h3jp,6.8,mww
usp000h3m9,5.9,mwc
usp000h3na,5.8,mwc
usp000h3nu,6.1,mwc
usp000h3pp,5.8,mwc
usp000h3qu,5.5,mwc
usp000h3r6,5.9,mwc
usp000h3rz,5.6,mwc
usp000h3s7,5.6,mwc
usp000h3s9,6.0,mwc
usp000h3t7,5.4,mwc
usp000h3uf,5.5,mwc
usp000h3v6,5.5,mwc
usp000h3vc,6.7,mww
usp000h3vf,5.6,mwc
usp000h3w0,5.5,mwc
usp000h3wn,7.2,mww
usp000h3wz,5.7,mwc
usp000h3xe,6.0,mwc
usp000h3ys,5.7,mwc
usp000h3z2,5.8,mwc
usp000h401,6.5,mww
usp000h408,5.8,mwc
usp000h41f,5.6,mwc
usp000h41w,6.2,mwc
usp000h44s,6.5,mww
usp000h44t,5.8,mwc
usp000h45f,5.5,mwc
usp000h48r,5.5,mwc
usp000h4ab,6.3,mwc
usp000h4b2,5.9,mwc
usp000h4b3,6.2,mwc
usp000h4be,5.6,mwc
usp000h4bu,5.7,mwc
usp000h4cs,6.7,mww
usp000h4cu,6.17,mw
usp000h4fa,5.9,mwc
usp000h4gy,6.0,mwc
usp000h4ha,6.0,mwc
usp000h4hk,6.1,mwc
usp000h4jx,5.5,mwc
usp000h4k9,5.7,mwc
usp000h4n9,5.6,mwc
usp000h4p8,5.5,mwc
usp000h4pt,6.0,mwc
usp000h4ta,5.7,mwc
usp000h4v7,5.9,mwc
usp000h4we,5.6,mwc
usp000h4wh,6.4,mwc
usp000h4wq,6.4,mwc
usp000h4ww,6.0,mwc
usp000h4x2,6.3,mwc
usp000h4yp,5.6,mwc
usp000h4z6,5.5,mwc
usp000h4zu,5.6,mwc
usp000h514,5.5,mwc
usp000h51c,6.0,mwc
usp000h52z,5.5,mwc
usp000h53c,5.5,mwc
usp000h543,5.6,mwc
usp000h54f,5.5,mwc
usp000h54k,5.8,mwc
usp000h555,5.8,mwc
usp000h56g,6.4,mwc
usp000h56h,5.56,mw
usp000h56x,6.0,mwc
usp000h599,6.0,mwc
usp000h59k,5.7,mwc
usp000h5a9,6.3,mwc
usp000h5aq,5.6,mwc
usp000h5c5,5.5,mwc
usp000h5ck,5.6,mwc
usp000h5cu,6.1,mwc
usp000h5d4,5.6,mwc
usp000h5dk,5.7,mwc
usp000h5f4,5.6,mwc
usp000h5gd,5.5,mwc
usp000h5hw,5.5,mwc
usp000h5j2,6.0,mwc
usp000h5j3,5.6,mwc
usp000h5j5,5.54,mw
usp000h5m6,6.0,mwc
usp000h5mt,5.8,mwc
usp000h5na,5.7,mwc
usp000h5nd,6.7,mww
usp000h5np,7.1,mwc
usp000h5pg,5.6,mwc
usp000h5q5,5.8,mwc
usp000h5ra,6.8,mww
usp000h5rn,6.8,mww
usp000h5rx,6.0,mwc
usp000h5sy,5.7,mwc
usp000h5t4,5.6,mwc
usp000h5t7,5.6,mwc
usp000h5tt,5.6,mwc
usp000h5vu,6.2,mwc
usp000h5zw,5.3,mwc
usp000h60h,7.0,mww
usp000h60j,6.0,mwc
usp000h60n,5.64,mw
usp000h61b,5.6,mwc
usp000h61c,5.6,mwc
usp000h61z,5.8,mwc
usp000h62t,5.5,mwc
usp000h62w,5.8,mwc
usp000h63w,5.8,mwc
usp000h641,5.5,mwc
usp000h655,5.9,mwc
usp000h659,5.7,mwc
usp000h65y,5.6,mwc
usp000h677,5.5,mwc
usp000h67y,5.6,mwc
usp000h684,5.7,mwc
usp000h68a,6.3,mwc
usp000h693,5.6,mwc
usp000h69z,5.9,mwc
usp000h6a0,5.5,mwc
usp000h6a2,5.7,mwc
usp000h6ay,5.6,mwc
usp000h6bt,5.9,mwc
usp000h6d2,5.9,mwc
usp000h6e0,5.5,mwc
usp000h6eg,5.6,mwc
usp000h6j3,5.5,mwc
usp000h6jk,5.4,mwc
usp000h6ju,5.6,mwc
usp000h6kk,5.5,mwc
usp000h6mc,5.6,mwc
usp000h6md,5.9,mwc
usp000h6ph,5.8,mwc
usp000h6pm,5.9,mwc
usp000h6q8,5.9,mwc
usp000h6rp,5.8,mwc
usp000h6rx,5.5,mwc
usp000h6s6,5.6,mwc
usp000h6sx,5.6,mwc
usp000h6v7,6.2,mwc
usp000h6ye,5.6,mwc
usp000h6z1,6.2,mwc
usp000h705,6.0,mwc
usp000h70x,5.5,mwc
usp000h71c,6.3,mwc
usp000h721,5.6,mwc
usp000h72b,5.9,mwc
usp000h72f,5.6,mwc
usp000h73d,5.7,mwc
usp000h73e,6.1,mwc
usp000h74t,5.5,mwc
usp000h766,5.5,mwc
usp000h76j,5.8,mwc
usp000h76q,5.5,mwc
usp000h77d,5.8,mwc
usp000h785,6.0,mwc
usp000h7bg,6.2,mwc
usp000h7dc,5.9,mwc
usp000h7dn,6.8,mww
usp000h7f9,5.8,mwc
usp000h7gr,5.5,mwc
usp000h7j7,5.7,mwc
usp000h7j9,6.0,mwc
usp000h7jb,5.6,mwc
usp000h7je,5.5,mwc
usp000h7mb,5.6,mwc
usp000h7np,5.7,mwc
usp000h7pq,5.6,mwc
usp000h7pt,5.5,mwc
usp000h7q6,5.7,mwc
usp000h7qu,7.0,mww
usp000h7rg,5.66,mw
usp000h7rh,5.64,mw
usp000h7rj,6.13,mw
usp000h7rk,6.51,mw
usp000h7rn,5.67,mw
usp000h7rs,5.92,mw
usp000h7ru,6.13,mw
usp000h7s1,5.54,mw
usp000h7s5,5.63,mw
usp000h7s7,5.62,mw
usp000h7s9,6.23,mw
usp000h7sa,5.63,mw
usp000h7sq,7.4,mwc
usp000h7ss,5.67,mw
usp000h7sx,6.32,mw
usp000h7t0,5.79,mw
usp000h7t2,5.66,mw
usp000h7t8,5.63,mw
usp000h7tf,5.65,mw
usp000h7u5,5.88,mw
usp000h7u9,5.69,mw
usp000h7uf,5.99,mw
usp000h7uh,5.95,mw
usp000h7vb,5.62,mw
usp000h7yb,6.3,mwc
usp000h7ys,5.64,mw
usp000h7z5,5.6,mw
usp000h7z8,6.1,mwb
usp000h7ze,5.57,mw
usp000h7zr,5.96,mw
usp000h7zt,5.88,mw
usp000h7zx,6.2,mwc
usp000h808,5.8,mwc
usp000h81s,5.9,mwc
usp000h81v,5.71,mw
usp000h81x,5.7,mwc
usp000h82j,5.9,mwc
usp000h85w,5.4,mwc
usp000h86y,6.2,mwc
usp000h89r,5.8,mwc
usp000h8be,5.6,mwc
usp000h8fk,5.8,mwc
usp000h8fw,5.5,mwc
usp000h8j5,5.6,mwc
usp000h8mn,6.1,mwc
usp000h8mx,5.8,mwc
usp000h8nd,6.3,mwc
usp000h8nh,6.0,mwc
usp000h8pu,6.4,mwc
usp000h8qr,6.3,mwc
usp000h8rk,6.1,mwc
usp000h8rt,6.6,mww
usp000h8s3,6.7,mww
usp000h8u4,5.5,mwc
usp000h8u8,5.7,mwc
usp000h8vq,6.3,mwc
usp000h8wc,5.9,mwc
usp000h8x1,6.1,mwc
usp000h8xh,5.6,mwc
usp000h8xu,6.1,mwc
usp000h8yu,5.8,mwc
usp000h90k,5.8,mwc
usp000h92q,5.6,mwc
usp000h93z,5.6,mwc
usp000h94t,6.8,mww
usp000h94v,7.0,mwc
usp000h94w,5.54,mw
usp000h94x,6.16,mw
usp000h95z,5.6,mwc
usp000h98u,5.7,mwc
usp000h99d,5.5,mwc
usp000h99t,5.9,mwc
usp000h9ae,5.8,mwc
usp000h9ap,5.5,mwc
usp000h9as,5.8,mwc
usp000h9br,6.4,mwc
usp000h9cg,6.5,mww
usp000h9cx,5.5,mwc
usp000h9dd,5.4,mwc
usp000h9dj,5.8,mwc
usp000h9dp,5.6,mwc
usp000h9eg,6.2,mwc
usp000h9fs,6.6,mww
usp000h9fv,5.9,mwc
usp000h9gd,5.8,mwc
usp000h9m5,5.6,mwc
usp000h9mk,5.5,mwc
usp000h9p8,5.5,mwc
usp000h9ra,6.5,mww
usp000h9rp,5.6,mwc
usp000h9tf,5.5,mwc
usp000h9vc,5.8,mwc
usp000h9x3,5.7,mwc
usp000h9yk,6.0,mwc
usp000ha05,5.7,mwc
usp000ha0a,6.1,mwc
usp000ha33,5.7,mwc
usp000ha3d,6.0,mwc
usp000ha3f,5.6,mwc
usp000ha4n,5.7,mwc
usp000ha59,6.6,mww
usp000ha75,5.6,mwc
usp000ha96,6.0,mwc
usp000habn,5.6,mwc
usp000hahs,6.2,mww
usp000hana,5.8,mwc
usp000hat0,7.7,mww
usp000havw,6.0,mwc
usp000hb2t,5.7,mwc
usp000hb3k,5.8,mwc
usp000hb4h,5.5,mwc
usp000hb4q,5.9,mwc
usp000hb5h,5.8,mwc
usp000hb6a,6.8,mww
usp000hb7n,6.3,mwc
usp000hb8p,5.7,mwc
usp000hbba,5.5,mwc
usp000hbbt,6.8,mww
usp000hbc2,6.1,mwc
usp000hbf4,5.6,mwc
usp000hbfk,5.7,mwc
usp000hbgx,5.6,mwc
usp000hbh2,5.7,mwc
usp000hbjk,5.5,mwc
usp000hbjw,6.2,mwc
usp000hbk2,5.6,mwc
usp000hbm3,5.6,mwb
usp000hbmk,5.6,mwc
usp000hbre,6.1,mwc
usp000hbtp,6.0,mwc
usp000hbug,6.0,mwc
usp000hbwg,5.6,mwc
usp000hbws,6.5,mwc
usp000hbzc,5.6,mwc
usp000hc3a,5.8,mwc
usp000hc4u,6.5,mwc
usp000hc4v,6.3,mwc
usp000hc7j,5.9,mwc
usp000hc8w,6.1,mwc
usp000hc92,5.5,mwc
usp000hc9m,6.3,mwc
usp000hcbj,5.9,mwc
usp000hcbx,6.6,mww
usp000hcc1,5.7,mwc
usp000hccn,6.2,mwc
usp000hcde,5.8,mwc
usp000hced,5.5,mwc
usp000hcf0,5.5,mwc
usp000hcfv,5.9,mwc
usp000hcg2,5.7,mwc
usp000hchk,7.2,mww
usp000hcst,5.6,mwc
usp000hct7,5.8,mwc
usp000hctm,5.8,mwc
usp000hcxh,6.0,mwc
usp000hcxv,6.0,mwc
usp000hcxy,6.0,mwc
usp000hcyh,5.6,mwc
usp000hcyw,5.9,mwc
usp000hczt,5.9,mwc
usp000hd18,5.7,mwc
usp000hd3r,6.1,mwc
usp000hd4k,6.5,mwc
usp000hd5b,5.5,mwc
usp000hd5e,6.3,mwc
usp000hd6j,6.5,mwc
usp000hd84,7.2,mww
usp000hd8v,6.1,mwc
usp000hd9c,5.8,mwc
usp000hdaw,5.8,mwc
usp000hddw,6.0,mwc
usp000hde8,6.5,mwc
usp000hdem,6.0,mwc
usp000hdf9,5.1,mwc
usp000hdfd,5.7,mwc
usp000hdfx,5.9,mwc
usp000hdg9,5.9,mwc
usp000hdgp,5.6,mwc
usp000hdgx,5.6,mwc
usp000hdh0,5.5,mwc
usp000hdm1,5.5,mwc
usp000hdsf,6.0,mwc
usp000hdsq,5.5,mwc
usp000hduj,5.6,mwc
usp000hdut,5.6,mwc
usp000hduu,5.5,mwc
usp000hdwb,7.4,mww
usp000hdx3,5.9,mwc
usp000he3a,5.5,mwc
usp000he3d,6.2,mwc
usp000he3f,6.9,mww
usp000he3n,6.6,mwc
usp000he6x,6.0,mwc
usp000he7r,6.2,mwc
usp000he8q,5.9,mwc
usp000heay,5.6,mwc
usp000hed6,5.8,mwc
usp000heey,5.5,mwc
usp000hef3,6.1,mwb
usp000hej3,6.7,mww
usp000hejb,5.9,mwc
usp000hemk,5.6,mwc
usp000hen8,5.8,mwc
usp000henr,5.8,mwc
usp000hep7,5.5,mwc
usp000hepk,5.5,mwc
usp000heqb,6.4,mwc
usp000heqj,6.3,mwc
usp000hesf,5.8,mwc
usp000het5,6.3,mwc
usp000hevz,5.7,mwc
usp000heww,6.3,mwc
usp000hezn,5.9,mwc
usp000hf19,5.8,mwc
usp000hf3f,5.6,mwc
usp000hf3t,6.3,mwc
usp000hf3w,5.7,mwc
usp000hf5z,6.2,mwc
usp000hf8g,5.7,mwc
usp000hf8z,6.6,mww
usp000hf99,5.6,mwc
usp000hf9k,5.8,mwc
usp000hfcn,5.5,mwc
usp000hfd1,5.6,mwc
usp000hfdm,6.6,mww
usp000hfka,6.9,mww
usp000hfku,7.3,mwc
usp000hfq4,6.0,mwc
usp000hfuq,5.7,mwc
usp000hfus,5.5,mwc
usp000hg6s,5.8,mwc
usp000hg73,6.3,mwc
usp000hg74,5.8,mwc
usp000hg7d,5.6,mwc
usp000hg7k,5.5,mwc
usp000hgaq,6.1,mwc
usp000hgeq,6.1,mwc
usp000hgmd,7.3,mww
usp000hgme,5.64,mw
usp000hgmh,7.6,mww
usp000hgmk,5.56,mw
usp000hgmq,7.4,mww
usp000hgnj,6.6,mwc
usp000hgrb,5.9,mwc
usp000hgsn,5.6,mwc
usp000hgvb,5.6,mwc
usp000hgvd,5.5,mwc
usp000hgx5,5.5,mwc
usp000hgyx,5.6,mwc
usp000hh3f,6.6,mww
usp000hh4n,6.3,mwc
usp000hh4v,5.5,mwc
usp000hh5e,5.5,mwc
usp000hh5v,5.5,mwc
usp000hh7q,5.5,mwc
usp000hhbp,5.6,mwc
usp000hhe9,6.3,mwc
usp000hhf1,5.6,mwc
usp000hhfd,6.0,mwc
usp000hhfk,6.5,mwc
usp000hhfu,5.5,mwc
usp000hhg7,6.4,mwc
usp000hhhx,7.0,mww
usp000hhj5,6.0,mwc
usp000hhjy,5.9,mwc
usp000hhn3,5.5,mwc
usp000hhrx,5.5,mwc
usp000hhuc,7.2,mww
usp000hhue,5.9,mwr
usp000hhx6,5.9,mwc
usp000hhxk,5.9,mwc
usp000hhz5,5.5,mwc
usp000hhzx,5.5,mwc
usp000hj05,7.1,mww
usp000hj1u,5.5,mwc
usp000hj2j,6.9,mww
usp000hj31,5.6,mwc
usp000hj3z,6.2,mwc
usp000hj40,5.78,mw
usp000hj5g,5.6,mwc
usp000hj5p,5.6,mwc
usp000hj6r,6.6,mwc
usp000hj75,5.5,mwc
usp000hj78,5.5,mwc
usp000hj8s,6.3,mwb
usp000hj9t,6.3,mwc
usp000hjaf,6.2,mwc
usp000hjda,6.3,mwc
usp000hjfs,5.5,mwc
usp000hjh9,6.1,mwc
usp000hjj7,5.9,mwc
usp000hjm2,5.6,mwc
usp000hjm4,5.5,mwc
usp000hjmy,5.5,mwc
usp000hjp2,6.2,mwc
usp000hjuq,5.8,mwc
usp000hjvq,5.5,mwc
usp000hjwf,5.5,mwc
usp000hk2x,5.5,mwc
usp000hk37,5.7,mwc
usp000hk3k,6.5,mwc
usp000hk46,7.0,mww
usp000hk4e,5.73,mw
usp000hk69,5.5,mwc
usp000hk6w,6.0,mwc
usp000hk79,5.5,mwc
usp000hkaf,5.6,mwc
usp000hkb0,5.5,mwc
usp000hkbh,5.7,mwc
usp000hkc4,5.5,mwc
usp000hkd6,5.5,mwc
usp000hkdh,6.3,mwc
usp000hkdu,5.5,mwc
usp000hkes,5.6,mwc
usp000hkew,6.3,mwc
usp000hkfb,5.5,mwc
usp000hkg9,6.2,mwb
usp000hkjn,5.8,mwc
usp000hkk2,5.8,mwc
usp000hknj,5.8,mwc
usp000hknm,5.8,mwc
usp000hkqt,5.6,mwc
usp000hkt4,5.8,mwc
usp000hkv7,6.2,mwc
usp000hm20,5.7,mwc
usp000hm39,5.6,mwc
usp000hm3j,5.6,mwc
usp000hm4h,5.5,mwc
usp000hm79,5.4,mwc
usp000hm7a,6.0,mwc
usp000hm7n,5.8,mwc
usp000hm7x,5.4,mwc
usp000hm8k,5.9,mwc
usp000hmb0,5.5,mwc
usp000hmbp,6.6,mw
usp000hmbq,6.9,mww
usp000hmcc,5.6,mwc
usp000hmcj,5.5,mwc
usp000hmcp,5.6,mwc
usp000hmd8,5.8,mwc
usp000hmg5,5.5,mwc
usp000hmh9,5.5,mwc
usp000hmjv,5.5,mwc
usp000hmkj,6.3,mwc
usp000hmpq,5.7,mwc
usp000hmrb,6.4,mwc
usp000hmrk,6.0,mwc
usp000hms5,5.7,mwc
usp000hmsx,6.2,mwc
usp000hmvg,5.8,mwc
usp000hmxq,5.5,mwc
usp000hn0t,5.9,mwc
usp000hn0y,5.97,mw
usp000hn0z,5.8,mwc
usp000hn3m,5.6,mwc
usp000hn5w,5.6,mwc
usp000hn60,5.9,mwc
usp000hn66,5.8,mwc
usp000hnak,5.9,mwc
usp000hnam,5.7,mwc
usp000hnax,5.8,mwc
usp000hnbu,5.9,mwc
usp000hnc5,5.5,mwc
usp000hncm,6.7,mww
usp000hne0,5.8,mwc
usp000hnea,5.6,mwc
usp000hnef,5.8,mwc
usp000hnek,5.5,mwc
usp000hnhx,5.8,mwc
usp000hnj4,7.8,mww
usp000hnjs,6.3,mwc
usp000hnjt,5.55,mw
usp000hnk6,5.9,mwc
usp000hnkg,5.6,mwc
usp000hnpe,5.6,mwc
usp000hnpg,5.8,mwc
usp000hntb,6.4,mwc
usp000hnum,5.8,mwc
usp000hnvd,5.5,mwc
usp000hnwa,5.6,mwc
usp000hnwk,5.8,mwc
usp000hnx8,5.5,mwc
usp000hnxu,5.5,mwb
usp000hny4,5.5,mwc
usp000hnyy,6.0,mwc
usp000hnzg,6.1,mwc
usp000hnzp,5.5,mwc
usp000hp57,5.8,mwc
usp000hp8q,5.6,mwc
usp000hpc0,6.5,mwc
usp000hpc9,5.5,mwc
usp000hpcw,5.7,mwc
usp000hpe5,5.6,mwc
usp000hpee,5.5,mwb
usp000hpfw,5.8,mwc
usp000hpj1,5.4,mwc
usp000hpmm,5.5,mwc
usp000hpqk,5.8,mwc
usp000hprw,5.5,mwc
usp000hpt2,5.9,mwc
usp000hpvg,5.6,mwc
usp000hpx8,6.0,mwc
usp000hpxr,5.5,mwc
usp000hpz7,5.9,mwc
usp000hq00,6.1,mwc
usp000hq53,5.5,mwc
usp000hq5d,5.8,mwc
usp000hq6a,5.7,mwc
usp000hq7a,5.6,mwc
usp000hqaw,6.7,mww
usp000hqb3,5.5,mwc
usp000hqbw,5.7,mwc
usp000hqcd,5.6,mwc
usp000hqd4,6.1,mwc
usp000hqdx,6.6,mww
usp000hqjh,5.9,mwc
usp000hqjz,5.7,mwc
usp000hqm1,5.9,mwc
usp000hqm2,5.7,mwc
usp000hqmn,5.8,mwc
usp000hqnd,6.3,mwc
usp000hqnh,5.9,mwc
usp000hqnn,5.5,mwc
usp000hqpa,5.5,mwc
usp000hqrv,5.5,mwc
usp000hqt3,5.5,mwc
usp000hqv3,5.6,mwc
usp000hqvf,6.2,mwc
usp000hqvw,5.7,mwc
usp000hqyf,6.0,mwc
usp000hr19,5.5,mwc
usp000hr2z,5.6,mwc
usp000hr45,5.9,mwc
usp000hr7a,5.9,mwc
usp000hr7g,5.7,mwc
usp000hr7k,6.5,mww
usp000hr88,5.5,mwc
usp000hr94,5.8,mwc
usp000hr97,7.3,mww
usp000hr9g,5.63,mw
usp000hrb6,5.81,mw
usp000hrdk,5.6,mwc
usp000hrky,6.4,mwc
usp000hrpy,6.4,mwc
usp000hrqj,5.83,mw
usp000hrqk,5.5,mwc
usp000hrsd,5.9,mwc
usp000hrw0,7.3,mww
usp000hrw5,5.61,mw
usp000hrxu,5.6,mwc
usp000hrzt,5.7,mwc
usp000hs2h,5.5,mwc
usp000hs4q,5.6,mwc
usp000hs50,5.5,mwc
usp000hs6h,6.3,mwc
usp000hs82,6.4,mwc
usp000hs83,5.58,mw
usp000hsa4,5.5,mwc
usp000hsaa,5.6,mwc
usp000hsc9,5.5,mwc
usp000hsdc,7.0,mww
usp000hsfe,5.7,mwb
usp000hsfq,7.2,mww
usp000hshp,5.6,mwc
usp000hskf,5.6,mwc
usp000hskt,6.1,mww
usp000hspc,5.5,mwc
usp000hspg,5.5,mwc
usp000hsqz,5.6,mwc
usp000hst4,6.5,mww
usp000hstp,5.7,mwc
usp000hstv,5.5,mwb
usp000hsua,6.1,mww
usp000hsuc,5.5,mwc
usp000hsuy,5.6,mwc
usp000hsv8,5.9,mwc
usp000hsvn,5.6,mwb
usp000hsx6,5.5,mwb
usp000hszr,6.4,mww
usp000ht0x,5.5,mwc
usp000ht15,7.0,mww
usp000ht1b,5.9,mwc
usp000ht50,5.8,mwc
usp000ht5g,5.7,mwb
usp000ht5t,5.7,mwb
usp000ht9g,6.0,mww
usp000htap,5.9,mww
usp000htb4,7.2,mww
usp000htg5,5.6,mwb
usp000htjh,5.9,mwb
usp000htjz,5.7,mwb
usp000htk2,6.0,mww
usp000htp9,6.1,mww
usp000htpb,5.7,mwc
usp000htpm,5.6,mwc
usp000htps,5.5,mwc
usp000htpz,6.2,mww
usp000htqf,5.6,mwb
usp000htt3,6.2,mwc
usp000htta,5.5,mwb
usp000httd,5.5,mwb
usp000htwe,6.0,mww
usp000htye,5.6,mwb
usp000htz3,5.9,mww
usp000hu1f,5.9,mww
usp000hu2t,6.2,mww
usp000hu2w,5.9,mwc
usp000hu4k,5.8,mww
usp000hu5n,5.6,mwb
usp000hu76,6.4,mww
usp000huab,6.5,mww
usp000huac,6.6,mwb
usp000huc2,6.9,mww
usp000hucn,5.9,mwb
usp000hucz,6.1,mwb
usp000huda,5.7,mwc
usp000hudb,5.6,mwc
usp000hudw,5.6,mwb
usp000huea,6.1,mww
usp000huet,5.8,mwb
usp000huey,6.0,mwc
usp000huf9,5.5,mwb
usp000hugg,6.7,mww
usp000huje,6.1,mww
usp000hujs,5.5,mwb
usp000hunm,5.6,mww
usp000hup7,5.5,mwb
usp000hutu,6.1,mww
usp000huuj,5.6,mwb
usp000huus,6.5,mww
usp000huv2,5.5,mwc
usp000huvq,6.1,mww
usp000huvt,5.5,mwr
usp000huw3,5.6,mwr
usp000huxr,5.5,mwb
usp000huyp,5.7,mwb
usp000hv0h,5.6,mwb
usp000hv2c,5.9,mww
usp000hv31,5.9,mwb
usp000hv5c,5.8,mwb
usp000hv5x,5.7,mwc
usp000hv6a,5.6,mwc
usp000hv6t,5.5,mwc
usp000hv6u,6.0,mww
usp000hv8x,5.7,mww
usp000hv9z,5.5,mwc
usp000hvar,5.6,mww
usp000hvef,6.3,mww
usp000hveq,6.5,mww
usp000hvf6,6.3,mww
usp000hvhj,7.3,mww
usp000hvhm,5.76,mw
usp000hvhn,5.65,mw
usp000hvj2,6.18,mw
usp000hvk6,6.0,mww
usp000hvk9,5.9,mww
usp000hvkg,6.0,mwc
usp000hvkh,6.5,mwc
usp000hvkj,6.4,mww
usp000hvm3,5.5,mwc
usp000hvme,5.6,mwb
usp000hvn3,6.5,mww
usp000hvng,5.7,mwc
usp000hvnv,6.47,mw
usp000hvnw,6.79,mw
usp000hvnx,6.36,mw
usp000hvny,5.99,mw
usp000hvnz,6.02,mw
usp000hvp0,5.96,mw
usp000hvp2,5.79,mw
usp000hvp3,6.57,mw
usp000hvp4,6.7,mw
usp000hvp5,6.89,mw
usp000hvp6,6.04,mw
usp000hvp7,6.23,mw
usp000hvp8,6.49,mw
usp000hvp9,6.12,mw
usp000hvpa,7.9,mwc
usp000hvpc,7.02,mw
usp000hvpd,6.76,mw
usp000hvpe,6.42,mw
usp000hvpf,6.51,mw
usp000hvpg,7.7,mwc
usp000hvph,6.42,mw
usp000hvpj,6.08,mw
usp000hvpm,5.89,mw
usp000hvpn,5.67,mw
usp000hvpp,5.75,mw
usp000hvpq,5.66,mw
usp000hvpr,6.0,mw
usp000hvpv,5.8,mw
usp000hvpx,6.35,mw
usp000hvpy,6.24,mw
usp000hvpz,5.8,mw
usp000hvq0,5.55,mw
usp000hvq2,5.89,mw
usp000hvq3,6.21,mw
usp000hvq4,6.57,mw
usp000hvq5,5.76,mw
usp000hvq7,5.67,mw
usp000hvq8,5.85,mw
usp000hvq9,5.81,mw
usp000hvqa,5.57,mw
usp000hvqb,5.69,mw
usp000hvqc,5.55,mw
usp000hvqd,5.92,mw
usp000hvqe,6.05,mw
usp000hvqf,6.76,mw
usp000hvqg,5.87,mw
usp000hvqh,5.86,mw
usp000hvqj,6.29,mw
usp000hvqk,6.27,mw
usp000hvqm,6.63,mw
usp000hvqn,6.09,mw
usp000hvqp,5.63,mw
usp000hvqq,5.74,mw
usp000hvqs,5.93,mw
usp000hvqu,5.68,mw
usp000hvqv,5.84,mw
usp000hvr2,5.69,mw
usp000hvr3,5.73,mw
usp000hvr4,5.54,mw
usp000hvr6,5.88,mw
usp000hvr7,5.86,mw
usp000hvr9,5.62,mw
usp000hvra,6.54,mw
usp000hvrb,6.36,mw
usp000hvrd,7.1,mw
usp000hvre,6.16,mw
usp000hvrf,6.23,mw
usp000hvrg,6.2,mw
usp000hvrh,6.09,mw
usp000hvrj,5.66,mw
usp000hvrm,5.55,mw
usp000hvrn,6.05,mw
usp000hvrp,5.66,mw
usp000hvrq,5.72,mw
usp000hvru,5.55,mw
usp000hvs6,5.62,mw
usp000hvst,5.62,mw
usp000hvtb,6.27,mw
usp000hvtj,5.71,mw
usp000hvtp,6.01,mw
usp000hvty,5.68,mw
usp000hvu6,5.63,mw
usp000hvuc,5.6,mw
usp000hvud,5.58,mw
usp000hvuf,5.57,mw
usp000hvug,5.74,mw
usp000hvuh,5.96,mw
usp000hvur,5.81,mw
usp000hvuu,6.65,mw
usp000hvuw,5.86,mw
usp000hvux,5.64,mw
usp000hvvd,6.0,mw
usp000hvvf,5.78,mw
usp000hvvw,5.75,mw
usp000hvw0,5.56,mw
usp000hvw7,6.04,mw
usp000hvw8,5.61,mw
usp000hvwj,5.64,mw
usp000hvwn,5.77,mw
usp000hvwz,5.68,mw
usp000hvxs,5.81,mw
usp000hvxx,5.53,mw
usp000hvy0,6.3,mwb
usp000hvy1,5.66,mw
usp000hvy2,6.02,mw
usp000hvyt,5.75,mw
usp000hvzq,5.87,mw
usp000hvzr,5.55,mw
usp000hw0m,6.05,mw
usp000hw0q,5.95,mw
usp000hw18,6.2,mwb
usp000hw19,6.0,mwb
usp000hw1j,5.66,mw
usp000hw1n,5.54,mw
usp000hw1y,6.2,mwc
usp000hw29,6.1,mwc
usp000hw2f,5.62,mw
usp000hw2n,5.6,mw
usp000hw4x,5.48,mw
usp000hw6s,5.55,mw
usp000hw79,5.8,mwb
usp000hw7h,5.8,mwc
usp000hw7r,6.5,mww
usp000hw8g,5.9,mwc
usp000hw8q,5.76,mw
usp000hw8u,5.9,mwc
usp000hw9h,5.5,mw
usp000hwa0,5.7,mwc
usp000hwb0,5.5,mwc
usp000hwds,5.6,mwc
usp000hwec,5.7,mwb
usp000hwfp,5.9,mwc
usp000hwfv,6.1,mww
usp000hwfy,5.6,mwc
usp000hwgb,5.6,mwc
usp000hwgq,5.8,mwc
usp000hwj3,5.8,mwb
usp000hwmq,5.8,mww
usp000hwnq,6.1,mwb
usp000hwq6,6.1,mww
usp000hwqp,5.8,mwc
usp000hwtg,5.7,mwb
usp000hwup,5.6,mwb
usp000hwv9,5.7,mww
usp000hwyc,5.6,mwb
usp000hx1e,5.5,mwb
usp000hx38,6.0,mww
usp000hx7a,5.6,mwb
usp000hxbc,5.8,mww
usp000hxbx,5.5,mwc
usp000hxc6,6.0,mww
usp000hxc7,6.0,mww
usp000hxcu,6.1,mwc
usp000hxdx,5.7,mww
usp000hxf1,5.7,mww
usp000hxfe,5.7,mww
usp000hxk6,5.5,mwc
usp000hxm2,6.2,mww
usp000hxmc,6.2,mww
usp000hxmm,5.6,mwc
usp000hxn0,5.8,mww
usp000hxnv,5.5,mwb
usp000hxny,5.8,mww
usp000hxqa,5.5,mwb
usp000hxs4,5.5,mwc
usp000hxv2,5.5,mwb
usp000hxvj,5.9,mww
usp000hxx5,5.7,mww
usp000hy0r,5.6,mwc
usp000hy18,6.0,mww
usp000hy1v,5.8,mww
usp000hy2c,5.7,mwc
usp000hy55,5.8,mww
usp000hy57,5.5,mwb
usp000hy7j,5.7,mww
usp000hy7y,6.4,mww
usp000hy8c,6.1,mww
usp000hy8e,6.4,mww
usp000hy8u,5.6,mwc
usp000hy8w,5.6,mwc
usp000hy8x,5.7,mwc
usp000hy9a,5.8,mww
usp000hy9e,5.9,mww
usp000hy9m,5.6,mwc
usp000hyb1,5.5,mwb
usp000hyb2,5.65,mw
usp000hyb4,5.6,mw
usp000hyfh,5.8,mww
usp000hyfx,6.9,mww
usp000hyg5,5.7,mwc
usp000hyjm,6.2,mww
usp000hypf,6.0,mww
usp000hyqk,5.6,mww
usp000hyrs,6.2,mww
usp000hyv2,6.1,mww
usp000hyvs,5.5,mwb
usp000hyx0,5.7,mww
usp000hyyr,6.3,mww
usp000hyzj,6.0,mww
usp000hz2b,5.9,mww
usp000hz2h,6.0,mww
usp000hz30,5.5,mwb
usp000hz47,5.5,mwb
usp000hz4k,5.9,mww
usp000hz6z,6.4,mww
usp000hz7h,6.7,mww
usp000hza0,5.8,mwb
usp000hzb1,5.9,mww
usp000hzd7,6.0,mww
usp000hzf3,6.6,mww
usp000hzf6,7.1,mww
usp000hzfv,5.8,mww
usp000hzky,5.9,mww
usp000hzq8,6.6,mww
usp000hzrb,5.5,mwr
usp000hzsf,5.5,mwc
usp000hzsk,6.2,mww
usp000hzt4,5.9,mww
usp000hztx,5.6,mww
usp000hzw1,6.0,mww
usp000hzw7,5.5,mwc
usp000hzxg,5.5,mwb
usp000hzxk,5.7,mww
usp000hzym,5.7,mww
usp000hzze,5.8,mww
usp000j01j,5.7,mww
usp000j01w,5.7,mww
usp000j020,5.8,mww
usp000j034,5.5,mwb
usp000j03s,5.7,mww
usp000j06q,6.6,mww
usp000j0b7,5.7,mww
usp000j0b9,5.8,mww
usp000j0c3,6.2,mww
usp000j0cf,5.6,mww
usp000j0d8,5.6,mwb
usp000j0dz,5.5,mwc
usp000j0eh,6.8,mww
usp000j0ew,5.9,mww
usp000j0h6,5.6,mww
usp000j0ha,5.6,mww
usp000j0hc,6.1,mww
usp000j0m1,5.6,mww
usp000j0me,5.5,mwc
usp000j0mf,5.5,mwb
usp000j0q8,5.7,mww
usp000j0qd,5.5,mww
usp000j0qk,5.8,mww
usp000j0t2,5.7,mww
usp000j0tf,6.1,mww
usp000j0vd,5.8,mww
usp000j0ws,5.5,mwc
usp000j0zx,5.5,mww
usp000j104,5.6,mww
usp000j11a,5.7,mww
usp000j11b,5.7,mww
usp000j11c,6.0,mww
usp000j11r,5.6,mwc
usp000j11v,5.8,mww
usp000j12q,5.5,mww
usp000j13b,5.5,mww
usp000j167,5.7,mwb
usp000j190,5.9,mww
usp000j192,5.7,mwc
usp000j194,5.6,mwc
usp000j1a8,6.8,mww
usp000j1av,5.9,mwc
usp000j1b2,5.55,mw
usp000j1by,5.5,mwc
usp000j1c2,5.7,mwc
usp000j1c6,5.5,mwc
usp000j1dq,5.6,mww
usp000j1gr,5.5,mww
usp000j1h0,5.7,mwc
usp000j1jg,5.9,mww
usp000j1jk,6.1,mww
usp000j1kw,5.9,mww
usp000j1n3,6.1,mww
usp000j1nf,6.4,mww
usp000j1nr,5.5,mww
usp000j1q5,5.7,mww
usp000j1qt,5.7,mww
usp000j1sz,5.5,mww
usp000j1t2,5.5,mwc
usp000j1up,5.8,mww
usp000j1v8,5.8,mww
usp000j1wj,5.7,mww
usp000j1x2,5.9,mww
usp000j1z7,5.9,mww
usp000j1zc,5.6,mww
usp000j21q,5.6,mwb
usp000j220,5.7,mww
usp000j24b,5.8,mww
usp000j256,5.5,mww
usp000j2c3,5.7,mww
usp000j2c6,5.5,mwc
usp000j2c7,5.5,mwc
usp000j2dy,5.9,mww
usp000j2hv,6.3,mww
usp000j2kz,6.1,mww
usp000j2mw,5.5,mww
usp000j2nd,5.5,mww
usp000j2rm,6.4,mww
usp000j2ru,5.9,mww
usp000j2tq,5.6,mwc
usp000j2v6,5.9,mww
usp000j2vr,5.5,mwc
usp000j2xb,5.6,mww
usp000j32u,5.6,mww
usp000j33b,5.9,mww
usp000j348,6.3,mww
usp000j34t,5.5,mww
usp000j34v,5.6,mww
usp000j35c,5.7,mww
usp000j366,5.5,mwc
usp000j37m,6.4,mww
usp000j3ap,5.6,mwb
usp000j3ce,5.7,mww
usp000j3cw,5.5,mww
usp000j3dg,5.5,mwb
usp000j3e5,5.5,mwc
usp000j3fk,6.4,mww
usp000j3fq,5.7,mwc
usp000j3gd,6.0,mww
usp000j3jt,5.7,mwc
usp000j3k6,6.7,mww
usp000j3mq,7.3,mww
usp000j3n9,6.1,mwc
usp000j3pk,5.5,mwb
usp000j3rz,5.6,mww
usp000j3sf,5.5,mwb
usp000j3sp,6.3,mww
usp000j3tq,5.5,mwb
usp000j3ug,5.5,mww
usp000j3uw,5.8,mww
usp000j3vq,5.8,mww
usp000j3xp,5.5,mwc
usp000j3zb,5.6,mww
usp000j3zh,5.7,mww
usp000j3zk,5.5,mwc
usp000j410,5.6,mww
usp000j417,5.6,mww
usp000j430,5.7,mww
usp000j460,5.5,mwc
usp000j46y,5.7,mwc
usp000j48b,5.7,mww
usp000j48h,7.6,mww
usp000j48u,5.78,mw
usp000j49z,5.5,mwc
usp000j4a9,5.7,mwc
usp000j4ac,5.8,mwc
usp000j4b1,5.5,mww
usp000j4ch,5.6,mwc
usp000j4e6,5.5,mwb
usp000j4e9,5.9,mww
usp000j4ea,5.6,mwc
usp000j4ew,5.9,mww
usp000j4f4,6.0,mww
usp000j4fs,6.0,mww
usp000j4gp,7.0,mww
usp000j4js,5.7,mwc
usp000j4m9,5.9,mww
usp000j4mf,5.5,mwc
usp000j4mp,5.6,mww
usp000j4nm,5.7,mwc
usp000j4p4,6.4,mww
usp000j4s9,5.5,mwc
usp000j4sj,5.6,mww
usp000j4ve,5.5,mwc
usp000j4yw,5.5,mwc
usp000j4yz,6.1,mww
usp000j4zz,6.0,mww
usp000j50h,5.8,mww
usp000j51b,5.9,mww
usp000j51d,5.6,mwb
usp000j51f,6.1,mww
usp000j54a,5.5,mwc
usp000j54n,5.8,mww
usp000j554,5.5,mwc
usp000j560,6.1,mww
usp000j57s,6.0,mww
usp000j59g,6.0,mww
usp000j5ab,5.9,mww
usp000j5bv,5.5,mwb
usp000j5by,6.3,mww
usp000j5c4,5.7,mwc
usp000j5cn,5.5,mwb
usp000j5ed,6.3,mww
usp000j5eq,6.3,mww
usp000j5fr,5.6,mwc
usp000j5g5,5.9,mww
usp000j5h3,5.6,mww
usp000j5hj,5.8,mww
usp000j5hr,6.0,mww
usp000j5kb,5.9,mww
usp000j5kv,5.6,mww
usp000j5mp,5.7,mww
usp000j5nv,6.7,mww
usp000j5rj,5.5,mww
usp000j5rk,6.3,mww
usp000j5sk,6.1,mww
usp000j5sr,5.47,mw
usp000j5t4,6.6,mww
usp000j5u4,5.7,mww
usp000j5ua,5.9,mww
usp000j5uf,5.6,mwc
usp000j5vm,5.7,mww
usp000j5xn,5.7,mww
usp000j5xu,5.8,mww
usp000j5yv,6.1,mww
usp000j60t,5.7,mwc
usp000j62j,5.5,mwc
usp000j64a,5.6,mww
usp000j66n,5.6,mwc
usp000j68j,5.7,mww
usp000j69g,6.0,mww
usp000j69k,5.7,mwc
usp000j6a4,5.6,mww
usp000j6at,5.8,mww
usp000j6bj,5.5,mww
usp000j6dd,5.5,mwc
usp000j6de,5.8,mww
usp000j6en,5.6,mwb
usp000j6fy,5.7,mww
usp000j6hz,6.1,mww
usp000j6jb,5.6,mwb
usp000j6jg,5.7,mww
usp000j6kt,6.1,mww
usp000j6nt,6.2,mww
usp000j6nx,6.2,mww
usp000j6py,5.6,mwc
usp000j6qq,5.5,mwc
usp000j6r4,7.2,mww
usp000j6rb,6.5,mwc
usp000j6rj,7.1,mww
usp000j6sg,5.6,mwb
usp000j6sp,5.5,mwc
usp000j6th,5.6,mwc
usp000j6tk,5.8,mww
usp000j6uu,5.7,mww
usp000j6v0,5.7,mwc
usp000j6v4,5.9,mww
usp000j6vx,6.1,mww
usp000j6z8,7.0,mww
usp000j6zp,6.2,mww
usp000j70p,5.9,mww
usp000j70v,5.5,mwc
usp000j74y,5.7,mwc
usp000j75u,5.6,mwc
usp000j77t,5.6,mwc
usp000j78h,6.9,mww
usp000j7ag,5.6,mww
usp000j7ak,5.5,mww
usp000j7bw,6.0,mww
usp000j7dc,6.9,mww
usp000j7ee,6.7,mww
usp000j7gb,5.8,mww
usp000j7gq,6.4,mww
usp000j7jb,7.0,mww
usp000j7m3,5.8,mww
usp000j7n5,6.2,mww
usp000j7n7,5.8,mww
usp000j7nn,6.7,mww
usp000j7r6,5.5,mwc
usp000j7uq,5.9,mww
usp000j7ur,6.4,mww
usp000j7xs,5.8,mww
usp000j7zc,5.9,mww
usp000j7zs,5.7,mwb
usp000j816,5.8,mww
usp000j81k,5.7,mwc
usp000j81y,6.0,mww
usp000j82j,6.1,mww
usp000j82k,6.1,mww
usp000j82z,5.5,mww
usp000j83e,7.3,mww
usp000j84w,5.5,mww
usp000j84y,6.7,mww
usp000j853,5.7,mwc
usp000j85a,5.9,mww
usp000j85c,5.8,mwc
usp000j85n,5.7,mwc
usp000j86f,5.7,mwc
usp000j885,5.6,mww
usp000j88b,6.9,mww
usp000j89k,5.6,mww
usp000j89y,5.6,mwr
usp000j8ac,5.7,mwc
usp000j8cv,5.5,mwb
usp000j8e3,6.4,mww
usp000j8fp,5.9,mww
usp000j8pz,5.6,mwb
usp000j8ta,5.6,mwb
usp000j8wa,5.6,mww
usp000j8zd,5.5,mww
usp000j8zy,5.8,mww
usp000j907,5.9,mww
usp000j91b,5.6,mwc
usp000j91e,6.1,mww
usp000j92x,5.7,mww
usp000j933,5.9,mww
usp000j94w,5.5,mwc
usp000j95h,5.6,mww
usp000j95q,5.5,mwc
usp000j97s,5.7,mww
usp000j99g,6.1,mww
usp000j99k,5.6,mwc
usp000j9as,6.5,mww
usp000j9aw,6.0,mww
usp000j9d0,5.5,mwc
usp000j9ge,6.1,mww
usp000j9mz,6.1,mww
usp000j9nm,7.4,mww
usp000j9rr,7.1,mww
usp000j9rs,5.52,mw
usp000j9rv,5.67,mw
usp000j9s2,5.74,mw
usp000j9t8,5.9,mww
usp000j9vk,5.7,mww
usp000j9w5,5.6,mww
usp000j9yn,6.0,mww
usp000ja1p,6.9,mww
usp000ja1q,5.71,mw
usp000ja21,5.6,mwc
usp000ja40,5.7,mwb
usp000ja4q,5.6,mwb
usp000ja4z,5.7,mwb
usp000ja5b,5.5,mwc
usp000ja5j,5.8,mww
usp000ja68,5.6,mww
usp000ja6t,6.3,mww
usp000ja8d,6.1,mww
usp000jaay,5.8,mww
usp000jabr,5.9,mww
usp000jac1,5.7,mww
usp000jadn,5.7,mww
usp000jae5,5.7,mww
usp000jah3,5.6,mwb
usp000jahe,5.8,mww
usp000jaj2,6.0,mww
usp000jajd,6.9,mww
usp000jamz,5.6,mww
usp000jan7,5.7,mww
usp000japr,6.0,mww
usp000japx,5.6,mwb
usp000jaq9,5.6,mwc
usp000jav0,6.3,mww
usp000jawe,5.5,mww
usp000jawp,5.7,mww
usp000jax4,5.7,mww
usp000jayv,6.0,mww
usp000jaz3,5.6,mwc
usp000jazh,5.8,mww
usp000jb0z,5.6,mww
usp000jb14,5.7,mwc
usp000jb1j,5.8,mww
usp000jb46,5.5,mww
usp000jb5z,5.7,mwb
usp000jb6k,5.7,mww
usp000jb98,6.6,mww
usp000jba2,5.5,mwc
usp000jbaf,6.1,mww
usp000jbb8,6.2,mww
usp000jbh2,5.8,mww
usp000jbhn,6.1,mww
usp000jbjx,5.9,mww
usp000jbmj,6.0,mww
usp000jbna,5.6,mwc
usp000jbnk,5.6,mww
usp000jbpz,5.5,mwc
usp000jbq1,5.6,mwb
usp000jbqd,5.5,mwb
usp000jbs6,5.6,mww
usp000jbvg,5.7,mwc
usp000jbxe,5.8,mww
usp000jby0,6.1,mww
usp000jc0a,5.7,mww
usp000jc1y,6.5,mww
usp000jc2a,5.7,mwc
usp000jc2q,6.2,mww
usp000jc4z,6.0,mww
usp000jc5u,5.8,mwc
usp000jc5z,7.1,mww
usp000jc68,5.5,mwc
usp000jc7p,6.0,mww
usp000jc80,5.6,mwb
usp000jc8u,5.8,mww
usp000jccs,5.7,mww
usp000jccy,5.7,mww
usp000jcfc,5.5,mwb
usp000jch0,5.8,mww
usp000jch9,5.9,mww
usp000jcjp,5.9,mww
usp000jcna,6.0,mww
usp000jcnx,5.5,mww
usp000jcq2,6.6,mww
usp000jcvb,5.7,mww
usp000jcws,6.8,mww
usp000jd26,5.6,mwc
usp000jd2q,5.5,mww
usp000jd4t,5.5,mwc
usp000jd6d,5.7,mww
usp000jd8k,6.4,mww
usp000jdar,7.2,mww
usp000jdcr,5.5,mww
usp000jdd9,5.5,mwc
usp000jdeq,5.6,mwc
usp000jdgg,5.8,mww
usp000jdhq,6.6,mww
usp000jdhs,6.0,mwc
usp000jdjm,5.6,mwb
usp000jdm6,5.7,mww
usp000jdmm,5.6,mww
usp000jdn4,5.8,mww
usp000jdpd,5.7,mww
usp000jdpg,5.9,mww
usp000jds3,5.7,mww
usp000jdt7,6.2,mww
usp000jdty,6.0,mww
usp000jdu0,5.5,mwc
usp000jdvv,6.1,mww
usp000jdwh,6.3,mww
usp000jdxc,5.5,mww
usp000je28,5.6,mww
usp000je2e,5.6,mww
usp000je36,5.9,mww
usp000je5n,6.4,mww
usp000je9w,5.6,mwc
usp000jea6,5.6,mwc
usp000jeag,7.1,mww
usp000jebj,5.6,mw
usp000jed1,6.1,mww
usp000jeda,5.7,mwc
usp000jef9,5.8,mwb
usp000jefn,5.6,mwb
usp000jege,5.6,mww
usp000jegm,5.5,mwc
usp000jegv,6.1,mww
usp000jehw,6.1,mww
usp000jejw,6.7,mww
usp000jek2,5.6,mwc
usp000jek9,6.0,mww
usp000jekd,5.8,mww
usp000jeqr,5.5,mwc
usp000jere,5.9,mww
usp000jers,5.9,mww
usp000jes4,5.7,mww
usp000jetb,5.6,mwb
usp000jetn,5.5,mwb
usp000jew6,5.9,mww
usp000jex0,5.5,mwc
usp000jex9,5.8,mww
usp000jexf,6.4,mww
usp000jeyq,5.8,mww
usp000jf01,5.8,mww
usp000jf5k,5.6,mwc
usp000jf8t,5.5,mwc
usp000jfd0,5.9,mww
usp000jfd2,5.5,mwc
usp000jfdd,6.0,mww
usp000jfde,5.75,mw
usp000jfdj,6.7,mww
usp000jfhy,5.6,mwb
usp000jfkt,5.6,mwb
usp000jfqx,6.6,mww
usp000jfs8,5.5,mwb
usp000jfse,5.7,mww
usp000jftj,6.1,mww
usp000jfum,5.6,mwc
usp000jfwh,5.6,mww
usp000jfyz,5.9,mwc
usp000jfzj,6.7,mww
usp000jg4d,5.6,mww
usp000jg4u,5.5,mww
usp000jg6k,5.5,mwb
usp000jg7e,6.9,mww
usp000jg7p,6.1,mwc
usp000jg7t,5.79,mw
usp000jg80,6.0,mwc
usp000jg91,6.2,mww
usp000jgaf,5.5,mwc
usp000jgb6,5.8,mww
usp000jgd9,5.5,mwb
usp000jgdf,5.8,mww
usp000jgge,5.9,mwc
usp000jghh,6.1,mww
usp000jghj,7.4,mww
usp000jgm3,6.6,mww
usp000jgr0,5.5,mwc
usp000jgr5,5.7,mwc
usp000jgsw,7.1,mww
usp000jgu5,5.6,mwb
usp000jgu9,5.5,mwc
usp000jguf,6.0,mwb
usp000jgv9,6.1,mwc
usp000jgwn,5.5,mwb
usp000jh3k,5.7,mwb
usp000jh3y,5.7,mwb
usp000jh52,6.0,mww
usp000jhb2,6.1,mww
usp000jhbb,5.5,mwb
usp000jhfk,5.8,mww
usp000jhh4,5.56,mw
usp000jhhg,5.9,mw
usp000jhjb,8.2,mwc
usp000jhju,5.89,mw
usp000jhpg,6.0,mwc
usp000jhpj,6.5,mwb
usp000jhpt,5.8,mwc
usp000jhr3,6.0,mwb
usp000jhr6,7.0,mww
usp000jhs9,5.5,mwc
usp000jhus,5.7,mww
usp000jhy7,6.2,mww
usp000jhym,5.6,mwb
usp000jhz5,5.8,mww
usp000jhzj,6.2,mww
usp000jj0a,6.2,mww
usp000jj1m,5.8,mww
usp000jj2g,5.8,mww
usp000jj3u,6.7,mww
usp000jj41,6.8,mww
usp000jj47,5.69,mw
usp000jj50,6.2,mww
usp000jj5u,5.5,mwb
usp000jjae,5.7,mww
usp000jjag,5.9,mwc
usp000jjak,5.8,mww
usp000jjaq,6.7,mww
usp000jjar,5.7,mwc
usp000jjat,6.0,mwc
usp000jjdr,5.6,mwc
usp000jjfr,6.0,mww
usp000jjg0,5.7,mww
usp000jjg2,5.6,mww
usp000jjgt,5.6,mwc
usp000jjh8,5.5,mwb
usp000jjhe,5.6,mwb
usp000jjhz,5.5,mwb
usp000jjjm,5.7,mww
usp000jjmy,5.6,mwb
usp000jjqf,6.6,mww
usp000jjr0,5.6,mww
usp000jjs1,5.7,mww
usp000jjs6,5.8,mww
usp000jjsh,5.6,mwb
usp000jjt6,5.6,mww
usp000jjt7,5.7,mww
usp000jjtu,5.5,mwb
usp000jjv8,5.5,mwc
usp000jjva,5.7,mww
usp000jjvz,6.0,mww
usp000jjx0,5.8,mww
usp000jjx9,5.5,mwc
usp000jk1x,5.7,mwb
usp000jk3b,5.6,mwc
usp000jk44,5.6,mww
usp000jk6x,5.16,mw
usp000jk7g,5.5,mww
usp000jk8a,5.9,mww
usp000jkc4,5.7,mww
usp000jkdy,6.2,mww
usp000jkft,5.7,mww
usp000jkj5,6.3,mww
usp000jkkz,5.8,mww
usp000jkmk,5.9,mwb
usp000jkn8,6.0,mww
usp000jknw,5.74,mw
usp000jknx,6.3,mww
usp000jkrw,5.6,mww
usp000jku0,5.9,mww
usp000jkuj,6.0,mww
usp000jkup,5.9,mwc
usp000jkw6,6.1,mww
usp000jkyu,6.0,mwc
usp000jm15,6.7,mww
usp000jm27,5.9,mww
usp000jm2d,5.6,mww
usp000jm2e,5.8,mww
usp000jm2n,5.8,mww
usp000jm2z,5.5,mww
usp000jm6c,5.6,mwc
usp000jm6p,5.5,mwb
usp000jm6s,5.8,mww
usp000jm7x,5.9,mww
usp000jm95,5.5,mwc
usp000jma4,6.3,mww
usp000jma5,6.3,mww
usp000jmap,5.9,mww
usp000jmaw,5.7,mww
usp000jmcv,6.1,mww
usp000jmdc,5.5,mwb
usp000jmf2,6.0,mww
usp000jmfd,5.8,mww
usp000jmfp,6.1,mww
usp000jmjm,5.9,mww
usp000jmkj,6.0,mww
usp000jmmc,5.7,mww
usp000jmnp,5.32,mw
usp000jmpy,5.21,mw
usp000jms3,5.5,mww
usp000jmsf,5.7,mww
usp000jmv2,5.9,mww
usp000jmvf,5.7,mww
usp000jmwc,6.3,mww
usp000jmz8,6.0,mww
usp000jmzp,5.6,mww
usp000jn25,5.5,mwb
usp000jn2m,5.5,mwb
usp000jn2y,5.7,mww
usp000jn41,6.1,mww
usp000jn5a,5.5,mww
usp000jn5s,6.0,mww
usp000jn65,5.5,mww
usp000jn9s,5.7,mww
usp000jnam,5.5,mwc
usp000jncm,5.8,mww
usp000jncx,6.3,mww
usp000jne5,5.5,mwc
usp000jnev,5.6,mwb
usp000jnh9,5.7,mww
usp000jnhn,5.5,mww
usp000jnj4,6.3,mww
usp000jnnv,6.3,mww
usp000jnpr,5.7,mww
usp000jnrw,6.0,mww
usp000jnt4,5.6,mww
usp000jntb,5.6,mww
usp000jnv4,5.7,mww
usp000jnvq,5.7,mww
usp000jnxe,5.8,mww
usp000jnxg,5.7,mww
usp000jnxq,5.5,mwc
usp000jp26,5.5,mwb
usp000jp2p,5.6,mww
usp000jp54,5.9,mww
usp000jp5c,5.9,mww
usp000jp6g,5.6,mww
usp000jp79,6.0,mww
usp000jp7b,5.8,mww
usp000jp7r,5.6,mwb
usp000jp8m,5.6,mwb
usp000jp8s,5.9,mww
usp000jpa9,5.6,mww
usp000jpe1,6.4,mww
usp000jpeh,6.4,mww
usp000jpfh,6.7,mww
usp000jpfr,5.5,mwb
usp000jpfw,5.6,mwc
usp000jpjk,6.5,mww
usp000jpkd,5.7,mwb
usp000jpkv,5.6,mww
usp000jpm2,5.9,mww
usp000jps6,5.5,mwb
usp000jps8,6.1,mww
usp000jpsa,6.1,mww
usp000jptt,5.5,mwb
usp000jpxe,5.8,mww
usp000jq1s,5.9,mww
usp000jq2q,5.6,mww
usp000jq4r,6.2,mww
usp000jq5p,6.4,mww
usp000jq5r,6.2,mww
usp000jq7p,6.2,mww
usp000jq81,5.5,mwc
usp000jq9h,7.7,mww
usp000jqc7,5.5,mwb
usp000jqcr,5.6,mwc
usp000jqcu,5.8,mww
usp000jqee,5.5,mwc
usp000jqf3,6.3,mww
usp000jqf4,5.7,mwc
usp000jqfc,5.8,mww
usp000jqfj,5.7,mww
usp000jqge,5.6,mww
usp000jqha,6.2,mww
usp000jqkg,5.6,mwb
usp000jqns,5.7,mww
usp000jqnv,5.5,mwc
usp000jqp0,5.6,mww
usp000jqqj,5.9,mwb
usp000jqrq,5.6,mwb
usp000jqrz,6.6,mww
usp000jqvm,7.3,mww
usp000jqz0,5.5,mww
usp000jr29,5.5,mwb
usp000jr4w,5.6,mwc
usp000jr55,6.8,mww
usp000jr83,7.6,mww
usp000jrbm,5.6,mwc
usp000jrer,5.5,mwb
usp000jrjh,5.8,mww
usp000jrkr,6.1,mww
usp000jrky,5.7,mwc
usp000jrsq,6.0,mww
usp000jrsw,7.6,mww
usp000jruj,5.6,mwc
usp000jrwf,5.7,mwb
usp000jrwu,5.5,mww
usp000jrza,5.7,mwb
usp000jrzt,6.1,mww
usp000js0m,5.7,mww
usp000js1a,5.9,mww
usp000js21,5.5,mwb
usp000js4e,5.6,mww
usp000js5k,5.9,mww
usp000js6n,5.5,mww
usp000js8a,5.5,mwc
usp000jsa4,6.2,mww
usp000jsad,5.5,mwc
usp000jscb,5.7,mww
usp000jsgh,5.5,mwb
usp000jsmu,5.7,mww
usp000jsq5,5.5,mww
usp000jsvz,5.5,mwb
usp000jsxq,5.6,mww
usp000jsz4,6.3,mww
usp000jt0h,6.4,mww
usp000jt4n,5.8,mww
usp000jt7t,5.5,mwb
usp000jta1,7.3,mww
usp000jtc6,6.1,mww
usp000jteb,5.5,mwb
usp000jtfv,5.7,mwb
usp000jtj4,5.7,mwb
usp000jtm0,5.5,mwb
usp000jtm4,5.5,mwc
usp000jtny,5.6,mwb
usp000jtqd,5.7,mww
usp000jtqn,5.9,mww
usp000jtqw,6.1,mww
usp000jts9,5.6,mwc
usp000jtsk,6.6,mww
usp000jtvk,5.5,mww
usp000jtvw,6.6,mww
usp000jtyn,5.8,mww
usp000jtz0,5.7,mww
usp000jtz4,5.5,mwc
usp000jtz6,5.5,mwr
usp000ju03,5.6,mww
usp000ju15,5.5,mwb
usp000ju1y,5.6,mww
usp000ju2g,5.6,mww
usp000ju30,6.0,mww
usp000ju3z,5.9,mww
usp000ju5t,5.6,mwc
usp000ju62,5.32,mw
usp000ju7q,6.2,mww
usp000ju82,5.5,mww
usp000jubp,5.9,mww
usp000jubq,5.6,mwb
usp000jubr,5.8,mww
usp000jucg,6.5,mww
usp000jue6,5.6,mww
usp000juhz,7.8,mww
usp000juj7,5.5,mwr
usp000junu,6.3,mww
usp000junz,5.6,mwr
usp000juq5,5.5,mwc
usp000juqw,5.7,mww
usp000jus5,6.2,mww
usp000juw5,5.7,mww
usp000juwz,5.5,mwb
usp000juy1,6.1,mww
usp000juz9,5.6,mww
usp000jv20,5.6,mww
usp000jv34,5.7,mww
usp000jv36,5.6,mww
usp000jv3c,5.6,mww
usp000jv3q,5.5,mwb
usp000jv5f,7.4,mww
usp000jv65,5.7,mwc
usp000jv6a,5.6,mwc
usp000jv6k,6.1,mww
usp000jvb0,6.0,mww
usp000jvbq,6.8,mww
usp000jvcs,5.8,mww
usp000jvd9,5.5,mww
usp000jvdf,6.5,mww
usp000jvfa,6.3,mww
usp000jvgu,6.1,mww
usp000jvjb,5.6,mwc
usp000jvjx,5.7,mww
usp000jvkn,6.1,mww
usp000jvkw,5.6,mww
usp000jvmj,5.9,mww
usp000jvmk,6.1,mww
usp000jvmr,5.5,mwb
usp000jvp2,5.6,mwc
usp000jvpf,6.5,mww
usp000jvpw,5.6,mww
usp000jvq1,5.9,mww
usp000jvtm,6.0,mww
usp000jvxm,5.9,mww
usp000jvy8,5.9,mww
usp000jw4d,5.7,mww
usp000jw5y,5.6,mww
usp000jw6g,5.6,mww
usp000jw7j,5.5,mwb
usp000jw7s,5.9,mww
usp000jw85,5.5,mwb
usp000jw97,5.7,mwb
usp000jwax,6.1,mww
usp000jwcx,5.6,mwc
usp000jwga,5.8,mww
usp000jwgq,5.5,mwc
usp000jwjn,7.3,mww
usp000jwjp,6.2,mww
usp000jwjv,5.51,mw
usp000jwmk,6.3,mww
usp000jwmw,5.7,mwc
usp000jwpn,5.6,mww
usp000jws0,5.6,mwb
usp000jwt8,7.1,mww
usp000jwu3,6.0,mww
usp000jwxk,5.5,mww
usp000jwyb,6.3,mww
usp000jwym,5.8,mwc
usp000jwza,6.0,mww
usp000jx05,6.1,mww
usp000jx21,5.6,mww
usp000jx2e,6.1,mww
usp000jx2v,5.9,mww
usp000jx2w,5.7,mwb
usp000jx85,6.7,mww
usp000jx9b,5.5,mww
usp000jxaj,5.7,mww
usp000jxep,5.5,mwb
usp000jxet,5.9,mww
usp000jxhm,5.5,mww
usp000jxja,5.7,mww
usp000jxjw,5.5,mww
usp000jxrn,5.6,mwb
usp000jy2b,5.7,mww
usp000jy2w,5.7,mww
usp000jy3c,5.8,mww
usp000jy5b,5.6,mww
usp000jy6c,5.7,mww
usp000jyce,5.7,mww
usp000jyev,6.1,mww
usp000jyn6,5.5,mwc
usp000jz0p,5.5,mwc
usp000jz0w,5.99,mw
usp000jz10,5.51,mw
usp000jzrc,5.17,mw
usp000jzyp,5.6,mwc
usp000k0xw,5.52,mw
uu50067050,5.6,mwc
uu60363602,5.7,mww
uw10084803,5.7,mwc
uw10306313,5.6,mwc
uw10313718,6.0,mwc
uw10313838,5.9,mwc
uw10474303,5.8,mwc
uw10530748,6.8,mww
